{"credit":"MadewithBlockbench","texture_size":[64,64],"textures":{"1":"egypt_set:egypt_set/axe","particle":"egypt_set:egypt_set/axe"},"elements":[{"from":[7.25,-1.97138,7.25],"to":[8.75,10.27862,8.75],"rotation":{"angle":0,"axis":"y","origin":[8,8,8]},"faces":{"north":{"uv":[3.25,6,3.625,9.125],"texture":"#1"},"east":{"uv":[3.75,6,4.125,9.125],"texture":"#1"},"south":{"uv":[4.25,6,4.625,9.125],"texture":"#1"},"west":{"uv":[4.75,6,5.125,9.125],"texture":"#1"},"up":{"uv":[10.125,7.375,9.75,7],"texture":"#1"},"down":{"uv":[7.625,9.75,7.25,10.125],"texture":"#1"}}},{"from":[7.15,-0.87138,7.15],"to":[8.85,5.37862,8.85],"rotation":{"angle":0,"axis":"y","origin":[8,8,8]},"faces":{"north":{"uv":[2.75,6.75,3.125,8.375],"texture":"#1"},"east":{"uv":[7,0.75,7.375,2.375],"texture":"#1"},"south":{"uv":[0,7.5,0.375,9.125],"texture":"#1"},"west":{"uv":[0.5,7.5,0.875,9.125],"texture":"#1"},"up":{"uv":[10.125,7.875,9.75,7.5],"texture":"#1"},"down":{"uv":[8.125,9.75,7.75,10.125],"texture":"#1"}}},{"from":[7.05,4.37862,7.05],"to":[8.95,4.87862,8.95],"rotation":{"angle":0,"axis":"y","origin":[8,8,8]},"faces":{"north":{"uv":[7,10.25,7.5,10.375],"texture":"#1"},"east":{"uv":[10.25,7,10.75,7.125],"texture":"#1"},"south":{"uv":[10.25,7.25,10.75,7.375],"texture":"#1"},"west":{"uv":[7.5,10.25,8,10.375],"texture":"#1"},"up":{"uv":[9.25,5.5,8.75,5],"texture":"#1"},"down":{"uv":[9.25,8.5,8.75,9],"texture":"#1"}}},{"from":[7.05,-0.37138,7.05],"to":[8.95,0.12862,8.95],"rotation":{"angle":0,"axis":"y","origin":[8,8,8]},"faces":{"north":{"uv":[10.25,7.5,10.75,7.625],"texture":"#1"},"east":{"uv":[10.25,7.75,10.75,7.875],"texture":"#1"},"south":{"uv":[8,10.25,8.5,10.375],"texture":"#1"},"west":{"uv":[10.25,8,10.75,8.125],"texture":"#1"},"up":{"uv":[9.5,0.5,9,0],"texture":"#1"},"down":{"uv":[9.5,0.5,9,1],"texture":"#1"}}},{"from":[7,-4.72138,7],"to":[9,-1.97138,9],"rotation":{"angle":0,"axis":"y","origin":[8,8,8]},"faces":{"north":{"uv":[7.25,7.75,7.75,8.5],"texture":"#1"},"east":{"uv":[7.75,7.75,8.25,8.5],"texture":"#1"},"south":{"uv":[8,0,8.5,0.75],"texture":"#1"},"west":{"uv":[8,0.75,8.5,1.5],"texture":"#1"},"up":{"uv":[9.5,1.5,9,1],"texture":"#1"},"down":{"uv":[9.5,2,9,2.5],"texture":"#1"}}},{"from":[7,10.27862,7],"to":[9,18.02862,9],"rotation":{"angle":0,"axis":"y","origin":[8,8,8]},"faces":{"north":{"uv":[6,1.25,6.5,3.25],"texture":"#1"},"east":{"uv":[5.25,6,5.75,8],"texture":"#1"},"south":{"uv":[6.5,1.25,7,3.25],"texture":"#1"},"west":{"uv":[2.25,6.75,2.75,8.75],"texture":"#1"},"up":{"uv":[9.5,3,9,2.5],"texture":"#1"},"down":{"uv":[9.5,3,9,3.5],"texture":"#1"}}},{"from":[7.25,14.27862,6],"to":[8.75,19.02862,10],"rotation":{"angle":0,"axis":"y","origin":[8,8,8]},"faces":{"north":{"uv":[7.5,0.75,7.875,2],"texture":"#1"},"east":{"uv":[2.25,5.5,3.25,6.75],"texture":"#1"},"south":{"uv":[1,7.5,1.375,8.75],"texture":"#1"},"west":{"uv":[6,0,7,1.25],"texture":"#1"},"up":{"uv":[5.625,9,5.25,8],"texture":"#1"},"down":{"uv":[1.875,8.25,1.5,9.25],"texture":"#1"}}},{"from":[7.5,11.27862,6.25],"to":[8.5,14.27862,9.75],"rotation":{"angle":0,"axis":"y","origin":[8,8,8]},"faces":{"north":{"uv":[6.75,9.5,7,10.25],"texture":"#1"},"east":{"uv":[6,3.25,6.875,4],"texture":"#1"},"south":{"uv":[7,9.5,7.25,10.25],"texture":"#1"},"west":{"uv":[7,0,7.875,0.75],"texture":"#1"},"up":{"uv":[8.75,10.125,8.5,9.25],"texture":"#1"},"down":{"uv":[9.75,5.5,9.5,6.375],"texture":"#1"}}},{"from":[7.75,8.56205,-6.80101],"to":[8.25,16.31205,2.19899],"rotation":{"angle":45,"axis":"x","origin":[8,8,8]},"faces":{"north":{"uv":[1.25,8.75,1.375,10.75],"texture":"#1"},"east":{"uv":[3.5,4,5.75,6],"texture":"#1"},"south":{"uv":[5.25,9,5.375,11],"texture":"#1"},"west":{"uv":[0,5.5,2.25,7.5],"texture":"#1"},"up":{"uv":[2.125,10.5,2,8.25],"texture":"#1"},"down":{"uv":[1.125,8.75,1,11],"texture":"#1"}}},{"from":[8,5.66205,-10.80101],"to":[8,16.31205,3.19899],"rotation":{"angle":45,"axis":"x","origin":[8,8,8]},"faces":{"north":{"uv":[0,0,0,2.75],"texture":"#1"},"east":{"uv":[0,0,3.5,2.75],"texture":"#1"},"south":{"uv":[0,0,0,2.75],"texture":"#1"},"west":{"uv":[0,2.75,3.5,5.5],"texture":"#1"},"up":{"uv":[0,3.5,0,0],"texture":"#1"},"down":{"uv":[0,0,0,3.5],"texture":"#1"}}},{"from":[7.75,8.56205,13.80101],"to":[8.25,15.31205,20.80101],"rotation":{"angle":-45,"axis":"x","origin":[8,8,8]},"faces":{"north":{"uv":[6,9.5,6.125,11.25],"texture":"#1"},"east":{"uv":[5.75,4,7.5,5.75],"texture":"#1"},"south":{"uv":[6.25,9.5,6.375,11.25],"texture":"#1"},"west":{"uv":[5.75,5.75,7.5,7.5],"texture":"#1"},"up":{"uv":[6.625,11.25,6.5,9.5],"texture":"#1"},"down":{"uv":[9.625,6.5,9.5,8.25],"texture":"#1"}}},{"from":[8,6.56205,12.80101],"to":[8,14.31205,22.80101],"rotation":{"angle":-45,"axis":"x","origin":[8,8,8]},"faces":{"north":{"uv":[0,0,0,2],"texture":"#1"},"east":{"uv":[3.5,0,6,2],"texture":"#1"},"south":{"uv":[0,0,0,2],"texture":"#1"},"west":{"uv":[3.5,2,6,4],"texture":"#1"},"up":{"uv":[0,2.5,0,0],"texture":"#1"},"down":{"uv":[0,0,0,2.5],"texture":"#1"}}},{"from":[6.75,-2.24286,16.24287],"to":[9.25,-0.24286,18.24287],"rotation":{"angle":45,"axis":"x","origin":[8,8,8]},"faces":{"north":{"uv":[8.25,6.5,8.875,7],"texture":"#1"},"east":{"uv":[9,5.5,9.5,6],"texture":"#1"},"south":{"uv":[8.25,7,8.875,7.5],"texture":"#1"},"west":{"uv":[9,6,9.5,6.5],"texture":"#1"},"up":{"uv":[8.875,8,8.25,7.5],"texture":"#1"},"down":{"uv":[8.875,8,8.25,8.5],"texture":"#1"}}},{"from":[6.9,-3.24286,15.74287],"to":[9.1,-0.99286,17.74287],"rotation":{"angle":45,"axis":"x","origin":[8,8,8]},"faces":{"north":{"uv":[8.5,0,9,0.625],"texture":"#1"},"east":{"uv":[8.5,0.75,9,1.375],"texture":"#1"},"south":{"uv":[8.5,2,9,2.625],"texture":"#1"},"west":{"uv":[2.75,8.5,3.25,9.125],"texture":"#1"},"up":{"uv":[9.5,7,9,6.5],"texture":"#1"},"down":{"uv":[9.5,7,9,7.5],"texture":"#1"}}},{"from":[7.05,-3.99286,14.24287],"to":[8.95,-1.99286,17.24287],"rotation":{"angle":45,"axis":"x","origin":[8,8,8]},"faces":{"north":{"uv":[9,7.5,9.5,8],"texture":"#1"},"east":{"uv":[7.75,3.5,8.5,4],"texture":"#1"},"south":{"uv":[9,8,9.5,8.5],"texture":"#1"},"west":{"uv":[8,1.5,8.75,2],"texture":"#1"},"up":{"uv":[8.75,4.75,8.25,4],"texture":"#1"},"down":{"uv":[8.75,4.75,8.25,5.5],"texture":"#1"}}},{"from":[7.15,-3.49286,13.49287],"to":[8.85,-1.74286,14.74287],"rotation":{"angle":45,"axis":"x","origin":[8,8,8]},"faces":{"north":{"uv":[9.5,4.5,9.875,5],"texture":"#1"},"east":{"uv":[8.75,9.5,9.125,10],"texture":"#1"},"south":{"uv":[9.25,9.5,9.625,10],"texture":"#1"},"west":{"uv":[0,9.75,0.375,10.25],"texture":"#1"},"up":{"uv":[10.125,8.375,9.75,8],"texture":"#1"},"down":{"uv":[10.125,9.5,9.75,9.875],"texture":"#1"}}},{"from":[7.25,-2.99286,12.99287],"to":[8.75,-1.49286,13.99287],"rotation":{"angle":45,"axis":"x","origin":[8,8,8]},"faces":{"north":{"uv":[10,0.5,10.375,0.875],"texture":"#1"},"east":{"uv":[10.25,0,10.5,0.375],"texture":"#1"},"south":{"uv":[10,1,10.375,1.375],"texture":"#1"},"west":{"uv":[0.5,10.25,0.75,10.625],"texture":"#1"},"up":{"uv":[1.875,10.5,1.5,10.25],"texture":"#1"},"down":{"uv":[10.625,2,10.25,2.25],"texture":"#1"}}},{"from":[7.35,-2.24286,12.74287],"to":[8.65,-0.99286,13.74287],"rotation":{"angle":45,"axis":"x","origin":[8,8,8]},"faces":{"north":{"uv":[10,1.5,10.375,1.875],"texture":"#1"},"east":{"uv":[0.75,10.25,1,10.625],"texture":"#1"},"south":{"uv":[10,4.5,10.375,4.875],"texture":"#1"},"west":{"uv":[2.25,10.25,2.5,10.625],"texture":"#1"},"up":{"uv":[10.625,2.5,10.25,2.25],"texture":"#1"},"down":{"uv":[2.875,10.25,2.5,10.5],"texture":"#1"}}},{"from":[6.5,-1.99286,16.49287],"to":[9.5,-0.49286,17.99287],"rotation":{"angle":45,"axis":"x","origin":[8,8,8]},"faces":{"north":{"uv":[8.5,3.5,9.25,3.875],"texture":"#1"},"east":{"uv":[10,8.5,10.375,8.875],"texture":"#1"},"south":{"uv":[8.75,1.5,9.5,1.875],"texture":"#1"},"west":{"uv":[8.75,10,9.125,10.375],"texture":"#1"},"up":{"uv":[9.5,4.375,8.75,4],"texture":"#1"},"down":{"uv":[9.5,4.5,8.75,4.875],"texture":"#1"}}},{"from":[6.65,20.83655,5.34575],"to":[9.35,22.33655,6.84575],"rotation":{"angle":45,"axis":"x","origin":[8,20.46155,4.09575]},"faces":{"north":{"uv":[7.75,9.25,8.375,9.625],"texture":"#1"},"east":{"uv":[10,9,10.375,9.375],"texture":"#1"},"south":{"uv":[9.25,8.5,9.875,8.875],"texture":"#1"},"west":{"uv":[9.25,10,9.625,10.375],"texture":"#1"},"up":{"uv":[9.875,9.375,9.25,9],"texture":"#1"},"down":{"uv":[10.125,0,9.5,0.375],"texture":"#1"}}},{"from":[7.15,21.33655,4.59575],"to":[8.85,23.58655,6.59575],"rotation":{"angle":45,"axis":"x","origin":[8,20.46155,4.09575]},"faces":{"north":{"uv":[9.5,0.5,9.875,1.125],"texture":"#1"},"east":{"uv":[8.5,2.75,9,3.375],"texture":"#1"},"south":{"uv":[9.5,1.25,9.875,1.875],"texture":"#1"},"west":{"uv":[7.25,8.5,7.75,9.125],"texture":"#1"},"up":{"uv":[0.875,10.25,0.5,9.75],"texture":"#1"},"down":{"uv":[1.875,9.75,1.5,10.25],"texture":"#1"}}},{"from":[7,20.58655,5.09575],"to":[9,22.58655,7.09575],"rotation":{"angle":45,"axis":"x","origin":[8,20.46155,4.09575]},"faces":{"north":{"uv":[8.75,9,9.25,9.5],"texture":"#1"},"east":{"uv":[0,9.25,0.5,9.75],"texture":"#1"},"south":{"uv":[0.5,9.25,1,9.75],"texture":"#1"},"west":{"uv":[1.5,9.25,2,9.75],"texture":"#1"},"up":{"uv":[3.25,9.75,2.75,9.25],"texture":"#1"},"down":{"uv":[3.75,9.25,3.25,9.75],"texture":"#1"}}},{"from":[7.3,22.33655,3.09575],"to":[8.7,24.33655,6.09575],"rotation":{"angle":45,"axis":"x","origin":[8,20.46155,4.09575]},"faces":{"north":{"uv":[2.75,9.75,3.125,10.25],"texture":"#1"},"east":{"uv":[8.25,5.5,9,6],"texture":"#1"},"south":{"uv":[3.25,9.75,3.625,10.25],"texture":"#1"},"west":{"uv":[5.75,8.25,6.5,8.75],"texture":"#1"},"up":{"uv":[2.625,9.5,2.25,8.75],"texture":"#1"},"down":{"uv":[6.125,8.75,5.75,9.5],"texture":"#1"}}},{"from":[7.4,22.08655,2.34575],"to":[8.6,23.83655,3.59575],"rotation":{"angle":45,"axis":"x","origin":[8,20.46155,4.09575]},"faces":{"north":{"uv":[3.25,5.5,3.5,6],"texture":"#1"},"east":{"uv":[9.75,3.5,10.125,4],"texture":"#1"},"south":{"uv":[7.5,2,7.75,2.5],"texture":"#1"},"west":{"uv":[3.75,9.75,4.125,10.25],"texture":"#1"},"up":{"uv":[10.5,2.875,10.25,2.5],"texture":"#1"},"down":{"uv":[3.25,10.25,3,10.625],"texture":"#1"}}},{"from":[7.5,21.83655,1.84575],"to":[8.5,23.33655,2.84575],"rotation":{"angle":45,"axis":"x","origin":[8,20.46155,4.09575]},"faces":{"north":{"uv":[10.25,3,10.5,3.375],"texture":"#1"},"east":{"uv":[3.25,10.25,3.5,10.625],"texture":"#1"},"south":{"uv":[3.5,10.25,3.75,10.625],"texture":"#1"},"west":{"uv":[10.25,3.5,10.5,3.875],"texture":"#1"},"up":{"uv":[7.5,7.75,7.25,7.5],"texture":"#1"},"down":{"uv":[9.75,8.25,9.5,8.5],"texture":"#1"}}},{"from":[7.6,21.33655,1.59575],"to":[8.4,22.58655,2.59575],"rotation":{"angle":45,"axis":"x","origin":[8,20.46155,4.09575]},"faces":{"north":{"uv":[3.75,10.25,4,10.625],"texture":"#1"},"east":{"uv":[4,10.25,4.25,10.625],"texture":"#1"},"south":{"uv":[10.25,4,10.5,4.375],"texture":"#1"},"west":{"uv":[4.25,10.25,4.5,10.625],"texture":"#1"},"up":{"uv":[10.5,8.5,10.25,8.25],"texture":"#1"},"down":{"uv":[8.75,10.25,8.5,10.5],"texture":"#1"}}},{"from":[6.65,18.83655,9.15425],"to":[9.35,20.33655,10.65425],"rotation":{"angle":0,"axis":"y","origin":[8,20.46155,11.90425]},"faces":{"north":{"uv":[9.5,2,10.125,2.375],"texture":"#1"},"east":{"uv":[9.75,10,10.125,10.375],"texture":"#1"},"south":{"uv":[9.5,2.5,10.125,2.875],"texture":"#1"},"west":{"uv":[0,10.25,0.375,10.625],"texture":"#1"},"up":{"uv":[10.125,3.375,9.5,3],"texture":"#1"},"down":{"uv":[10.125,4,9.5,4.375],"texture":"#1"}}},{"from":[7,18.58655,8.90425],"to":[9,20.58655,10.90425],"rotation":{"angle":0,"axis":"y","origin":[8,20.46155,11.90425]},"faces":{"north":{"uv":[9.25,3.5,9.75,4],"texture":"#1"},"east":{"uv":[3.75,9.25,4.25,9.75],"texture":"#1"},"south":{"uv":[4.25,9.25,4.75,9.75],"texture":"#1"},"west":{"uv":[4.75,9.25,5.25,9.75],"texture":"#1"},"up":{"uv":[9.75,5.5,9.25,5],"texture":"#1"},"down":{"uv":[7.75,9.25,7.25,9.75],"texture":"#1"}}},{"from":[7.15,19.33655,9.40425],"to":[8.85,21.58655,11.40425],"rotation":{"angle":0,"axis":"y","origin":[8,20.46155,11.90425]},"faces":{"north":{"uv":[2.25,9.5,2.625,10.125],"texture":"#1"},"east":{"uv":[7.75,8.5,8.25,9.125],"texture":"#1"},"south":{"uv":[5.5,9.5,5.875,10.125],"texture":"#1"},"west":{"uv":[8.25,8.5,8.75,9.125],"texture":"#1"},"up":{"uv":[4.625,10.25,4.25,9.75],"texture":"#1"},"down":{"uv":[5.125,9.75,4.75,10.25],"texture":"#1"}}},{"from":[7.3,20.33655,9.90425],"to":[8.7,22.33655,12.90425],"rotation":{"angle":0,"axis":"y","origin":[8,20.46155,11.90425]},"faces":{"north":{"uv":[9.75,5,10.125,5.5],"texture":"#1"},"east":{"uv":[8.25,6,9,6.5],"texture":"#1"},"south":{"uv":[9.75,5.5,10.125,6],"texture":"#1"},"west":{"uv":[6.5,8.25,7.25,8.75],"texture":"#1"},"up":{"uv":[6.625,9.5,6.25,8.75],"texture":"#1"},"down":{"uv":[7.125,8.75,6.75,9.5],"texture":"#1"}}},{"from":[7.4,20.08655,12.40425],"to":[8.6,21.83655,13.65425],"rotation":{"angle":0,"axis":"y","origin":[8,20.46155,11.90425]},"faces":{"north":{"uv":[5.5,9,5.75,9.5],"texture":"#1"},"east":{"uv":[9.75,6,10.125,6.5],"texture":"#1"},"south":{"uv":[8.25,9.75,8.5,10.25],"texture":"#1"},"west":{"uv":[9.75,6.5,10.125,7],"texture":"#1"},"up":{"uv":[4.75,10.625,4.5,10.25],"texture":"#1"},"down":{"uv":[5,10.25,4.75,10.625],"texture":"#1"}}},{"from":[7.5,19.83655,13.15425],"to":[8.5,21.33655,14.15425],"rotation":{"angle":0,"axis":"y","origin":[8,20.46155,11.90425]},"faces":{"north":{"uv":[5,10.25,5.25,10.625],"texture":"#1"},"east":{"uv":[10.25,5,10.5,5.375],"texture":"#1"},"south":{"uv":[5.5,10.25,5.75,10.625],"texture":"#1"},"west":{"uv":[10.25,5.5,10.5,5.875],"texture":"#1"},"up":{"uv":[10.5,9.75,10.25,9.5],"texture":"#1"},"down":{"uv":[10.5,9.75,10.25,10],"texture":"#1"}}},{"from":[7.6,19.33655,13.40425],"to":[8.4,20.58655,14.40425],"rotation":{"angle":0,"axis":"y","origin":[8,20.46155,11.90425]},"faces":{"north":{"uv":[5.75,10.25,6,10.625],"texture":"#1"},"east":{"uv":[10.25,6,10.5,6.375],"texture":"#1"},"south":{"uv":[10.25,6.5,10.5,6.875],"texture":"#1"},"west":{"uv":[6.75,10.25,7,10.625],"texture":"#1"},"up":{"uv":[10.5,10.25,10.25,10],"texture":"#1"},"down":{"uv":[10.5,10.25,10.25,10.5],"texture":"#1"}}},{"from":[6.75,13.96944,-0.96944],"to":[9.25,16.96944,2.03056],"rotation":{"angle":45,"axis":"x","origin":[8,8,8]},"faces":{"north":{"uv":[1.5,7.5,2.125,8.25],"texture":"#1"},"east":{"uv":[7,2.5,7.75,3.25],"texture":"#1"},"south":{"uv":[7.5,4,8.125,4.75],"texture":"#1"},"west":{"uv":[7,3.25,7.75,4],"texture":"#1"},"up":{"uv":[8.125,5.5,7.5,4.75],"texture":"#1"},"down":{"uv":[8.125,5.5,7.5,6.25],"texture":"#1"}}},{"from":[6.5,14.21944,-0.71944],"to":[9.5,16.71944,1.78056],"rotation":{"angle":45,"axis":"x","origin":[8,8,8]},"faces":{"north":{"uv":[5.75,7.5,6.5,8.125],"texture":"#1"},"east":{"uv":[7.75,2,8.375,2.625],"texture":"#1"},"south":{"uv":[7.5,6.25,8.25,6.875],"texture":"#1"},"west":{"uv":[7.75,2.75,8.375,3.375],"texture":"#1"},"up":{"uv":[7.25,8.125,6.5,7.5],"texture":"#1"},"down":{"uv":[8.25,7,7.5,7.625],"texture":"#1"}}}],"gui_light":"front","display":{"thirdperson_righthand":{"translation":[0,1.75,1],"scale":[0.65,0.65,0.65]},"thirdperson_lefthand":{"translation":[0,1.75,1],"scale":[0.65,0.65,0.65]},"firstperson_righthand":{"rotation":[-22.67,-4.79,3.69],"translation":[6.5,1,-3.75],"scale":[0.86133,0.86133,0.86133]},"firstperson_lefthand":{"rotation":[-22.67,-4.79,3.69],"translation":[6.5,1,-3.75],"scale":[0.86133,0.86133,0.86133]},"ground":{"rotation":[0,0,90],"translation":[0,-1.25,0],"scale":[0.69141,0.69141,0.69141]},"gui":{"rotation":[-80,45,90],"translation":[2.25,-0.75,0],"scale":[0.47852,0.47852,0.47852]},"head":{"scale":[0,0,0]},"fixed":{"rotation":[-90,-90,-90],"translation":[0,-0.25,-2.5],"scale":[1.24609,1.24609,1.24609]}},"groups":[{"name":"group","origin":[8,0.92862,8],"color":0,"nbt":"{}","armAnimationEnabled":false,"children":[0,1,2,3,4,5,6,7,8,9,10,11,12,13,14,15,16,17,18,19,20,21,22,23,24,25,26,27,28,29,30,31,32,33,34]}]}