{"credit":"MadewithBlockbench","texture_size":[32,32],"textures":{"1":"egypt_set:egypt_set/shield"},"elements":[{"from":[5,1,9],"to":[6.5,2,11.1],"rotation":{"angle":0,"axis":"y","origin":[8,8,8]},"faces":{"north":{"uv":[14,9.5,14.75,10],"texture":"#1"},"east":{"uv":[13.5,0,14.5,0.5],"texture":"#1"},"south":{"uv":[10,14,10.75,14.5],"texture":"#1"},"west":{"uv":[7,4.5,8,5],"texture":"#1"},"up":{"uv":[11.5,10.25,10.5,9.5],"rotation":270,"texture":"#1"},"down":{"uv":[11.5,10.5,10.5,11.25],"rotation":90,"texture":"#1"}}},{"from":[5,14,9],"to":[6.5,15,11.1],"rotation":{"angle":0,"axis":"y","origin":[8,8,8]},"faces":{"north":{"uv":[14,10,14.75,10.5],"texture":"#1"},"east":{"uv":[1,13.5,2,14],"texture":"#1"},"south":{"uv":[11,14,11.75,14.5],"texture":"#1"},"west":{"uv":[13.5,0.5,14.5,1],"texture":"#1"},"up":{"uv":[1,11.75,0,11],"rotation":270,"texture":"#1"},"down":{"uv":[12,1.5,11,2.25],"rotation":90,"texture":"#1"}}},{"from":[5.25,3,7],"to":[6.25,13,9],"rotation":{"angle":0,"axis":"y","origin":[8,8,8]},"faces":{"north":{"uv":[2,7.5,2.5,12.5],"texture":"#1"},"east":{"uv":[5,0,6,5],"texture":"#1"},"south":{"uv":[2.5,7.5,3,12.5],"texture":"#1"},"west":{"uv":[4,0,5,5],"texture":"#1"},"up":{"uv":[3,14,2,13.5],"rotation":270,"texture":"#1"},"down":{"uv":[14.5,6,13.5,6.5],"rotation":90,"texture":"#1"}}},{"from":[5,13,7],"to":[6.5,14.5,9],"rotation":{"angle":0,"axis":"y","origin":[8,8,8]},"faces":{"north":{"uv":[13,7.5,13.75,8.25],"texture":"#1"},"east":{"uv":[11,3.5,12,4.25],"texture":"#1"},"south":{"uv":[9.5,13,10.25,13.75],"texture":"#1"},"west":{"uv":[11,2.5,12,3.25],"texture":"#1"},"up":{"uv":[12,5.25,11,4.5],"rotation":270,"texture":"#1"},"down":{"uv":[12,5.5,11,6.25],"rotation":90,"texture":"#1"}}},{"from":[6.25,6.5,5],"to":[7.25,9.5,11],"rotation":{"angle":0,"axis":"y","origin":[8,8,8]},"faces":{"north":{"uv":[9.5,6,10,7.5],"texture":"#1"},"east":{"uv":[6,5,8,6.5],"texture":"#1"},"south":{"uv":[9.5,10.5,10,12],"texture":"#1"},"west":{"uv":[1,6,3,7.5],"texture":"#1"},"up":{"uv":[12.5,0.5,10.5,0],"rotation":270,"texture":"#1"},"down":{"uv":[12.5,0.5,10.5,1],"rotation":90,"texture":"#1"}}},{"from":[9.75,6.5,5],"to":[10.75,9.5,11],"rotation":{"angle":0,"axis":"y","origin":[8,8,8]},"faces":{"north":{"uv":[11,6.5,11.5,8],"texture":"#1"},"east":{"uv":[7,0,9,1.5],"texture":"#1"},"south":{"uv":[7,11,7.5,12.5],"texture":"#1"},"west":{"uv":[6,6.5,8,8],"texture":"#1"},"up":{"uv":[12.5,1.5,10.5,1],"rotation":270,"texture":"#1"},"down":{"uv":[12.5,9,10.5,9.5],"rotation":90,"texture":"#1"}}},{"from":[7.25,6.5,10],"to":[9.75,9.5,11],"rotation":{"angle":0,"axis":"y","origin":[8,8,8]},"faces":{"north":{"uv":[8.5,7.5,9.75,9],"texture":"#1"},"east":{"uv":[11.5,6.5,12,8],"texture":"#1"},"south":{"uv":[9,0,10.25,1.5],"texture":"#1"},"west":{"uv":[7.5,11,8,12.5],"texture":"#1"},"up":{"uv":[6.5,14.25,6,13],"rotation":270,"texture":"#1"},"down":{"uv":[13.5,6,13,7.25],"rotation":90,"texture":"#1"}}},{"from":[7.25,6.5,5],"to":[9.75,9.5,6],"rotation":{"angle":0,"axis":"y","origin":[8,8,8]},"faces":{"north":{"uv":[8.5,9,9.75,10.5],"texture":"#1"},"east":{"uv":[11.5,9.5,12,11],"texture":"#1"},"south":{"uv":[9.5,1.5,10.75,3],"texture":"#1"},"west":{"uv":[8,11.5,8.5,13],"texture":"#1"},"up":{"uv":[7,14.25,6.5,13],"rotation":270,"texture":"#1"},"down":{"uv":[8.5,13,8,14.25],"rotation":90,"texture":"#1"}}},{"from":[5,1.5,7],"to":[6.5,3,9],"rotation":{"angle":0,"axis":"y","origin":[8,8,8]},"faces":{"north":{"uv":[13,9.5,13.75,10.25],"texture":"#1"},"east":{"uv":[10.5,11.5,11.5,12.25],"texture":"#1"},"south":{"uv":[11.5,13,12.25,13.75],"texture":"#1"},"west":{"uv":[11,8,12,8.75],"texture":"#1"},"up":{"uv":[12.5,11.75,11.5,11],"rotation":270,"texture":"#1"},"down":{"uv":[1,12,0,12.75],"rotation":90,"texture":"#1"}}},{"from":[5.25,2,9],"to":[6.25,14,11],"rotation":{"angle":0,"axis":"y","origin":[8,8,8]},"faces":{"north":{"uv":[3,6,3.5,12],"texture":"#1"},"east":{"uv":[1,0,2,6],"texture":"#1"},"south":{"uv":[3.5,6,4,12],"texture":"#1"},"west":{"uv":[0,0,1,6],"texture":"#1"},"up":{"uv":[14.5,7,13.5,6.5],"rotation":270,"texture":"#1"},"down":{"uv":[8,13.5,7,14],"rotation":90,"texture":"#1"}}},{"from":[4.31128,3,9.71926],"to":[5.31128,13,11.71926],"rotation":{"angle":22.5,"axis":"y","origin":[8,8,8]},"faces":{"north":{"uv":[8,1.5,8.5,6.5],"texture":"#1"},"east":{"uv":[5,5,6,10],"texture":"#1"},"south":{"uv":[6,8,6.5,13],"texture":"#1"},"west":{"uv":[4,5,5,10],"texture":"#1"},"up":{"uv":[14.5,7.5,13.5,7],"rotation":270,"texture":"#1"},"down":{"uv":[9.5,13.5,8.5,14],"rotation":90,"texture":"#1"}}},{"from":[4.06128,13,9.71926],"to":[5.56128,14,11.71926],"rotation":{"angle":22.5,"axis":"y","origin":[8,8,8]},"faces":{"north":{"uv":[12,14,12.75,14.5],"texture":"#1"},"east":{"uv":[13.5,9,14.5,9.5],"texture":"#1"},"south":{"uv":[14,12.5,14.75,13],"texture":"#1"},"west":{"uv":[13.5,8.5,14.5,9],"texture":"#1"},"up":{"uv":[13,2.25,12,1.5],"rotation":270,"texture":"#1"},"down":{"uv":[13,2.5,12,3.25],"rotation":90,"texture":"#1"}}},{"from":[4.06128,2,9.71926],"to":[5.56128,3,11.71926],"rotation":{"angle":22.5,"axis":"y","origin":[8,8,8]},"faces":{"north":{"uv":[14,13,14.75,13.5],"texture":"#1"},"east":{"uv":[13.5,10.5,14.5,11],"texture":"#1"},"south":{"uv":[14,13.5,14.75,14],"texture":"#1"},"west":{"uv":[10.5,13.5,11.5,14],"texture":"#1"},"up":{"uv":[4,12.75,3,12],"rotation":270,"texture":"#1"},"down":{"uv":[13,3.5,12,4.25],"rotation":90,"texture":"#1"}}},{"from":[4.06128,14,9.71926],"to":[5.56128,15,10.71926],"rotation":{"angle":22.5,"axis":"y","origin":[8,8,8]},"faces":{"north":{"uv":[14,14,14.75,14.5],"texture":"#1"},"east":{"uv":[12,10.5,12.5,11],"texture":"#1"},"south":{"uv":[14.5,0,15.25,0.5],"texture":"#1"},"west":{"uv":[12,8.5,12.5,9],"texture":"#1"},"up":{"uv":[13.5,14.75,13,14],"rotation":270,"texture":"#1"},"down":{"uv":[1.5,14.5,1,15.25],"rotation":90,"texture":"#1"}}},{"from":[4.06128,1,9.71926],"to":[5.56128,2,10.71926],"rotation":{"angle":22.5,"axis":"y","origin":[8,8,8]},"faces":{"north":{"uv":[14.5,0.5,15.25,1],"texture":"#1"},"east":{"uv":[15,6.5,15.5,7],"texture":"#1"},"south":{"uv":[1.5,14.5,2.25,15],"texture":"#1"},"west":{"uv":[12.5,1,13,1.5],"texture":"#1"},"up":{"uv":[3,15.25,2.5,14.5],"rotation":270,"texture":"#1"},"down":{"uv":[3.5,14.5,3,15.25],"rotation":90,"texture":"#1"}}},{"from":[4.31128,5,11.71926],"to":[5.31128,11,12.71926],"rotation":{"angle":22.5,"axis":"y","origin":[8,8,8]},"faces":{"north":{"uv":[10,3,10.5,6],"texture":"#1"},"east":{"uv":[4,10,4.5,13],"texture":"#1"},"south":{"uv":[4.5,10,5,13],"texture":"#1"},"west":{"uv":[9.5,3,10,6],"texture":"#1"},"up":{"uv":[10,15.5,9.5,15],"rotation":270,"texture":"#1"},"down":{"uv":[15.5,9.5,15,10],"rotation":90,"texture":"#1"}}},{"from":[4.06128,11,11.71926],"to":[5.56128,12,13.71926],"rotation":{"angle":22.5,"axis":"y","origin":[8,8,8]},"faces":{"north":{"uv":[3.5,14.5,4.25,15],"texture":"#1"},"east":{"uv":[13.5,11.5,14.5,12],"texture":"#1"},"south":{"uv":[14.5,5,15.25,5.5],"texture":"#1"},"west":{"uv":[13.5,11,14.5,11.5],"texture":"#1"},"up":{"uv":[13,5.25,12,4.5],"rotation":270,"texture":"#1"},"down":{"uv":[13,5.5,12,6.25],"rotation":90,"texture":"#1"}}},{"from":[4.06128,4,11.71926],"to":[5.56128,5,13.71926],"rotation":{"angle":22.5,"axis":"y","origin":[8,8,8]},"faces":{"north":{"uv":[14.5,5.5,15.25,6],"texture":"#1"},"east":{"uv":[12.5,13.5,13.5,14],"texture":"#1"},"south":{"uv":[6,14.5,6.75,15],"texture":"#1"},"west":{"uv":[13.5,12,14.5,12.5],"texture":"#1"},"up":{"uv":[13,7.25,12,6.5],"rotation":270,"texture":"#1"},"down":{"uv":[13,7.5,12,8.25],"rotation":90,"texture":"#1"}}},{"from":[4.06128,12,11.71926],"to":[5.56128,14,12.71926],"rotation":{"angle":22.5,"axis":"y","origin":[8,8,8]},"faces":{"north":{"uv":[9.5,12,10.25,13],"texture":"#1"},"east":{"uv":[13.5,13.5,14,14.5],"texture":"#1"},"south":{"uv":[12,9.5,12.75,10.5],"texture":"#1"},"west":{"uv":[13.5,12.5,14,13.5],"texture":"#1"},"up":{"uv":[5,15.25,4.5,14.5],"rotation":270,"texture":"#1"},"down":{"uv":[15,6,14.5,6.75],"rotation":90,"texture":"#1"}}},{"from":[4.06128,2,11.71926],"to":[5.56128,4,12.71926],"rotation":{"angle":22.5,"axis":"y","origin":[8,8,8]},"faces":{"north":{"uv":[11.5,12,12.25,13],"texture":"#1"},"east":{"uv":[0.5,14,1,15],"texture":"#1"},"south":{"uv":[12.5,0,13.25,1],"texture":"#1"},"west":{"uv":[0,14,0.5,15],"texture":"#1"},"up":{"uv":[7.5,15.25,7,14.5],"rotation":270,"texture":"#1"},"down":{"uv":[8,14.5,7.5,15.25],"rotation":90,"texture":"#1"}}},{"from":[4.06128,5,12.71926],"to":[5.56128,11,13.71926],"rotation":{"angle":22.5,"axis":"y","origin":[8,8,8]},"faces":{"north":{"uv":[7,1.5,7.75,4.5],"texture":"#1"},"east":{"uv":[5.5,10,6,13],"texture":"#1"},"south":{"uv":[7,8,7.75,11],"texture":"#1"},"west":{"uv":[5,10,5.5,13],"texture":"#1"},"up":{"uv":[8.5,15.25,8,14.5],"rotation":270,"texture":"#1"},"down":{"uv":[9,14.5,8.5,15.25],"rotation":90,"texture":"#1"}}},{"from":[5.25,2,5],"to":[6.25,14,7],"rotation":{"angle":0,"axis":"y","origin":[8,8,8]},"faces":{"north":{"uv":[1,7.5,1.5,13.5],"texture":"#1"},"east":{"uv":[3,0,4,6],"texture":"#1"},"south":{"uv":[1.5,7.5,2,13.5],"texture":"#1"},"west":{"uv":[2,0,3,6],"texture":"#1"},"up":{"uv":[2,14.5,1,14],"rotation":270,"texture":"#1"},"down":{"uv":[15,1,14,1.5],"rotation":90,"texture":"#1"}}},{"from":[5,1,4.9],"to":[6.5,2,7],"rotation":{"angle":0,"axis":"y","origin":[8,8,8]},"faces":{"north":{"uv":[14.5,7,15.25,7.5],"texture":"#1"},"east":{"uv":[2,14,3,14.5],"texture":"#1"},"south":{"uv":[14.5,8.5,15.25,9],"texture":"#1"},"west":{"uv":[14,1.5,15,2],"texture":"#1"},"up":{"uv":[3,13.25,2,12.5],"rotation":270,"texture":"#1"},"down":{"uv":[8,12.5,7,13.25],"rotation":90,"texture":"#1"}}},{"from":[4.06128,2,4.28074],"to":[5.56128,3,6.28074],"rotation":{"angle":-22.5,"axis":"y","origin":[8,8,8]},"faces":{"north":{"uv":[14.5,9,15.25,9.5],"texture":"#1"},"east":{"uv":[14,2.5,15,3],"texture":"#1"},"south":{"uv":[10,14.5,10.75,15],"texture":"#1"},"west":{"uv":[14,2,15,2.5],"texture":"#1"},"up":{"uv":[13.5,9.25,12.5,8.5],"rotation":270,"texture":"#1"},"down":{"uv":[11.5,12.5,10.5,13.25],"rotation":90,"texture":"#1"}}},{"from":[4.06128,1,5.28074],"to":[5.56128,2,6.28074],"rotation":{"angle":-22.5,"axis":"y","origin":[8,8,8]},"faces":{"north":{"uv":[14.5,10.5,15.25,11],"texture":"#1"},"east":{"uv":[15,10,15.5,10.5],"texture":"#1"},"south":{"uv":[11,14.5,11.75,15],"texture":"#1"},"west":{"uv":[10,15,10.5,15.5],"texture":"#1"},"up":{"uv":[9.5,15.25,9,14.5],"rotation":270,"texture":"#1"},"down":{"uv":[15,11,14.5,11.75],"rotation":90,"texture":"#1"}}},{"from":[4.31128,3,4.28074],"to":[5.31128,13,6.28074],"rotation":{"angle":-22.5,"axis":"y","origin":[8,8,8]},"faces":{"north":{"uv":[6.5,8,7,13],"texture":"#1"},"east":{"uv":[6,0,7,5],"texture":"#1"},"south":{"uv":[8,6.5,8.5,11.5],"texture":"#1"},"west":{"uv":[0,6,1,11],"texture":"#1"},"up":{"uv":[4,14.5,3,14],"rotation":270,"texture":"#1"},"down":{"uv":[15,3,14,3.5],"rotation":90,"texture":"#1"}}},{"from":[5,14,4.9],"to":[6.5,15,7],"rotation":{"angle":0,"axis":"y","origin":[8,8,8]},"faces":{"north":{"uv":[12,14.5,12.75,15],"texture":"#1"},"east":{"uv":[4,14,5,14.5],"texture":"#1"},"south":{"uv":[14.5,12,15.25,12.5],"texture":"#1"},"west":{"uv":[14,3.5,15,4],"texture":"#1"},"up":{"uv":[13.5,11.25,12.5,10.5],"rotation":270,"texture":"#1"},"down":{"uv":[13.5,11.5,12.5,12.25],"rotation":90,"texture":"#1"}}},{"from":[4.06128,14,5.28074],"to":[5.56128,15,6.28074],"rotation":{"angle":-22.5,"axis":"y","origin":[8,8,8]},"faces":{"north":{"uv":[13.5,14.5,14.25,15],"texture":"#1"},"east":{"uv":[11,15,11.5,15.5],"texture":"#1"},"south":{"uv":[14.5,14.5,15.25,15],"texture":"#1"},"west":{"uv":[10.5,15,11,15.5],"texture":"#1"},"up":{"uv":[0.5,15.75,0,15],"rotation":270,"texture":"#1"},"down":{"uv":[1,15,0.5,15.75],"rotation":90,"texture":"#1"}}},{"from":[4.06128,13,4.28074],"to":[5.56128,14,6.28074],"rotation":{"angle":-22.5,"axis":"y","origin":[8,8,8]},"faces":{"north":{"uv":[15,1,15.75,1.5],"texture":"#1"},"east":{"uv":[14,4.5,15,5],"texture":"#1"},"south":{"uv":[1.5,15,2.25,15.5],"texture":"#1"},"west":{"uv":[14,4,15,4.5],"texture":"#1"},"up":{"uv":[13.5,13.25,12.5,12.5],"rotation":270,"texture":"#1"},"down":{"uv":[1,13,0,13.75],"rotation":90,"texture":"#1"}}},{"from":[4.06128,12,3.28074],"to":[5.56128,14,4.28074],"rotation":{"angle":-22.5,"axis":"y","origin":[8,8,8]},"faces":{"north":{"uv":[13,1,13.75,2],"texture":"#1"},"east":{"uv":[14,5,14.5,6],"texture":"#1"},"south":{"uv":[13,2,13.75,3],"texture":"#1"},"west":{"uv":[5,14,5.5,15],"texture":"#1"},"up":{"uv":[15.5,2.25,15,1.5],"rotation":270,"texture":"#1"},"down":{"uv":[15.5,2.5,15,3.25],"rotation":90,"texture":"#1"}}},{"from":[4.06128,11,2.28074],"to":[5.56128,12,4.28074],"rotation":{"angle":-22.5,"axis":"y","origin":[8,8,8]},"faces":{"north":{"uv":[3.5,15,4.25,15.5],"texture":"#1"},"east":{"uv":[14,7.5,15,8],"texture":"#1"},"south":{"uv":[15,3.5,15.75,4],"texture":"#1"},"west":{"uv":[7,14,8,14.5],"texture":"#1"},"up":{"uv":[4,13.75,3,13],"rotation":270,"texture":"#1"},"down":{"uv":[14,3,13,3.75],"rotation":90,"texture":"#1"}}},{"from":[4.06128,5,2.28074],"to":[5.56128,11,3.28074],"rotation":{"angle":-22.5,"axis":"y","origin":[8,8,8]},"faces":{"north":{"uv":[8.5,1.5,9.25,4.5],"texture":"#1"},"east":{"uv":[10,9,10.5,12],"texture":"#1"},"south":{"uv":[8.5,4.5,9.25,7.5],"texture":"#1"},"west":{"uv":[10,6,10.5,9],"texture":"#1"},"up":{"uv":[15.5,4.75,15,4],"rotation":270,"texture":"#1"},"down":{"uv":[5.5,15,5,15.75],"rotation":90,"texture":"#1"}}},{"from":[4.31128,5,3.28074],"to":[5.31128,11,4.28074],"rotation":{"angle":-22.5,"axis":"y","origin":[8,8,8]},"faces":{"north":{"uv":[10.5,6,11,9],"texture":"#1"},"east":{"uv":[8.5,10.5,9,13.5],"texture":"#1"},"south":{"uv":[9,10.5,9.5,13.5],"texture":"#1"},"west":{"uv":[10.5,3,11,6],"texture":"#1"},"up":{"uv":[15.5,11.5,15,11],"rotation":270,"texture":"#1"},"down":{"uv":[12,15,11.5,15.5],"rotation":90,"texture":"#1"}}},{"from":[4.06128,4,2.28074],"to":[5.56128,5,4.28074],"rotation":{"angle":-22.5,"axis":"y","origin":[8,8,8]},"faces":{"north":{"uv":[5.5,15,6.25,15.5],"texture":"#1"},"east":{"uv":[8.5,14,9.5,14.5],"texture":"#1"},"south":{"uv":[15,6,15.75,6.5],"texture":"#1"},"west":{"uv":[14,8,15,8.5],"texture":"#1"},"up":{"uv":[5,13.75,4,13],"rotation":270,"texture":"#1"},"down":{"uv":[14,4,13,4.75],"rotation":90,"texture":"#1"}}},{"from":[4.06128,2,3.28074],"to":[5.56128,4,4.28074],"rotation":{"angle":-22.5,"axis":"y","origin":[8,8,8]},"faces":{"north":{"uv":[5,13,5.75,14],"texture":"#1"},"east":{"uv":[9.5,14,10,15],"texture":"#1"},"south":{"uv":[13,5,13.75,6],"texture":"#1"},"west":{"uv":[5.5,14,6,15],"texture":"#1"},"up":{"uv":[7,15.75,6.5,15],"rotation":270,"texture":"#1"},"down":{"uv":[15.5,7.5,15,8.25],"rotation":90,"texture":"#1"}}}],"gui_light":"front","display":{"thirdperson_righthand":{"rotation":[-180,0,-180],"translation":[1.75,-2,1.75]},"thirdperson_lefthand":{"rotation":[-180,-180,-180],"translation":[1.75,-2,1.75]},"firstperson_righthand":{"rotation":[0,-90,0],"translation":[-3.5,2.25,4.75],"scale":[0.70117,0.70117,0.70117]},"firstperson_lefthand":{"rotation":[0,-90,0],"translation":[-3.5,2.25,4.75],"scale":[0.70117,0.70117,0.70117]},"ground":{"rotation":[-19.23,-3,-72.36]},"gui":{"rotation":[-80,90,90],"scale":[0.74414,0.74414,0.74414]},"head":{"scale":[0,0,0]},"fixed":{"rotation":[-18,-90,0],"translation":[0,1,-3.5],"scale":[2.20703,2.20703,2.20703]}},"groups":[{"name":"group","origin":[5.19134,9,5.71194],"color":0,"nbt":"{}","armAnimationEnabled":false,"children":[0,1,2,3,4,5,6,7,8,9,10,11,12,13,14,15,16,17,18,19,20,21,22,23,24,25,26,27,28,29,30,31,32,33,34]}]}