{"credit":"Made with Blockbench","texture_size":[32,32],"textures":{"1":"steampunk:steampunk_bow","2":"steampunk:steampunk_eff_1","3":"steampunk:steampunk_eff_2_silver","4":"steampunk:steampunk_eff_3_red","particle":"steampunk:steampunk_eff_1"},"elements":[{"name":"0","from":[7.25,8,0],"to":[8.75,9,11],"rotation":{"angle":0,"axis":"y","origin":[8,5.60773,9.30011]},"faces":{"north":{"uv":[12,3.5,12.75,4],"texture":"#1"},"east":{"uv":[2,0,7.5,0.5],"texture":"#1"},"west":{"uv":[2,0.5,7.5,1],"texture":"#1"},"up":{"uv":[0.75,5.5,0,0],"texture":"#1"},"down":{"uv":[1.75,0,1,5.5],"texture":"#1"}}},{"name":"0","from":[8,4.3,-1],"to":[8,11.3,10],"rotation":{"angle":0,"axis":"x","origin":[8,5.8,4.5]},"faces":{"east":{"uv":[0,0,16,16],"rotation":270,"texture":"#2"},"west":{"uv":[16,0,0,16],"rotation":90,"texture":"#2"}}},{"name":"0","from":[6.85,7.3,12.5],"to":[6.85,10.3,15.5],"rotation":{"angle":0,"axis":"x","origin":[6.8,8.05,14.5]},"faces":{"east":{"uv":[0,0,16,16],"rotation":270,"texture":"#3"},"west":{"uv":[16,0,0,16],"rotation":90,"texture":"#3"}}},{"name":"0","from":[8,1.3,14.75],"to":[8,10.3,23.75],"rotation":{"angle":0,"axis":"x","origin":[8,5.8,19.25]},"faces":{"east":{"uv":[0,16,16,0],"rotation":270,"texture":"#4"},"west":{"uv":[16,16,0,0],"rotation":90,"texture":"#4"}}},{"name":"0","from":[6.75,6.3,14],"to":[6.75,8.3,16],"rotation":{"angle":0,"axis":"x","origin":[6.8,8.05,14.5]},"faces":{"east":{"uv":[16,0,0,16],"rotation":270,"texture":"#3"},"west":{"uv":[0,0,16,16],"rotation":90,"texture":"#3"}}},{"name":"0","from":[9.25,6.3,14],"to":[9.25,8.3,16],"rotation":{"angle":0,"axis":"x","origin":[9.2,8.05,14.5]},"faces":{"east":{"uv":[0,16,16,0],"rotation":90,"texture":"#3"},"west":{"uv":[16,16,0,0],"rotation":270,"texture":"#3"}}},{"name":"0","from":[9.15,7.3,12.5],"to":[9.15,10.3,15.5],"rotation":{"angle":0,"axis":"x","origin":[9.2,8.05,14.5]},"faces":{"east":{"uv":[16,16,0,0],"rotation":90,"texture":"#3"},"west":{"uv":[0,16,16,0],"rotation":270,"texture":"#3"}}},{"name":"0","from":[7.5,9,1],"to":[8.5,9.5,10],"rotation":{"angle":0,"axis":"y","origin":[8,5.60773,9.30011]},"faces":{"east":{"uv":[9,0,13.5,0.25],"texture":"#1"},"west":{"uv":[9,0.5,13.5,0.75],"texture":"#1"},"up":{"uv":[4.5,6.5,4,2],"texture":"#1"}}},{"name":"0","from":[7.5,9,0],"to":[8.5,9.75,1],"rotation":{"angle":0,"axis":"y","origin":[8,5.60773,9.30011]},"faces":{"north":{"uv":[8,9,8.5,9.5],"texture":"#1"},"east":{"uv":[9.5,9,10,9.5],"texture":"#1"},"south":{"uv":[4.5,13,5,13.5],"texture":"#1"},"west":{"uv":[5,13,5.5,13.5],"texture":"#1"},"up":{"uv":[6,13.5,5.5,13],"texture":"#1"}}},{"name":"0","from":[7.75,9.75,0],"to":[8.25,10.25,1],"rotation":{"angle":0,"axis":"y","origin":[8,5.60773,9.30011]},"faces":{"north":{"uv":[13.5,15,13.75,15.25],"texture":"#1"},"east":{"uv":[10,14.5,10.5,14.75],"texture":"#1"},"west":{"uv":[14.5,10,15,10.25],"texture":"#1"},"up":{"uv":[14.75,11,14.5,10.5],"texture":"#1"}}},{"name":"0","from":[7.75,9.25,2],"to":[8.25,9.85,3],"rotation":{"angle":0,"axis":"y","origin":[8,5.60773,9.30011]},"faces":{"east":{"uv":[11.5,14.5,12,14.75],"texture":"#1"},"south":{"uv":[15,14,15.25,14.25],"texture":"#1"},"west":{"uv":[12,14.5,12.5,14.75],"texture":"#1"},"up":{"uv":[12.75,15,12.5,14.5],"texture":"#1"}}},{"name":"0","from":[7.75,9.5,1],"to":[8.25,10.25,2],"rotation":{"angle":0,"axis":"y","origin":[8,5.60773,9.30011]},"faces":{"east":{"uv":[6,13,6.5,13.5],"texture":"#1"},"south":{"uv":[14,14.5,14.25,15],"texture":"#1"},"west":{"uv":[13,6,13.5,6.5],"texture":"#1"},"up":{"uv":[14.75,15,14.5,14.5],"texture":"#1"}}},{"name":"0","from":[7.25,9,10],"to":[8.75,9.75,11],"rotation":{"angle":0,"axis":"y","origin":[8,5.60773,9.30011]},"faces":{"north":{"uv":[5,12,5.75,12.5],"texture":"#1"},"east":{"uv":[6.5,13,7,13.5],"texture":"#1"},"west":{"uv":[13,6.5,13.5,7],"texture":"#1"},"up":{"uv":[6.75,12.5,6,12],"texture":"#1"}}},{"name":"0","from":[7.25,9,11],"to":[8.75,10,13],"rotation":{"angle":0,"axis":"y","origin":[8,5.60773,9.30011]},"faces":{"north":{"uv":[7,12,7.75,12.5],"texture":"#1"},"east":{"uv":[5,11,6,11.5],"texture":"#1"},"west":{"uv":[11,5,12,5.5],"texture":"#1"},"up":{"uv":[10.25,4,9.5,3],"texture":"#1"}}},{"name":"0","from":[7.75,10,11.5],"to":[8.25,10.25,15.5],"rotation":{"angle":0,"axis":"y","origin":[8,5.60773,9.30011]},"faces":{"north":{"uv":[14.5,15,14.75,15.25],"texture":"#1"},"east":{"uv":[11,5.5,13,5.75],"texture":"#1"},"south":{"uv":[15,14.5,15.25,14.75],"texture":"#1"},"west":{"uv":[6,11,8,11.25],"texture":"#1"},"up":{"uv":[9.75,12.5,9.5,10.5],"texture":"#1"},"down":{"uv":[8.25,11,8,13],"texture":"#1"}}},{"name":"0","from":[7,8.5,14],"to":[9,9.5,15],"rotation":{"angle":0,"axis":"y","origin":[8,5.60773,9.30011]},"faces":{"east":{"uv":[7,13,7.5,13.5],"texture":"#1"},"south":{"uv":[11,7,12,7.5],"texture":"#1"},"west":{"uv":[13,7,13.5,7.5],"texture":"#1"},"up":{"uv":[12,8,11,7.5],"texture":"#1"}}},{"name":"0","from":[7.25,9.5,14],"to":[8.75,10,15],"rotation":{"angle":0,"axis":"y","origin":[8,5.60773,9.30011]},"faces":{"east":{"uv":[15,0,15.5,0.25],"texture":"#1"},"south":{"uv":[1,14,1.75,14.25],"texture":"#1"},"west":{"uv":[0.5,15,1,15.25],"texture":"#1"},"up":{"uv":[12.75,8,12,7.5],"texture":"#1"}}},{"name":"0","from":[7,7.5,14],"to":[9,8.5,15.5],"rotation":{"angle":0,"axis":"y","origin":[8,5.60773,9.30011]},"faces":{"east":{"uv":[12,9,12.75,9.5],"texture":"#1"},"south":{"uv":[11,9.5,12,10],"texture":"#1"},"west":{"uv":[12,9.5,12.75,10],"texture":"#1"},"up":{"uv":[9,10.25,8,9.5],"texture":"#1"}}},{"name":"0","from":[6.9,7.5,14],"to":[9.1,8,14.75],"rotation":{"angle":0,"axis":"y","origin":[8,5.60773,9.30011]},"faces":{"east":{"uv":[15,0.5,15.5,0.75],"texture":"#1"},"south":{"uv":[13,7.5,14,7.75],"texture":"#1"},"west":{"uv":[1,15,1.5,15.25],"texture":"#1"},"up":{"uv":[11,11.5,10,11],"texture":"#1"},"down":{"uv":[12,10,11,10.5],"texture":"#1"}}},{"name":"0","from":[7.75,7.5,15],"to":[8.25,9,16],"rotation":{"angle":45,"axis":"x","origin":[8,7.75,15.75]},"faces":{"north":{"uv":[14,1,14.25,1.75],"texture":"#1"},"east":{"uv":[2,8.5,2.5,9.25],"texture":"#1"},"south":{"uv":[2,14,2.25,14.75],"texture":"#1"},"west":{"uv":[10,12,10.5,12.75],"texture":"#1"},"up":{"uv":[15.25,1.5,15,1],"texture":"#1"},"down":{"uv":[1.75,15,1.5,15.5],"texture":"#1"}}},{"name":"0","from":[7.75,9,15.5],"to":[8.25,9.5,16.5],"rotation":{"angle":45,"axis":"x","origin":[8,7.75,15.75]},"faces":{"north":{"uv":[15,15,15.25,15.25],"texture":"#1"},"east":{"uv":[15,1.5,15.5,1.75],"texture":"#1"},"south":{"uv":[0,15.5,0.25,15.75],"texture":"#1"},"west":{"uv":[2,15,2.5,15.25],"texture":"#1"},"up":{"uv":[15.25,2.5,15,2],"texture":"#1"},"down":{"uv":[15.25,2.5,15,3],"texture":"#1"}}},{"name":"0","from":[7,9,13],"to":[9,10,14],"rotation":{"angle":0,"axis":"y","origin":[8,5.60773,9.30011]},"faces":{"north":{"uv":[11,10.5,12,11],"texture":"#1"},"east":{"uv":[13,8,13.5,8.5],"texture":"#1"},"south":{"uv":[11,11,12,11.5],"texture":"#1"},"west":{"uv":[13,8.5,13.5,9],"texture":"#1"},"up":{"uv":[1,12,0,11.5],"texture":"#1"}}},{"name":"0","from":[7,6.5,14],"to":[9,7.5,16],"rotation":{"angle":0,"axis":"y","origin":[8,5.60773,9.30011]},"faces":{"east":{"uv":[4,11.5,5,12],"texture":"#1"},"south":{"uv":[5,11.5,6,12],"texture":"#1"},"west":{"uv":[6,11.5,7,12],"texture":"#1"},"up":{"uv":[10,6.5,9,5.5],"texture":"#1"},"down":{"uv":[8,9,7,10],"texture":"#1"}}},{"name":"0","from":[7,6.5,16],"to":[9,7,16.5],"rotation":{"angle":0,"axis":"y","origin":[8,5.60773,9.30011]},"faces":{"east":{"uv":[15.5,0,15.75,0.25],"texture":"#1"},"south":{"uv":[13,9.5,14,9.75],"texture":"#1"},"west":{"uv":[0.5,15.5,0.75,15.75],"texture":"#1"},"up":{"uv":[14,10.25,13,10],"texture":"#1"},"down":{"uv":[14,10.5,13,10.75],"texture":"#1"}}},{"name":"0","from":[7.25,5.5,11],"to":[8.75,6.5,15],"rotation":{"angle":0,"axis":"y","origin":[8,5.60773,9.30011]},"faces":{"north":{"uv":[12,10,12.75,10.5],"texture":"#1"},"east":{"uv":[9,6.5,11,7],"texture":"#1"},"south":{"uv":[10.5,12,11.25,12.5],"texture":"#1"},"west":{"uv":[2,9.5,4,10],"texture":"#1"},"down":{"uv":[3.25,7.5,2.5,9.5],"texture":"#1"}}},{"name":"0","from":[7.25,6,15],"to":[8.75,6.5,17],"rotation":{"angle":0,"axis":"y","origin":[8,5.60773,9.30011]},"faces":{"east":{"uv":[11,13,12,13.25],"texture":"#1"},"south":{"uv":[4.5,14,5.25,14.25],"texture":"#1"},"west":{"uv":[13,11,14,11.25],"texture":"#1"},"up":{"uv":[9.75,10.5,9,9.5],"texture":"#1"},"down":{"uv":[2.75,10,2,11],"texture":"#1"}}},{"name":"0","from":[7,5,15.25],"to":[9,6,16.75],"rotation":{"angle":0,"axis":"y","origin":[8,5.60773,9.30011]},"faces":{"north":{"uv":[7,11.5,8,12],"texture":"#1"},"east":{"uv":[12,10.5,12.75,11],"texture":"#1"},"south":{"uv":[8.5,11.5,9.5,12],"texture":"#1"},"west":{"uv":[12,11,12.75,11.5],"texture":"#1"},"up":{"uv":[4,10.75,3,10],"texture":"#1"},"down":{"uv":[11,4,10,4.75],"texture":"#1"}}},{"name":"0","from":[7.25,5,16.75],"to":[8.75,6,17],"rotation":{"angle":0,"axis":"y","origin":[8,5.60773,9.30011]},"faces":{"east":{"uv":[15,3,15.25,3.5],"texture":"#1"},"south":{"uv":[12,11.5,12.75,12],"texture":"#1"},"west":{"uv":[15,3.5,15.25,4],"texture":"#1"}}},{"name":"0","from":[7,1.34045,16.72521],"to":[9,2.34045,17.97521],"rotation":{"angle":0,"axis":"y","origin":[8,5.60773,9.30011]},"faces":{"east":{"uv":[0,12.5,0.75,13],"texture":"#1"},"south":{"uv":[11,11.5,12,12],"texture":"#1"},"west":{"uv":[2,12.5,2.75,13],"texture":"#1"}}},{"name":"0","from":[7,1.09045,16.47521],"to":[9,2.09045,16.72521],"rotation":{"angle":0,"axis":"y","origin":[8,5.60773,9.30011]},"faces":{"north":{"uv":[0,12,1,12.5],"texture":"#1"},"east":{"uv":[4.5,15,4.75,15.5],"texture":"#1"},"west":{"uv":[15,4.5,15.25,5],"texture":"#1"}}},{"name":"0","from":[6.75,0.84045,16.22521],"to":[9.25,1.34045,18.22521],"rotation":{"angle":0,"axis":"y","origin":[8,5.60773,9.30011]},"faces":{"north":{"uv":[12.5,12,13.75,12.25],"texture":"#1"},"east":{"uv":[13,12.5,14,12.75],"texture":"#1"},"south":{"uv":[0,13,1.25,13.25],"texture":"#1"},"west":{"uv":[13,13,14,13.25],"texture":"#1"},"up":{"uv":[4.75,9.5,3.5,8.5],"texture":"#1"},"down":{"uv":[9.75,7,8.5,8],"texture":"#1"}}},{"name":"0","from":[6.75,1.34045,17.22521],"to":[9.25,1.84045,18.22521],"rotation":{"angle":0,"axis":"y","origin":[8,5.60773,9.30011]},"faces":{"north":{"uv":[1.5,13,2.75,13.25],"texture":"#1"},"east":{"uv":[5.5,15,6,15.25],"texture":"#1"},"south":{"uv":[13,3.5,14.25,3.75],"texture":"#1"},"west":{"uv":[15,5.5,15.5,5.75],"texture":"#1"},"up":{"uv":[11.75,4,10.5,3.5],"texture":"#1"}}},{"name":"0","from":[7,0.84045,15.72521],"to":[9,1.34045,16.22521],"rotation":{"angle":0,"axis":"y","origin":[8,5.60773,9.30011]},"faces":{"north":{"uv":[1.5,13.5,2.5,13.75],"texture":"#1"},"east":{"uv":[15.5,0.5,15.75,0.75],"texture":"#1"},"west":{"uv":[1,15.5,1.25,15.75],"texture":"#1"},"up":{"uv":[14.5,2.75,13.5,2.5],"texture":"#1"},"down":{"uv":[14.5,3,13.5,3.25],"texture":"#1"}}},{"name":"0","from":[7.25,0.84045,15.22521],"to":[8.75,1.34045,15.72521],"rotation":{"angle":0,"axis":"y","origin":[8,5.60773,9.30011]},"faces":{"north":{"uv":[14,6,14.75,6.25],"texture":"#1"},"east":{"uv":[15.5,1,15.75,1.25],"texture":"#1"},"west":{"uv":[1.5,15.5,1.75,15.75],"texture":"#1"},"up":{"uv":[14.75,11.75,14,11.5],"texture":"#1"},"down":{"uv":[12.75,14,12,14.25],"texture":"#1"}}},{"name":"0","from":[7.25,1.43612,17.95618],"to":[8.75,2.43612,18.20618],"rotation":{"angle":0,"axis":"y","origin":[8,5.60773,9.30011]},"faces":{"east":{"uv":[6,15,6.25,15.5],"texture":"#1"},"south":{"uv":[5,12.5,5.75,13],"texture":"#1"},"west":{"uv":[15,6,15.25,6.5],"texture":"#1"}}},{"name":"0","from":[7.1,1.09045,15.97521],"to":[8.9,3.34045,16.47521],"rotation":{"angle":0,"axis":"y","origin":[8,5.60773,9.30011]},"faces":{"north":{"uv":[8.5,8,9.5,9.25],"texture":"#1"},"east":{"uv":[4,13,4.25,14.25],"texture":"#1"},"west":{"uv":[13,4,13.25,5.25],"texture":"#1"}}},{"name":"0","from":[7.25,1.34045,15.72521],"to":[8.75,3.34045,15.97521],"rotation":{"angle":0,"axis":"y","origin":[8,5.60773,9.30011]},"faces":{"north":{"uv":[6,10,6.75,11],"texture":"#1"},"east":{"uv":[2.5,13.5,2.75,14.5],"texture":"#1"},"west":{"uv":[13.5,4.5,13.75,5.5],"texture":"#1"}}},{"name":"0","from":[7,-0.73067,14.56452],"to":[9,2.76933,16.06452],"rotation":{"angle":-22.5,"axis":"x","origin":[8,5.60773,9.30011]},"faces":{"north":{"uv":[1.5,6.5,2.5,8.25],"texture":"#1"},"east":{"uv":[6,8,6.75,9.75],"texture":"#1"},"south":{"uv":[4,6.5,5,8.25],"texture":"#1"},"west":{"uv":[0,8.5,0.75,10.25],"texture":"#1"},"up":{"uv":[11,7.75,10,7],"texture":"#1"}}},{"name":"0","from":[7.25,0.76933,14.31452],"to":[8.75,3.01933,14.56452],"rotation":{"angle":-22.5,"axis":"x","origin":[8,5.60773,9.30011]},"faces":{"north":{"uv":[10,10,10.75,11],"texture":"#1"},"east":{"uv":[5.5,13.5,5.75,14.5],"texture":"#1"},"west":{"uv":[13.5,5.5,13.75,6.5],"texture":"#1"},"up":{"uv":[14.75,13.75,14,13.5],"texture":"#1"}}},{"name":"0","from":[7.25,-0.73067,16.06452],"to":[8.75,2.76933,16.31452],"rotation":{"angle":-22.5,"axis":"x","origin":[8,5.60773,9.30011]},"faces":{"east":{"uv":[3,12,3.25,13.75],"texture":"#1"},"south":{"uv":[8.5,2,9.25,3.75],"texture":"#1"},"west":{"uv":[3.5,12,3.75,13.75],"texture":"#1"}}},{"name":"0","from":[7.75,4.5,11],"to":[8.25,5.5,11.5],"rotation":{"angle":0,"axis":"y","origin":[8,5.60773,9.30011]},"faces":{"north":{"uv":[6.5,15,6.75,15.5],"texture":"#1"},"east":{"uv":[7,15,7.25,15.5],"texture":"#1"},"south":{"uv":[7.5,15,7.75,15.5],"texture":"#1"},"west":{"uv":[8,15,8.25,15.5],"texture":"#1"}}},{"name":"0","from":[7.75,6.09176,13.25526],"to":[8.25,7.34176,13.75526],"rotation":{"angle":22.5,"axis":"x","origin":[8,5.60773,9.30011]},"faces":{"north":{"uv":[10.5,14,10.75,14.75],"texture":"#1"},"east":{"uv":[14.5,1,14.75,1.75],"texture":"#1"},"south":{"uv":[14.5,2,14.75,2.75],"texture":"#1"},"west":{"uv":[2.5,14.5,2.75,15.25],"texture":"#1"},"down":{"uv":[2.75,15.5,2.5,15.75],"texture":"#1"}}},{"name":"0","from":[7.75,4.09829,11.01955],"to":[8.25,4.59829,12.51955],"rotation":{"angle":22.5,"axis":"x","origin":[8,4.34829,12.01955]},"faces":{"east":{"uv":[6,13.5,7,13.75],"texture":"#1"},"south":{"uv":[3.5,15.5,3.75,15.75],"texture":"#1"},"west":{"uv":[13.5,6.5,14.5,6.75],"texture":"#1"},"up":{"uv":[7.25,14.5,7,13.5],"texture":"#1"},"down":{"uv":[7.75,13.5,7.5,14.5],"texture":"#1"}}},{"name":"0","from":[7.3,5.25,15],"to":[8.7,6,15.25],"rotation":{"angle":0,"axis":"y","origin":[8,5.60773,9.30011]},"faces":{"north":{"uv":[6,12.5,6.75,13],"texture":"#1"},"east":{"uv":[9.5,15,9.75,15.5],"texture":"#1"},"west":{"uv":[15,9.5,15.25,10],"texture":"#1"}}},{"name":"0","from":[7.5,5,14],"to":[8.5,5.5,15],"rotation":{"angle":0,"axis":"y","origin":[8,5.60773,9.30011]},"faces":{"north":{"uv":[10,15,10.5,15.25],"texture":"#1"},"east":{"uv":[15,10,15.5,10.25],"texture":"#1"},"west":{"uv":[15,10.5,15.5,10.75],"texture":"#1"},"down":{"uv":[8.5,13.5,8,14],"texture":"#1"}}},{"name":"0","from":[7.25,5,15],"to":[8.75,5.25,15.25],"rotation":{"angle":0,"axis":"y","origin":[8,5.60773,9.30011]},"faces":{"north":{"uv":[5.5,14.5,6.25,14.75],"texture":"#1"},"east":{"uv":[15.5,4,15.75,4.25],"texture":"#1"},"west":{"uv":[4.5,15.5,4.75,15.75],"texture":"#1"},"up":{"uv":[15.25,6.75,14.5,6.5],"texture":"#1"}}},{"name":"0","from":[6.75,6.5,11],"to":[9.25,9,14],"rotation":{"angle":0,"axis":"y","origin":[8,7.75,12.5]},"faces":{"north":{"uv":[6,6.5,7.25,7.75],"texture":"#1"},"east":{"uv":[0,5.5,1.5,6.75],"texture":"#1"},"south":{"uv":[0,7,1.25,8.25],"texture":"#1"},"west":{"uv":[6,2,7.5,3.25],"texture":"#1"},"up":{"uv":[7.25,5,6,3.5],"texture":"#1"},"down":{"uv":[7.25,5,6,6.5],"texture":"#1"}}},{"name":"0","from":[9.25,6.75,11],"to":[9.6,8.75,14],"rotation":{"angle":0,"axis":"y","origin":[8,7.75,12.5]},"faces":{"north":{"uv":[13.5,8,13.75,9],"texture":"#1"},"east":{"uv":[7.5,0,9,1],"texture":"#1"},"south":{"uv":[10,13.5,10.25,14.5],"texture":"#1"},"up":{"uv":[8.75,14,8.5,12.5],"texture":"#1"},"down":{"uv":[9.25,12.5,9,14],"texture":"#1"}}},{"name":"0","from":[6.4,6.75,11],"to":[6.75,8.75,14],"rotation":{"angle":0,"axis":"y","origin":[8,7.75,12.5]},"faces":{"north":{"uv":[11,13.5,11.25,14.5],"texture":"#1"},"south":{"uv":[11.5,13.5,11.75,14.5],"texture":"#1"},"west":{"uv":[7.5,6,9,7],"texture":"#1"},"up":{"uv":[9.75,14,9.5,12.5],"texture":"#1"},"down":{"uv":[10.75,12.5,10.5,14],"texture":"#1"}}},{"name":"0","from":[7.7,5.5,9],"to":[8.3,6,10],"rotation":{"angle":0,"axis":"y","origin":[8,5.60773,9.30011]},"faces":{"north":{"uv":[15.5,4.5,15.75,4.75],"texture":"#1"},"east":{"uv":[5,15.5,5.25,15.75],"texture":"#1"},"west":{"uv":[5.5,15.5,5.75,15.75],"texture":"#1"},"down":{"uv":[6.25,15.5,6,15.75],"texture":"#1"}}},{"name":"0","from":[7.7,5.5,10],"to":[8.3,6,11],"rotation":{"angle":0,"axis":"y","origin":[8,5.60773,9.30011]},"faces":{"east":{"uv":[11,15,11.5,15.25],"texture":"#1"},"west":{"uv":[15,11,15.5,11.25],"texture":"#1"},"down":{"uv":[15.25,11.5,15,12],"texture":"#1"}}},{"name":"0","from":[7.4,6,10],"to":[8.6,8,11],"rotation":{"angle":0,"axis":"y","origin":[8,5.60773,9.30011]},"faces":{"north":{"uv":[1.5,5.5,2,6.5],"texture":"#1"},"east":{"uv":[2.5,6.5,3,7.5],"texture":"#1"},"west":{"uv":[7,8,7.5,9],"texture":"#1"},"down":{"uv":[13,13.5,12.5,14],"texture":"#1"}}},{"name":"0","from":[7.25,6.75,0],"to":[8.75,7.25,6],"rotation":{"angle":0,"axis":"y","origin":[8,5.10773,9.30011]},"faces":{"north":{"uv":[14.5,7.5,15.25,7.75],"texture":"#1"},"east":{"uv":[10,6,13,6.25],"texture":"#1"},"west":{"uv":[10.5,3,13.5,3.25],"texture":"#1"},"up":{"uv":[5.75,5,5,2],"texture":"#1"},"down":{"uv":[5.75,5,5,8],"texture":"#1"}}},{"name":"0","from":[7.5,6,0],"to":[8.5,6.75,11],"rotation":{"angle":0,"axis":"y","origin":[8,5.10773,9.30011]},"faces":{"north":{"uv":[13,13.5,13.5,14],"texture":"#1"},"east":{"uv":[3,1,8.5,1.5],"texture":"#1"},"west":{"uv":[3,1.5,8.5,2],"texture":"#1"},"down":{"uv":[4,2,3.5,7.5],"texture":"#1"}}},{"name":"0","from":[7.75,5.5,0],"to":[8.25,6,5],"rotation":{"angle":0,"axis":"y","origin":[8,5.10773,9.30011]},"faces":{"north":{"uv":[15.5,7,15.75,7.25],"texture":"#1"},"east":{"uv":[10.5,8,13,8.25],"texture":"#1"},"south":{"uv":[7.5,15.5,7.75,15.75],"texture":"#1"},"west":{"uv":[10.5,8.5,13,8.75],"texture":"#1"},"down":{"uv":[1.75,10.5,1.5,13],"texture":"#1"}}},{"name":"0","from":[7.25,6.5,6],"to":[8.75,7.25,10],"rotation":{"angle":0,"axis":"y","origin":[8,5.10773,9.30011]},"faces":{"north":{"uv":[11,12.5,11.75,13],"texture":"#1"},"east":{"uv":[9.5,2,11.5,2.5],"texture":"#1"},"south":{"uv":[12,12.5,12.75,13],"texture":"#1"},"west":{"uv":[9.5,2.5,11.5,3],"texture":"#1"},"up":{"uv":[8.25,9,7.5,7],"texture":"#1"},"down":{"uv":[5.75,8,5,10],"texture":"#1"}}}],"gui_light":"front","overrides":[{"predicate":{"pulling":1},"model":"item/bow_pulling_0"},{"predicate":{"pulling":1,"pull":0.65},"model":"item/bow_pulling_1"},{"predicate":{"pulling":1,"pull":0.9},"model":"item/bow_pulling_2"}],"display":{"thirdperson_righthand":{"translation":[0,1.75,-2.75],"scale":[0.7,0.7,0.7]},"thirdperson_lefthand":{"translation":[0,1.75,-2.75],"scale":[0.7,0.7,0.7]},"firstperson_righthand":{"rotation":[22.9,12.89,-1.91],"translation":[0.75,4.5,-6.25],"scale":[0.92188,0.92188,0.92188]},"firstperson_lefthand":{"rotation":[22.9,12.89,-1.91],"translation":[0.75,4.5,-6.25],"scale":[0.92188,0.92188,0.92188]},"ground":{"rotation":[28,0,0],"translation":[0,7.25,-0.25],"scale":[0.8,0.8,0.8]},"gui":{"rotation":[54.12,50.75,-36.74],"translation":[-1,2,0],"scale":[0.73164,0.73164,0.73164]},"head":{"scale":[0,0,0]},"fixed":{"rotation":[90,-54.75,90],"translation":[0.5,4.75,-2.75],"scale":[1.5,1.5,1.5]}}}