{"credit":"MadewithBlockbench","texture_size":[36,36],"textures":{"0":"steampunk:steampunk_back_bling","1":"steampunk:steampunk_flame_1","2":"steampunk:steampunk_flame_2","3":"steampunk:steampunk_eff_1","4":"steampunk:steampunk_eff_2","particle":"steampunk:steampunk_back_bling"},"elements":[{"name":"0","from":[-12.24726,14.56366,7.87312],"to":[-7.44726,15.16366,8.52312],"rotation":{"angle":0,"axis":"z","origin":[8,8,8]},"faces":{"north":{"uv":[14.55556,9.77778,12.44444,10],"texture":"#0","cullface":"west"},"south":{"uv":[12.77778,12.44444,10.66667,12.66667],"texture":"#0","cullface":"west"},"west":{"uv":[11,14.66667,10.66667,14.88889],"texture":"#0","cullface":"west"},"up":{"uv":[11.11111,2.11111,13.22222,1.77778],"texture":"#0","cullface":"west"},"down":{"uv":[10.66667,11.11111,12.77778,11.44444],"texture":"#0","cullface":"west"}}},{"name":"0","from":[5.34269,2.18783,6.32688],"to":[6.64269,2.78783,6.97688],"rotation":{"angle":0,"axis":"z","origin":[8,7.9,8]},"faces":{"north":{"uv":[14.77778,1.77778,14.22222,2],"texture":"#0"},"south":{"uv":[14.77778,3.11111,14.22222,3.33333],"texture":"#0"},"up":{"uv":[8,14.11111,8.55556,13.77778],"texture":"#0"},"down":{"uv":[13.77778,8,14.33333,8.33333],"texture":"#0"}}},{"name":"0","from":[10.47935,2.90112,6.32688],"to":[11.07935,4.20112,6.97688],"rotation":{"angle":-45,"axis":"z","origin":[8,7.9,8]},"faces":{"north":{"uv":[2,14.22222,1.77778,14.77778],"texture":"#0"},"east":{"uv":[7.88889,13.77778,7.55556,14.33333],"texture":"#0"},"south":{"uv":[2.44444,14.22222,2.22222,14.77778],"texture":"#0"},"west":{"uv":[7.44444,13.77778,7.11111,14.33333],"texture":"#0"}}},{"name":"0","from":[2.08189,5.73989,6.32688],"to":[2.68189,7.03989,6.97688],"rotation":{"angle":45,"axis":"z","origin":[8,7.9,8]},"faces":{"north":{"uv":[14.44444,0.88889,14.22222,1.44444],"texture":"#0"},"east":{"uv":[14.11111,6.66667,13.77778,7.22222],"texture":"#0"},"south":{"uv":[1.55556,14.22222,1.33333,14.77778],"texture":"#0"},"west":{"uv":[7,13.77778,6.66667,14.33333],"texture":"#0"}}},{"name":"0","from":[6.96193,4.07028,9.46358],"to":[7.56193,4.72028,10.11358],"rotation":{"angle":45,"axis":"x","origin":[8,7.9,8]},"faces":{"north":{"uv":[8.66667,14.66667,8.44444,15],"texture":"#0"},"east":{"uv":[15,0.88889,14.66667,1.22222],"texture":"#0"},"south":{"uv":[14.88889,8.44444,14.66667,8.77778],"texture":"#0"},"west":{"uv":[1.22222,14.66667,0.88889,15],"texture":"#0"}}},{"name":"0","from":[6.96193,4.15707,6.59612],"to":[7.56193,5.70707,7.24612],"rotation":{"angle":0,"axis":"x","origin":[8,7.9,8]},"faces":{"north":{"uv":[14,12.44444,13.77778,13.11111],"texture":"#0"},"east":{"uv":[5.22222,13.77778,4.88889,14.44444],"texture":"#0"},"south":{"uv":[14,13.33333,13.77778,14],"texture":"#0"},"west":{"uv":[14.11111,4.44444,13.77778,5.11111],"texture":"#0"}}},{"name":"0","from":[6.87345,5.66972,6.48295],"to":[7.67345,6.46972,7.33295],"rotation":{"angle":0,"axis":"x","origin":[8,7.9,8]},"faces":{"north":{"uv":[14.55556,13.77778,14.22222,14.11111],"texture":"#0"},"east":{"uv":[15,0,14.66667,0.33333],"texture":"#0"},"south":{"uv":[0.33333,14.66667,0,15],"texture":"#0"},"west":{"uv":[14.55556,14.22222,14.22222,14.55556],"texture":"#0"},"down":{"uv":[14.66667,0.44444,15,0.77778],"texture":"#0"}}},{"name":"0","from":[6.96193,3.10707,6.32688],"to":[7.56193,4.15707,6.97688],"rotation":{"angle":0,"axis":"x","origin":[8,7.9,8]},"faces":{"north":{"uv":[4.22222,14.66667,4,15.11111],"texture":"#0"},"east":{"uv":[12.77778,13.77778,12.44444,14.22222],"texture":"#0"},"south":{"uv":[4.66667,14.66667,4.44444,15.11111],"texture":"#0"},"west":{"uv":[14.11111,10.66667,13.77778,11.11111],"texture":"#0"}}},{"name":"0","from":[4.42345,3.10707,6.32688],"to":[5.02345,4.90707,6.97688],"rotation":{"angle":0,"axis":"x","origin":[8,7.9,8]},"faces":{"north":{"uv":[11.77778,13.77778,11.55556,14.55556],"texture":"#0"},"east":{"uv":[1.22222,13.77778,0.88889,14.55556],"texture":"#0"},"south":{"uv":[12.22222,13.77778,12,14.55556],"texture":"#0"},"west":{"uv":[7.88889,12.88889,7.55556,13.66667],"texture":"#0"}}},{"name":"0","from":[4.42345,4.60061,8.93325],"to":[5.02345,5.40061,9.58325],"rotation":{"angle":45,"axis":"x","origin":[8,7.9,8]},"faces":{"north":{"uv":[6.44444,14.66667,6.22222,15],"texture":"#0"},"east":{"uv":[14.11111,14.22222,13.77778,14.55556],"texture":"#0"},"south":{"uv":[14.88889,6.22222,14.66667,6.55556],"texture":"#0"},"west":{"uv":[14.55556,13.33333,14.22222,13.66667],"texture":"#0"}}},{"name":"0","from":[4.32345,5.40061,8.83325],"to":[5.12345,6.20061,9.68325],"rotation":{"angle":45,"axis":"x","origin":[8,7.9,8]},"faces":{"north":{"uv":[14.55556,12,14.22222,12.33333],"texture":"#0"},"east":{"uv":[13.22222,14.22222,12.88889,14.55556],"texture":"#0"},"west":{"uv":[12.77778,14.22222,12.44444,14.55556],"texture":"#0"},"up":{"uv":[14.22222,13.22222,14.55556,12.88889],"texture":"#0"},"down":{"uv":[13.33333,14.22222,13.66667,14.55556],"texture":"#0"}}},{"name":"0","from":[-7.98833,1.54261,7.87312],"to":[-5.18833,2.14261,8.52312],"rotation":{"angle":-45,"axis":"z","origin":[8,8,8]},"faces":{"north":{"uv":[14.11111,7.55556,12.88889,7.77778],"texture":"#0","cullface":"west"},"south":{"uv":[14.11111,9.33333,12.88889,9.55556],"texture":"#0","cullface":"west"},"up":{"uv":[12.88889,1.22222,14.11111,0.88889],"texture":"#0","cullface":"west"},"down":{"uv":[12.88889,3.11111,14.11111,3.44444],"texture":"#0","cullface":"west"}}},{"name":"0","from":[-6.69384,6.98872,7.77312],"to":[-1.89384,7.78872,8.62312],"rotation":{"angle":-22.5,"axis":"z","origin":[8,8,8]},"faces":{"north":{"uv":[12.33333,8,10.22222,8.33333],"texture":"#0","cullface":"west"},"south":{"uv":[12.77778,10.22222,10.66667,10.55556],"texture":"#0","cullface":"west"},"west":{"uv":[14.55556,11.11111,14.22222,11.44444],"texture":"#0","cullface":"west"},"up":{"uv":[10.66667,11,12.77778,10.66667],"texture":"#0","cullface":"west"},"down":{"uv":[11.11111,1.33333,13.22222,1.66667],"texture":"#0","cullface":"west"}}},{"name":"0","from":[4.0545,-0.26366,8.44812],"to":[5.3545,2.03634,8.44812],"rotation":{"angle":0,"axis":"z","origin":[4.7045,1.13634,8.19812]},"faces":{"north":{"uv":[16,16,0,0],"rotation":270,"texture":"#2"},"south":{"uv":[0,16,16,0],"rotation":90,"texture":"#2"}}},{"name":"0","from":[4.0545,-0.26366,7.94812],"to":[5.3545,2.03634,7.94812],"rotation":{"angle":0,"axis":"z","origin":[4.7045,1.13634,8.19812]},"faces":{"north":{"uv":[16,16,0,0],"rotation":270,"texture":"#2"},"south":{"uv":[0,16,16,0],"rotation":90,"texture":"#2"}}},{"name":"0","from":[3.5545,-0.01366,8.19812],"to":[5.8545,2.28634,8.19812],"rotation":{"angle":0,"axis":"z","origin":[4.7045,1.13634,8.19812]},"faces":{"north":{"uv":[16,0,0,16],"rotation":180,"texture":"#1"},"south":{"uv":[0,0,16,16],"rotation":180,"texture":"#1"}}},{"name":"0","from":[-12.9455,3.48634,8.19812],"to":[5.8545,15.28634,8.19812],"rotation":{"angle":0,"axis":"z","origin":[8,8,8]},"faces":{"north":{"uv":[8.33333,0,0,5.22222],"texture":"#0"},"south":{"uv":[8.33333,5.33333,0,10.55556],"texture":"#0"}}},{"name":"0","from":[2.0545,3.48634,7.77312],"to":[2.8545,7.28634,8.62312],"rotation":{"angle":0,"axis":"z","origin":[8,8,8]},"faces":{"north":{"uv":[12.77778,2.22222,12.44444,3.88889],"texture":"#0"},"east":{"uv":[4.77778,12.44444,4.44444,14.11111],"texture":"#0"},"south":{"uv":[12.77778,4,12.44444,5.66667],"texture":"#0"},"west":{"uv":[4.33333,12.44444,4,14.11111],"texture":"#0"},"down":{"uv":[14.22222,10.66667,14.55556,11],"texture":"#0"}}},{"name":"0","from":[-0.83709,-2.79072,7.77312],"to":[-0.03709,3.00928,8.62312],"rotation":{"angle":-45,"axis":"z","origin":[8,8,8]},"faces":{"north":{"uv":[9.66667,10.22222,9.33333,12.77778],"texture":"#0","cullface":"west"},"east":{"uv":[0.33333,10.66667,0,13.22222],"texture":"#0","cullface":"west"},"south":{"uv":[10.55556,10.22222,10.22222,12.77778],"texture":"#0","cullface":"west"},"west":{"uv":[10.11111,10.22222,9.77778,12.77778],"texture":"#0","cullface":"west"},"down":{"uv":[9.33333,14.22222,9.66667,14.55556],"texture":"#0","cullface":"west"}}},{"name":"0","from":[3.14609,11.9,7.77312],"to":[3.94609,15.7,8.62312],"rotation":{"angle":45,"axis":"z","origin":[8,8,8]},"faces":{"north":{"uv":[3.44444,12,3.11111,13.66667],"texture":"#0"},"east":{"uv":[9.22222,12,8.88889,13.66667],"texture":"#0"},"south":{"uv":[8.77778,12,8.44444,13.66667],"texture":"#0"},"west":{"uv":[3.88889,12,3.55556,13.66667],"texture":"#0"}}},{"name":"0","from":[4.17989,4.12599,7.67312],"to":[5.17989,6.92599,8.72312],"rotation":{"angle":-45,"axis":"z","origin":[8,8,8]},"faces":{"north":{"uv":[5.77778,12.44444,5.33333,13.66667],"texture":"#0"},"east":{"uv":[6.66667,12.44444,6.22222,13.66667],"texture":"#0"},"south":{"uv":[12.88889,5.77778,12.44444,7],"texture":"#0"},"west":{"uv":[6.22222,12.44444,5.77778,13.66667],"texture":"#0"}}},{"name":"0","from":[4.43571,7.60399,7.12312],"to":[4.83571,8.00399,9.27312],"rotation":{"angle":-45,"axis":"z","origin":[8,8,8]},"faces":{"east":{"uv":[14.77778,4,13.77778,4.22222],"texture":"#0"},"west":{"uv":[14.77778,3.55556,13.77778,3.77778],"texture":"#0"},"up":{"uv":[3.11111,14.77778,3.33333,13.77778],"texture":"#0"},"down":{"uv":[3.55556,13.77778,3.77778,14.77778],"texture":"#0"}}},{"name":"0","from":[4.23571,7.40399,9.22312],"to":[5.03571,8.20399,9.47312],"rotation":{"angle":-45,"axis":"z","origin":[8,8,8]},"faces":{"north":{"uv":[14.55556,7.11111,14.22222,7.44444],"texture":"#0"},"east":{"uv":[3.22222,15.11111,3.11111,15.44444],"texture":"#0"},"south":{"uv":[14.55556,7.55556,14.22222,7.88889],"texture":"#0"},"west":{"uv":[15.22222,2.66667,15.11111,3],"texture":"#0"},"up":{"uv":[15.11111,3.22222,15.44444,3.11111],"texture":"#0"},"down":{"uv":[3.55556,15.11111,3.88889,15.22222],"texture":"#0"}}},{"name":"0","from":[4.23571,7.40399,6.87312],"to":[5.03571,8.20399,7.12312],"rotation":{"angle":-45,"axis":"z","origin":[8,8,8]},"faces":{"north":{"uv":[14.55556,6.22222,14.22222,6.55556],"texture":"#0"},"east":{"uv":[2.33333,15.11111,2.22222,15.44444],"texture":"#0"},"south":{"uv":[14.55556,6.66667,14.22222,7],"texture":"#0"},"west":{"uv":[15.22222,1.77778,15.11111,2.11111],"texture":"#0"},"up":{"uv":[15.11111,2.33333,15.44444,2.22222],"texture":"#0"},"down":{"uv":[2.66667,15.11111,3,15.22222],"texture":"#0"}}},{"name":"0","from":[-0.82011,3.12599,8.97312],"to":[-0.02011,3.92599,9.22312],"rotation":{"angle":-45,"axis":"z","origin":[8,8,8]},"faces":{"north":{"uv":[14.55556,5.77778,14.22222,6.11111],"texture":"#0","cullface":"west"},"east":{"uv":[1.44444,15.11111,1.33333,15.44444],"texture":"#0","cullface":"west"},"south":{"uv":[6.55556,14.22222,6.22222,14.55556],"texture":"#0","cullface":"west"},"west":{"uv":[15.22222,0.88889,15.11111,1.22222],"texture":"#0","cullface":"west"},"up":{"uv":[15.11111,1.44444,15.44444,1.33333],"texture":"#0","cullface":"west"},"down":{"uv":[1.77778,15.11111,2.11111,15.22222],"texture":"#0","cullface":"west"}}},{"name":"0","from":[-1.17011,2.77599,7.52312],"to":[0.32989,4.27599,8.87312],"rotation":{"angle":-45,"axis":"z","origin":[8,8,8]},"faces":{"north":{"uv":[2.88889,12.88889,2.22222,13.55556],"texture":"#0","cullface":"west"},"east":{"uv":[13.44444,8.44444,12.88889,9.11111],"texture":"#0","cullface":"west"},"south":{"uv":[13.55556,2.22222,12.88889,2.88889],"texture":"#0","cullface":"west"},"west":{"uv":[7.22222,12.88889,6.66667,13.55556],"texture":"#0","cullface":"west"},"up":{"uv":[9.33333,13.44444,10,12.88889],"texture":"#0","cullface":"west"},"down":{"uv":[10.22222,12.88889,10.88889,13.44444],"texture":"#0","cullface":"west"}}},{"name":"0","from":[-0.62011,3.32599,7.37312],"to":[-0.22011,3.72599,9.02312],"rotation":{"angle":-45,"axis":"z","origin":[8,8,8]},"faces":{"east":{"uv":[14.55556,10.22222,13.77778,10.44444],"texture":"#0","cullface":"west"},"west":{"uv":[14.55556,8.88889,13.77778,9.11111],"texture":"#0","cullface":"west"},"up":{"uv":[10.66667,14.55556,10.88889,13.77778],"texture":"#0","cullface":"west"},"down":{"uv":[11.11111,13.77778,11.33333,14.55556],"texture":"#0","cullface":"west"}}},{"name":"0","from":[-0.82011,3.12599,7.12312],"to":[-0.02011,3.92599,7.37312],"rotation":{"angle":-45,"axis":"z","origin":[8,8,8]},"faces":{"north":{"uv":[14.55556,5.33333,14.22222,5.66667],"texture":"#0","cullface":"west"},"east":{"uv":[0.55556,15.11111,0.44444,15.44444],"texture":"#0","cullface":"west"},"south":{"uv":[6.11111,14.22222,5.77778,14.55556],"texture":"#0","cullface":"west"},"west":{"uv":[15.22222,0,15.11111,0.33333],"texture":"#0","cullface":"west"},"up":{"uv":[15.11111,0.55556,15.44444,0.44444],"texture":"#0","cullface":"west"},"down":{"uv":[0.88889,15.11111,1.22222,15.22222],"texture":"#0","cullface":"west"}}},{"name":"0","from":[4.27989,3.12599,7.12312],"to":[5.07989,3.92599,7.37312],"rotation":{"angle":-45,"axis":"z","origin":[8,8,8]},"faces":{"north":{"uv":[14.55556,4.88889,14.22222,5.22222],"texture":"#0"},"east":{"uv":[14.77778,14.22222,14.66667,14.55556],"texture":"#0"},"south":{"uv":[5.66667,14.22222,5.33333,14.55556],"texture":"#0"},"west":{"uv":[14.33333,14.66667,14.22222,15],"texture":"#0"},"up":{"uv":[14.66667,14.77778,15,14.66667],"texture":"#0"},"down":{"uv":[0,15.11111,0.33333,15.22222],"texture":"#0"}}},{"name":"0","from":[4.27989,3.12599,8.97312],"to":[5.07989,3.92599,9.22312],"rotation":{"angle":-45,"axis":"z","origin":[8,8,8]},"faces":{"north":{"uv":[4.77778,14.22222,4.44444,14.55556],"texture":"#0"},"east":{"uv":[14.77778,13.33333,14.66667,13.66667],"texture":"#0"},"south":{"uv":[14.55556,4.44444,14.22222,4.77778],"texture":"#0"},"west":{"uv":[13.44444,14.66667,13.33333,15],"texture":"#0"},"up":{"uv":[13.77778,14.77778,14.11111,14.66667],"texture":"#0"},"down":{"uv":[14.66667,13.77778,15,13.88889],"texture":"#0"}}},{"name":"0","from":[4.47989,3.32599,7.37312],"to":[4.87989,3.72599,9.02312],"rotation":{"angle":-45,"axis":"z","origin":[8,8,8]},"faces":{"east":{"uv":[9.66667,13.77778,8.88889,14],"texture":"#0"},"west":{"uv":[14.55556,8.44444,13.77778,8.66667],"texture":"#0"},"up":{"uv":[9.77778,14.55556,10,13.77778],"texture":"#0"},"down":{"uv":[10.22222,13.77778,10.44444,14.55556],"texture":"#0"}}},{"name":"0","from":[4.02989,2.87599,7.52312],"to":[5.32989,4.17599,8.87312],"rotation":{"angle":-45,"axis":"z","origin":[8,8,8]},"faces":{"north":{"uv":[12.55556,12.88889,12,13.44444],"texture":"#0"},"east":{"uv":[13.88889,11.11111,13.33333,11.66667],"texture":"#0"},"south":{"uv":[13.88889,1.33333,13.33333,1.88889],"texture":"#0"},"west":{"uv":[13.44444,12.44444,12.88889,13],"texture":"#0"},"up":{"uv":[12.88889,13.88889,13.44444,13.33333],"texture":"#0"},"down":{"uv":[0,13.77778,0.55556,14.33333],"texture":"#0"}}},{"name":"0","from":[3.77989,6.87599,7.27312],"to":[5.57989,8.67599,9.12312],"rotation":{"angle":-45,"axis":"z","origin":[8,8,8]},"faces":{"north":{"uv":[12.33333,2.22222,11.55556,3],"texture":"#0"},"east":{"uv":[12.33333,4,11.55556,4.77778],"texture":"#0"},"south":{"uv":[4.77778,11.55556,4,12.33333],"texture":"#0"},"west":{"uv":[12.33333,3.11111,11.55556,3.88889],"texture":"#0"},"up":{"uv":[4.88889,12.33333,5.66667,11.55556],"texture":"#0"},"down":{"uv":[11.55556,4.88889,12.33333,5.66667],"texture":"#0"}}},{"name":"0","from":[5.22989,7.32599,6.89812],"to":[6.17989,8.31422,9.49812],"rotation":{"angle":-45,"axis":"z","origin":[8,8,8]},"faces":{"north":{"uv":[6.22222,13.77778,5.77778,14.22222],"texture":"#0"},"east":{"uv":[13.55556,8,12.44444,8.44444],"texture":"#0"},"south":{"uv":[14.22222,5.77778,13.77778,6.22222],"texture":"#0"},"west":{"uv":[13.55556,7.11111,12.44444,7.55556],"texture":"#0"},"up":{"uv":[8,13.55556,8.44444,12.44444],"texture":"#0"},"down":{"uv":[12.44444,8.44444,12.88889,9.55556],"texture":"#0"}}},{"name":"0","from":[3.85589,1.84559,7.29812],"to":[5.54411,2.14559,9.09812],"rotation":{"angle":0,"axis":"y","origin":[8,8,8]},"faces":{"north":{"uv":[15.44444,4.44444,14.66667,4.55556],"texture":"#0"},"east":{"uv":[15.44444,5.33333,14.66667,5.44444],"texture":"#0"},"south":{"uv":[15.44444,4.88889,14.66667,5],"texture":"#0"},"west":{"uv":[5.66667,14.66667,4.88889,14.77778],"texture":"#0"},"up":{"uv":[8.44444,11.88889,9.22222,11.11111],"texture":"#0"},"down":{"uv":[11.55556,0,12.33333,0.77778],"texture":"#0"}}},{"name":"0","from":[4.20589,6.34559,7.64812],"to":[5.19411,6.89559,8.74812],"rotation":{"angle":0,"axis":"y","origin":[8,8,8]},"faces":{"north":{"uv":[15.11111,1.33333,14.66667,1.55556],"texture":"#0"},"east":{"uv":[15.11111,2.66667,14.66667,2.88889],"texture":"#0"},"south":{"uv":[3.11111,14.66667,2.66667,14.88889],"texture":"#0"},"west":{"uv":[15.11111,2.22222,14.66667,2.44444],"texture":"#0"},"up":{"uv":[5.33333,14.22222,5.77778,13.77778],"texture":"#0"}}},{"name":"0","from":[5.36813,5.01359,7.79812],"to":[7.16813,5.75182,8.59812],"rotation":{"angle":0,"axis":"z","origin":[8,8,8]},"faces":{"north":{"uv":[12.33333,0.88889,11.55556,1.22222],"texture":"#0"},"south":{"uv":[14.11111,12,13.33333,12.33333],"texture":"#0"},"up":{"uv":[13.77778,0.33333,14.55556,0],"texture":"#0"},"down":{"uv":[13.77778,0.44444,14.55556,0.77778],"texture":"#0"}}},{"name":"0","from":[7.23175,4.6916,7.54812],"to":[8.46997,5.7416,8.84812],"rotation":{"angle":-22.5,"axis":"z","origin":[8,8,8]},"faces":{"north":{"uv":[1.88889,13.77778,1.33333,14.22222],"texture":"#0"},"east":{"uv":[14.33333,2.66667,13.77778,3.11111],"texture":"#0"},"south":{"uv":[14.33333,2.22222,13.77778,2.66667],"texture":"#0"},"west":{"uv":[2.77778,13.77778,2.22222,14.22222],"texture":"#0"},"down":{"uv":[11.11111,12.88889,11.66667,13.44444],"texture":"#0"}}},{"name":"0","from":[4.20589,3.34559,7.64812],"to":[5.19411,3.64559,8.74812],"rotation":{"angle":0,"axis":"y","origin":[8,8,8]},"faces":{"north":{"uv":[11.55556,14.66667,11.11111,14.77778],"texture":"#0"},"east":{"uv":[15.11111,11.55556,14.66667,11.66667],"texture":"#0"},"south":{"uv":[12,14.66667,11.55556,14.77778],"texture":"#0"},"west":{"uv":[15.11111,11.11111,14.66667,11.22222],"texture":"#0"}}},{"name":"0","from":[3.95589,2.09559,7.39812],"to":[5.44411,3.39559,8.99812],"rotation":{"angle":0,"axis":"y","origin":[8,8,8]},"faces":{"north":{"uv":[13.55556,3.55556,12.88889,4.11111],"texture":"#0"},"east":{"uv":[13.55556,6.22222,12.88889,6.77778],"texture":"#0"},"south":{"uv":[13.55556,5.33333,12.88889,5.88889],"texture":"#0"},"west":{"uv":[13.55556,4.44444,12.88889,5],"texture":"#0"},"up":{"uv":[0.44444,13.55556,1.11111,12.88889],"texture":"#0"}}},{"name":"0","from":[3.95589,3.59559,7.39812],"to":[5.44411,6.39559,8.99812],"rotation":{"angle":0,"axis":"y","origin":[8,8,8]},"faces":{"north":{"uv":[1.11111,10.66667,0.44444,11.88889],"texture":"#0"},"east":{"uv":[3.77778,10.66667,3.11111,11.88889],"texture":"#0"},"south":{"uv":[2.88889,10.66667,2.22222,11.88889],"texture":"#0"},"west":{"uv":[2,10.66667,1.33333,11.88889],"texture":"#0"},"up":{"uv":[12.44444,12.22222,13.11111,11.55556],"texture":"#0"},"down":{"uv":[12.88889,0,13.55556,0.66667],"texture":"#0"}}},{"name":"0","from":[23.44726,14.56366,7.87312],"to":[28.24726,15.16366,8.52312],"rotation":{"angle":0,"axis":"z","origin":[8,8,8]},"faces":{"north":{"uv":[12.44444,9.77778,14.55556,10],"texture":"#0","cullface":"east"},"east":{"uv":[10.66667,14.66667,11,14.88889],"texture":"#0","cullface":"east"},"south":{"uv":[10.66667,12.44444,12.77778,12.66667],"texture":"#0","cullface":"east"},"up":{"uv":[13.22222,2.11111,11.11111,1.77778],"texture":"#0","cullface":"east"},"down":{"uv":[12.77778,11.11111,10.66667,11.44444],"texture":"#0","cullface":"east"}}},{"name":"0","from":[9.35731,2.18783,6.32688],"to":[10.65731,2.78783,6.97688],"rotation":{"angle":0,"axis":"z","origin":[8,7.9,8]},"faces":{"north":{"uv":[14.22222,1.77778,14.77778,2],"texture":"#0"},"south":{"uv":[14.22222,3.11111,14.77778,3.33333],"texture":"#0"},"up":{"uv":[8.55556,14.11111,8,13.77778],"texture":"#0"},"down":{"uv":[14.33333,8,13.77778,8.33333],"texture":"#0"}}},{"name":"0","from":[4.92065,2.90112,6.32688],"to":[5.52065,4.20112,6.97688],"rotation":{"angle":45,"axis":"z","origin":[8,7.9,8]},"faces":{"north":{"uv":[1.77778,14.22222,2,14.77778],"texture":"#0"},"east":{"uv":[7.11111,13.77778,7.44444,14.33333],"texture":"#0"},"south":{"uv":[2.22222,14.22222,2.44444,14.77778],"texture":"#0"},"west":{"uv":[7.55556,13.77778,7.88889,14.33333],"texture":"#0"}}},{"name":"0","from":[13.31811,5.73989,6.32688],"to":[13.91811,7.03989,6.97688],"rotation":{"angle":-45,"axis":"z","origin":[8,7.9,8]},"faces":{"north":{"uv":[14.22222,0.88889,14.44444,1.44444],"texture":"#0"},"east":{"uv":[6.66667,13.77778,7,14.33333],"texture":"#0"},"south":{"uv":[1.33333,14.22222,1.55556,14.77778],"texture":"#0"},"west":{"uv":[13.77778,6.66667,14.11111,7.22222],"texture":"#0"}}},{"name":"0","from":[8.43807,4.07028,9.46358],"to":[9.03807,4.72028,10.11358],"rotation":{"angle":45,"axis":"x","origin":[8,7.9,8]},"faces":{"north":{"uv":[8.44444,14.66667,8.66667,15],"texture":"#0"},"east":{"uv":[0.88889,14.66667,1.22222,15],"texture":"#0"},"south":{"uv":[14.66667,8.44444,14.88889,8.77778],"texture":"#0"},"west":{"uv":[14.66667,0.88889,15,1.22222],"texture":"#0"}}},{"name":"0","from":[8.43807,4.15707,6.59612],"to":[9.03807,5.70707,7.24612],"rotation":{"angle":0,"axis":"x","origin":[8,7.9,8]},"faces":{"north":{"uv":[13.77778,12.44444,14,13.11111],"texture":"#0"},"east":{"uv":[13.77778,4.44444,14.11111,5.11111],"texture":"#0"},"south":{"uv":[13.77778,13.33333,14,14],"texture":"#0"},"west":{"uv":[4.88889,13.77778,5.22222,14.44444],"texture":"#0"}}},{"name":"0","from":[8.32655,5.66972,6.48295],"to":[9.12655,6.46972,7.33295],"rotation":{"angle":0,"axis":"x","origin":[8,7.9,8]},"faces":{"north":{"uv":[14.22222,13.77778,14.55556,14.11111],"texture":"#0"},"east":{"uv":[14.22222,14.22222,14.55556,14.55556],"texture":"#0"},"south":{"uv":[0,14.66667,0.33333,15],"texture":"#0"},"west":{"uv":[14.66667,0,15,0.33333],"texture":"#0"},"down":{"uv":[15,0.44444,14.66667,0.77778],"texture":"#0"}}},{"name":"0","from":[8.43807,3.10707,6.32688],"to":[9.03807,4.15707,6.97688],"rotation":{"angle":0,"axis":"x","origin":[8,7.9,8]},"faces":{"north":{"uv":[4,14.66667,4.22222,15.11111],"texture":"#0"},"east":{"uv":[13.77778,10.66667,14.11111,11.11111],"texture":"#0"},"south":{"uv":[4.44444,14.66667,4.66667,15.11111],"texture":"#0"},"west":{"uv":[12.44444,13.77778,12.77778,14.22222],"texture":"#0"}}},{"name":"0","from":[10.97655,3.10707,6.32688],"to":[11.57655,4.90707,6.97688],"rotation":{"angle":0,"axis":"x","origin":[8,7.9,8]},"faces":{"north":{"uv":[11.55556,13.77778,11.77778,14.55556],"texture":"#0"},"east":{"uv":[7.55556,12.88889,7.88889,13.66667],"texture":"#0"},"south":{"uv":[12,13.77778,12.22222,14.55556],"texture":"#0"},"west":{"uv":[0.88889,13.77778,1.22222,14.55556],"texture":"#0"}}},{"name":"0","from":[10.97655,4.60061,8.93325],"to":[11.57655,5.40061,9.58325],"rotation":{"angle":45,"axis":"x","origin":[8,7.9,8]},"faces":{"north":{"uv":[6.22222,14.66667,6.44444,15],"texture":"#0"},"east":{"uv":[14.22222,13.33333,14.55556,13.66667],"texture":"#0"},"south":{"uv":[14.66667,6.22222,14.88889,6.55556],"texture":"#0"},"west":{"uv":[13.77778,14.22222,14.11111,14.55556],"texture":"#0"}}},{"name":"0","from":[10.87655,5.40061,8.83325],"to":[11.67655,6.20061,9.68325],"rotation":{"angle":45,"axis":"x","origin":[8,7.9,8]},"faces":{"north":{"uv":[14.22222,12,14.55556,12.33333],"texture":"#0"},"east":{"uv":[12.44444,14.22222,12.77778,14.55556],"texture":"#0"},"west":{"uv":[12.88889,14.22222,13.22222,14.55556],"texture":"#0"},"up":{"uv":[14.55556,13.22222,14.22222,12.88889],"texture":"#0"},"down":{"uv":[13.66667,14.22222,13.33333,14.55556],"texture":"#0"}}},{"name":"0","from":[21.18833,1.54261,7.87312],"to":[23.98833,2.14261,8.52312],"rotation":{"angle":45,"axis":"z","origin":[8,8,8]},"faces":{"north":{"uv":[12.88889,7.55556,14.11111,7.77778],"texture":"#0","cullface":"east"},"south":{"uv":[12.88889,9.33333,14.11111,9.55556],"texture":"#0","cullface":"east"},"up":{"uv":[14.11111,1.22222,12.88889,0.88889],"texture":"#0","cullface":"east"},"down":{"uv":[14.11111,3.11111,12.88889,3.44444],"texture":"#0","cullface":"east"}}},{"name":"0","from":[17.89384,6.98872,7.77312],"to":[22.69384,7.78872,8.62312],"rotation":{"angle":22.5,"axis":"z","origin":[8,8,8]},"faces":{"north":{"uv":[10.22222,8,12.33333,8.33333],"texture":"#0","cullface":"east"},"east":{"uv":[14.22222,11.11111,14.55556,11.44444],"texture":"#0","cullface":"east"},"south":{"uv":[10.66667,10.22222,12.77778,10.55556],"texture":"#0","cullface":"east"},"up":{"uv":[12.77778,11,10.66667,10.66667],"texture":"#0","cullface":"east"},"down":{"uv":[13.22222,1.33333,11.11111,1.66667],"texture":"#0","cullface":"east"}}},{"name":"0","from":[10.6455,-0.26366,8.44812],"to":[11.9455,2.03634,8.44812],"rotation":{"angle":0,"axis":"z","origin":[11.2955,1.13634,8.19812]},"faces":{"north":{"uv":[0,16,16,0],"rotation":90,"texture":"#2"},"south":{"uv":[16,16,0,0],"rotation":270,"texture":"#2"}}},{"name":"0","from":[10.6455,-0.26366,7.94812],"to":[11.9455,2.03634,7.94812],"rotation":{"angle":0,"axis":"z","origin":[11.2955,1.13634,8.19812]},"faces":{"north":{"uv":[0,16,16,0],"rotation":90,"texture":"#2"},"south":{"uv":[16,16,0,0],"rotation":270,"texture":"#2"}}},{"name":"0","from":[4.5545,5.48634,8.19812],"to":[9.8545,8.78634,8.19812],"rotation":{"angle":-45,"axis":"z","origin":[6.2045,15.63634,8.19812]},"faces":{"north":{"uv":[0,16,16,0],"rotation":270,"texture":"#3"},"south":{"uv":[16,16,0,0],"rotation":90,"texture":"#3"}}},{"name":"0","from":[3.49384,9.51147,7.69812],"to":[5.79384,11.81147,7.69812],"rotation":{"angle":0,"axis":"z","origin":[5.51884,10.91147,7.69812]},"faces":{"north":{"uv":[0,16,16,0],"rotation":270,"texture":"#4"},"south":{"uv":[16,16,0,0],"rotation":90,"texture":"#4"}}},{"name":"0","from":[5.74384,10.51147,7.69812],"to":[7.04384,11.81147,7.69812],"rotation":{"angle":0,"axis":"z","origin":[5.51884,10.91147,7.69812]},"faces":{"north":{"uv":[16,16,0,0],"rotation":270,"texture":"#4"},"south":{"uv":[0,16,16,0],"rotation":90,"texture":"#4"}}},{"name":"0","from":[8.95616,10.51147,7.69812],"to":[10.25616,11.81147,7.69812],"rotation":{"angle":0,"axis":"z","origin":[12.35616,12.66147,8.19812]},"faces":{"north":{"uv":[16,0,0,16],"rotation":270,"texture":"#4"},"south":{"uv":[0,0,16,16],"rotation":90,"texture":"#4"}}},{"name":"0","from":[10.20616,9.51147,7.69812],"to":[12.50616,11.81147,7.69812],"rotation":{"angle":0,"axis":"z","origin":[12.35616,12.66147,8.19812]},"faces":{"north":{"uv":[0,0,16,16],"rotation":270,"texture":"#4"},"south":{"uv":[16,0,0,16],"rotation":90,"texture":"#4"}}},{"name":"0","from":[6.1455,5.48634,8.19812],"to":[11.4455,8.78634,8.19812],"rotation":{"angle":45,"axis":"z","origin":[9.7955,15.63634,8.19812]},"faces":{"north":{"uv":[0,0,16,16],"rotation":270,"texture":"#3"},"south":{"uv":[16,0,0,16],"rotation":90,"texture":"#3"}}},{"name":"0","from":[10.1455,-0.01366,8.19812],"to":[12.4455,2.28634,8.19812],"rotation":{"angle":0,"axis":"z","origin":[11.2955,1.13634,8.19812]},"faces":{"north":{"uv":[0,0,16,16],"rotation":180,"texture":"#1"},"south":{"uv":[16,0,0,16],"rotation":180,"texture":"#1"}}},{"name":"0","from":[10.1455,3.48634,8.19812],"to":[28.9455,15.28634,8.19812],"rotation":{"angle":0,"axis":"z","origin":[8,8,8]},"faces":{"north":{"uv":[0,0,8.33333,5.22222],"texture":"#0"},"south":{"uv":[0,5.33333,8.33333,10.55556],"texture":"#0"}}},{"name":"0","from":[13.1455,3.48634,7.77312],"to":[13.9455,7.28634,8.62312],"rotation":{"angle":0,"axis":"z","origin":[8,8,8]},"faces":{"north":{"uv":[12.44444,2.22222,12.77778,3.88889],"texture":"#0"},"east":{"uv":[4,12.44444,4.33333,14.11111],"texture":"#0"},"south":{"uv":[12.44444,4,12.77778,5.66667],"texture":"#0"},"west":{"uv":[4.44444,12.44444,4.77778,14.11111],"texture":"#0"},"down":{"uv":[14.55556,10.66667,14.22222,11],"texture":"#0"}}},{"name":"0","from":[16.03709,-2.79072,7.77312],"to":[16.83709,3.00928,8.62312],"rotation":{"angle":45,"axis":"z","origin":[8,8,8]},"faces":{"north":{"uv":[9.33333,10.22222,9.66667,12.77778],"texture":"#0","cullface":"east"},"east":{"uv":[9.77778,10.22222,10.11111,12.77778],"texture":"#0","cullface":"east"},"south":{"uv":[10.22222,10.22222,10.55556,12.77778],"texture":"#0","cullface":"east"},"west":{"uv":[0,10.66667,0.33333,13.22222],"texture":"#0","cullface":"east"},"down":{"uv":[9.66667,14.22222,9.33333,14.55556],"texture":"#0","cullface":"east"}}},{"name":"0","from":[12.05391,11.9,7.77312],"to":[12.85391,15.7,8.62312],"rotation":{"angle":-45,"axis":"z","origin":[8,8,8]},"faces":{"north":{"uv":[3.11111,12,3.44444,13.66667],"texture":"#0"},"east":{"uv":[3.55556,12,3.88889,13.66667],"texture":"#0"},"south":{"uv":[8.44444,12,8.77778,13.66667],"texture":"#0"},"west":{"uv":[8.88889,12,9.22222,13.66667],"texture":"#0"}}},{"name":"0","from":[10.82011,4.12599,7.67312],"to":[11.82011,6.92599,8.72312],"rotation":{"angle":45,"axis":"z","origin":[8,8,8]},"faces":{"north":{"uv":[5.33333,12.44444,5.77778,13.66667],"texture":"#0"},"east":{"uv":[5.77778,12.44444,6.22222,13.66667],"texture":"#0"},"south":{"uv":[12.44444,5.77778,12.88889,7],"texture":"#0"},"west":{"uv":[6.22222,12.44444,6.66667,13.66667],"texture":"#0"}}},{"name":"0","from":[11.16429,7.60399,7.12312],"to":[11.56429,8.00399,9.27312],"rotation":{"angle":45,"axis":"z","origin":[8,8,8]},"faces":{"east":{"uv":[13.77778,3.55556,14.77778,3.77778],"texture":"#0"},"west":{"uv":[13.77778,4,14.77778,4.22222],"texture":"#0"},"up":{"uv":[3.33333,14.77778,3.11111,13.77778],"texture":"#0"},"down":{"uv":[3.77778,13.77778,3.55556,14.77778],"texture":"#0"}}},{"name":"0","from":[10.96429,7.40399,9.22312],"to":[11.76429,8.20399,9.47312],"rotation":{"angle":45,"axis":"z","origin":[8,8,8]},"faces":{"north":{"uv":[14.22222,7.11111,14.55556,7.44444],"texture":"#0"},"east":{"uv":[15.11111,2.66667,15.22222,3],"texture":"#0"},"south":{"uv":[14.22222,7.55556,14.55556,7.88889],"texture":"#0"},"west":{"uv":[3.11111,15.11111,3.22222,15.44444],"texture":"#0"},"up":{"uv":[15.44444,3.22222,15.11111,3.11111],"texture":"#0"},"down":{"uv":[3.88889,15.11111,3.55556,15.22222],"texture":"#0"}}},{"name":"0","from":[10.96429,7.40399,6.87312],"to":[11.76429,8.20399,7.12312],"rotation":{"angle":45,"axis":"z","origin":[8,8,8]},"faces":{"north":{"uv":[14.22222,6.22222,14.55556,6.55556],"texture":"#0"},"east":{"uv":[15.11111,1.77778,15.22222,2.11111],"texture":"#0"},"south":{"uv":[14.22222,6.66667,14.55556,7],"texture":"#0"},"west":{"uv":[2.22222,15.11111,2.33333,15.44444],"texture":"#0"},"up":{"uv":[15.44444,2.33333,15.11111,2.22222],"texture":"#0"},"down":{"uv":[3,15.11111,2.66667,15.22222],"texture":"#0"}}},{"name":"0","from":[16.02011,3.12599,8.97312],"to":[16.82011,3.92599,9.22312],"rotation":{"angle":45,"axis":"z","origin":[8,8,8]},"faces":{"north":{"uv":[14.22222,5.77778,14.55556,6.11111],"texture":"#0","cullface":"east"},"east":{"uv":[15.11111,0.88889,15.22222,1.22222],"texture":"#0","cullface":"east"},"south":{"uv":[6.22222,14.22222,6.55556,14.55556],"texture":"#0","cullface":"east"},"west":{"uv":[1.33333,15.11111,1.44444,15.44444],"texture":"#0","cullface":"east"},"up":{"uv":[15.44444,1.44444,15.11111,1.33333],"texture":"#0","cullface":"east"},"down":{"uv":[2.11111,15.11111,1.77778,15.22222],"texture":"#0","cullface":"east"}}},{"name":"0","from":[15.67011,2.77599,7.52312],"to":[17.17011,4.27599,8.87312],"rotation":{"angle":45,"axis":"z","origin":[8,8,8]},"faces":{"north":{"uv":[2.22222,12.88889,2.88889,13.55556],"texture":"#0","cullface":"east"},"east":{"uv":[6.66667,12.88889,7.22222,13.55556],"texture":"#0","cullface":"east"},"south":{"uv":[12.88889,2.22222,13.55556,2.88889],"texture":"#0","cullface":"east"},"west":{"uv":[12.88889,8.44444,13.44444,9.11111],"texture":"#0","cullface":"east"},"up":{"uv":[10,13.44444,9.33333,12.88889],"texture":"#0","cullface":"east"},"down":{"uv":[10.88889,12.88889,10.22222,13.44444],"texture":"#0","cullface":"east"}}},{"name":"0","from":[16.22011,3.32599,7.37312],"to":[16.62011,3.72599,9.02312],"rotation":{"angle":45,"axis":"z","origin":[8,8,8]},"faces":{"east":{"uv":[13.77778,8.88889,14.55556,9.11111],"texture":"#0","cullface":"east"},"west":{"uv":[13.77778,10.22222,14.55556,10.44444],"texture":"#0","cullface":"east"},"up":{"uv":[10.88889,14.55556,10.66667,13.77778],"texture":"#0","cullface":"east"},"down":{"uv":[11.33333,13.77778,11.11111,14.55556],"texture":"#0","cullface":"east"}}},{"name":"0","from":[16.02011,3.12599,7.12312],"to":[16.82011,3.92599,7.37312],"rotation":{"angle":45,"axis":"z","origin":[8,8,8]},"faces":{"north":{"uv":[14.22222,5.33333,14.55556,5.66667],"texture":"#0","cullface":"east"},"east":{"uv":[15.11111,0,15.22222,0.33333],"texture":"#0","cullface":"east"},"south":{"uv":[5.77778,14.22222,6.11111,14.55556],"texture":"#0","cullface":"east"},"west":{"uv":[0.44444,15.11111,0.55556,15.44444],"texture":"#0","cullface":"east"},"up":{"uv":[15.44444,0.55556,15.11111,0.44444],"texture":"#0","cullface":"east"},"down":{"uv":[1.22222,15.11111,0.88889,15.22222],"texture":"#0","cullface":"east"}}},{"name":"0","from":[10.92011,3.12599,7.12312],"to":[11.72011,3.92599,7.37312],"rotation":{"angle":45,"axis":"z","origin":[8,8,8]},"faces":{"north":{"uv":[14.22222,4.88889,14.55556,5.22222],"texture":"#0"},"east":{"uv":[14.22222,14.66667,14.33333,15],"texture":"#0"},"south":{"uv":[5.33333,14.22222,5.66667,14.55556],"texture":"#0"},"west":{"uv":[14.66667,14.22222,14.77778,14.55556],"texture":"#0"},"up":{"uv":[15,14.77778,14.66667,14.66667],"texture":"#0"},"down":{"uv":[0.33333,15.11111,0,15.22222],"texture":"#0"}}},{"name":"0","from":[10.92011,3.12599,8.97312],"to":[11.72011,3.92599,9.22312],"rotation":{"angle":45,"axis":"z","origin":[8,8,8]},"faces":{"north":{"uv":[4.44444,14.22222,4.77778,14.55556],"texture":"#0"},"east":{"uv":[13.33333,14.66667,13.44444,15],"texture":"#0"},"south":{"uv":[14.22222,4.44444,14.55556,4.77778],"texture":"#0"},"west":{"uv":[14.66667,13.33333,14.77778,13.66667],"texture":"#0"},"up":{"uv":[14.11111,14.77778,13.77778,14.66667],"texture":"#0"},"down":{"uv":[15,13.77778,14.66667,13.88889],"texture":"#0"}}},{"name":"0","from":[11.12011,3.32599,7.37312],"to":[11.52011,3.72599,9.02312],"rotation":{"angle":45,"axis":"z","origin":[8,8,8]},"faces":{"east":{"uv":[13.77778,8.44444,14.55556,8.66667],"texture":"#0"},"west":{"uv":[8.88889,13.77778,9.66667,14],"texture":"#0"},"up":{"uv":[10,14.55556,9.77778,13.77778],"texture":"#0"},"down":{"uv":[10.44444,13.77778,10.22222,14.55556],"texture":"#0"}}},{"name":"0","from":[10.67011,2.87599,7.52312],"to":[11.97011,4.17599,8.87312],"rotation":{"angle":45,"axis":"z","origin":[8,8,8]},"faces":{"north":{"uv":[12,12.88889,12.55556,13.44444],"texture":"#0"},"east":{"uv":[12.88889,12.44444,13.44444,13],"texture":"#0"},"south":{"uv":[13.33333,1.33333,13.88889,1.88889],"texture":"#0"},"west":{"uv":[13.33333,11.11111,13.88889,11.66667],"texture":"#0"},"up":{"uv":[13.44444,13.88889,12.88889,13.33333],"texture":"#0"},"down":{"uv":[0.55556,13.77778,0,14.33333],"texture":"#0"}}},{"name":"0","from":[10.42011,6.87599,7.27312],"to":[12.22011,8.67599,9.12312],"rotation":{"angle":45,"axis":"z","origin":[8,8,8]},"faces":{"north":{"uv":[11.55556,2.22222,12.33333,3],"texture":"#0"},"east":{"uv":[11.55556,3.11111,12.33333,3.88889],"texture":"#0"},"south":{"uv":[4,11.55556,4.77778,12.33333],"texture":"#0"},"west":{"uv":[11.55556,4,12.33333,4.77778],"texture":"#0"},"up":{"uv":[5.66667,12.33333,4.88889,11.55556],"texture":"#0"},"down":{"uv":[12.33333,4.88889,11.55556,5.66667],"texture":"#0"}}},{"name":"0","from":[9.82011,7.32599,6.89812],"to":[10.77011,8.31422,9.49812],"rotation":{"angle":45,"axis":"z","origin":[8,8,8]},"faces":{"north":{"uv":[5.77778,13.77778,6.22222,14.22222],"texture":"#0"},"east":{"uv":[12.44444,7.11111,13.55556,7.55556],"texture":"#0"},"south":{"uv":[13.77778,5.77778,14.22222,6.22222],"texture":"#0"},"west":{"uv":[12.44444,8,13.55556,8.44444],"texture":"#0"},"up":{"uv":[8.44444,13.55556,8,12.44444],"texture":"#0"},"down":{"uv":[12.88889,8.44444,12.44444,9.55556],"texture":"#0"}}},{"name":"0","from":[10.45589,1.84559,7.29812],"to":[12.14411,2.14559,9.09812],"rotation":{"angle":0,"axis":"y","origin":[8,8,8]},"faces":{"north":{"uv":[14.66667,4.44444,15.44444,4.55556],"texture":"#0"},"east":{"uv":[4.88889,14.66667,5.66667,14.77778],"texture":"#0"},"south":{"uv":[14.66667,4.88889,15.44444,5],"texture":"#0"},"west":{"uv":[14.66667,5.33333,15.44444,5.44444],"texture":"#0"},"up":{"uv":[9.22222,11.88889,8.44444,11.11111],"texture":"#0"},"down":{"uv":[12.33333,0,11.55556,0.77778],"texture":"#0"}}},{"name":"0","from":[10.80589,6.34559,7.64812],"to":[11.79411,6.89559,8.74812],"rotation":{"angle":0,"axis":"y","origin":[8,8,8]},"faces":{"north":{"uv":[14.66667,1.33333,15.11111,1.55556],"texture":"#0"},"east":{"uv":[14.66667,2.22222,15.11111,2.44444],"texture":"#0"},"south":{"uv":[2.66667,14.66667,3.11111,14.88889],"texture":"#0"},"west":{"uv":[14.66667,2.66667,15.11111,2.88889],"texture":"#0"},"up":{"uv":[5.77778,14.22222,5.33333,13.77778],"texture":"#0"}}},{"name":"0","from":[8.83187,5.01359,7.79812],"to":[10.63187,5.75182,8.59812],"rotation":{"angle":0,"axis":"z","origin":[8,8,8]},"faces":{"north":{"uv":[11.55556,0.88889,12.33333,1.22222],"texture":"#0"},"south":{"uv":[13.33333,12,14.11111,12.33333],"texture":"#0"},"up":{"uv":[14.55556,0.33333,13.77778,0],"texture":"#0"},"down":{"uv":[14.55556,0.44444,13.77778,0.77778],"texture":"#0"}}},{"name":"0","from":[7.53003,4.6916,7.54812],"to":[8.76825,5.7416,8.84812],"rotation":{"angle":22.5,"axis":"z","origin":[8,8,8]},"faces":{"north":{"uv":[1.33333,13.77778,1.88889,14.22222],"texture":"#0"},"east":{"uv":[2.22222,13.77778,2.77778,14.22222],"texture":"#0"},"south":{"uv":[13.77778,2.22222,14.33333,2.66667],"texture":"#0"},"west":{"uv":[13.77778,2.66667,14.33333,3.11111],"texture":"#0"},"down":{"uv":[11.66667,12.88889,11.11111,13.44444],"texture":"#0"}}},{"name":"0","from":[10.80589,3.34559,7.64812],"to":[11.79411,3.64559,8.74812],"rotation":{"angle":0,"axis":"y","origin":[8,8,8]},"faces":{"north":{"uv":[11.11111,14.66667,11.55556,14.77778],"texture":"#0"},"east":{"uv":[14.66667,11.11111,15.11111,11.22222],"texture":"#0"},"south":{"uv":[11.55556,14.66667,12,14.77778],"texture":"#0"},"west":{"uv":[14.66667,11.55556,15.11111,11.66667],"texture":"#0"}}},{"name":"0","from":[10.55589,2.09559,7.39812],"to":[12.04411,3.39559,8.99812],"rotation":{"angle":0,"axis":"y","origin":[8,8,8]},"faces":{"north":{"uv":[12.88889,3.55556,13.55556,4.11111],"texture":"#0"},"east":{"uv":[12.88889,4.44444,13.55556,5],"texture":"#0"},"south":{"uv":[12.88889,5.33333,13.55556,5.88889],"texture":"#0"},"west":{"uv":[12.88889,6.22222,13.55556,6.77778],"texture":"#0"},"up":{"uv":[1.11111,13.55556,0.44444,12.88889],"texture":"#0"}}},{"name":"0","from":[10.55589,3.59559,7.39812],"to":[12.04411,6.39559,8.99812],"rotation":{"angle":0,"axis":"y","origin":[8,8,8]},"faces":{"north":{"uv":[0.44444,10.66667,1.11111,11.88889],"texture":"#0"},"east":{"uv":[1.33333,10.66667,2,11.88889],"texture":"#0"},"south":{"uv":[2.22222,10.66667,2.88889,11.88889],"texture":"#0"},"west":{"uv":[3.11111,10.66667,3.77778,11.88889],"texture":"#0"},"up":{"uv":[13.11111,12.22222,12.44444,11.55556],"texture":"#0"},"down":{"uv":[13.55556,0,12.88889,0.66667],"texture":"#0"}}},{"name":"0","from":[6.75589,6.34559,6.39812],"to":[9.24411,9.14559,7.49812],"rotation":{"angle":0,"axis":"y","origin":[8,8,8]},"faces":{"north":{"uv":[10.22222,0,11.33333,1.22222],"texture":"#0"},"east":{"uv":[12.44444,0,12.88889,1.22222],"texture":"#0"},"south":{"uv":[10.22222,4,11.33333,5.22222],"texture":"#0"},"west":{"uv":[4.88889,12.44444,5.33333,13.66667],"texture":"#0"},"up":{"uv":[12.66667,8,11.55556,7.55556],"texture":"#0"},"down":{"uv":[7.77778,12.44444,6.66667,12.88889],"texture":"#0"}}},{"name":"0","from":[6.82599,5.42011,7.39812],"to":[8.81422,10.22011,8.99812],"rotation":{"angle":45,"axis":"z","origin":[8,8,8]},"faces":{"north":{"uv":[8.44444,0,9.33333,2.11111],"texture":"#0"},"south":{"uv":[8.44444,2.22222,9.33333,4.33333],"texture":"#0"},"up":{"uv":[6.66667,12.22222,5.77778,11.55556],"texture":"#0"},"down":{"uv":[12.44444,5.77778,11.55556,6.44444],"texture":"#0"}}},{"name":"0","from":[5.6,6.75148,7.14812],"to":[7,8.7397,9.24812],"rotation":{"angle":0,"axis":"y","origin":[8,8,8]},"faces":{"north":{"uv":[7.55556,11.55556,8.22222,12.44444],"texture":"#0"},"east":{"uv":[4.88889,10.66667,5.77778,11.55556],"texture":"#0"},"south":{"uv":[11.55556,8.44444,12.22222,9.33333],"texture":"#0"},"west":{"uv":[5.77778,10.66667,6.66667,11.55556],"texture":"#0"},"up":{"uv":[12.22222,10.22222,11.55556,9.33333],"texture":"#0"},"down":{"uv":[11.33333,11.55556,10.66667,12.44444],"texture":"#0"}}},{"name":"0","from":[7.00589,5.34559,7.14812],"to":[8.99411,10.14559,9.24812],"rotation":{"angle":0,"axis":"y","origin":[8,8,8]},"faces":{"north":{"uv":[8.44444,4.44444,9.33333,6.55556],"texture":"#0"},"east":{"uv":[8.44444,6.66667,9.33333,8.77778],"texture":"#0"},"south":{"uv":[8.44444,8.88889,9.33333,11],"texture":"#0"},"west":{"uv":[9.33333,0,10.22222,2.11111],"texture":"#0"},"up":{"uv":[11.11111,2.22222,10.22222,1.33333],"texture":"#0"},"down":{"uv":[4.88889,10.66667,4,11.55556],"texture":"#0"}}},{"name":"0","from":[9,6.75148,7.14812],"to":[10.4,8.7397,9.24812],"rotation":{"angle":0,"axis":"y","origin":[8,8,8]},"faces":{"north":{"uv":[11.55556,11.55556,12.22222,12.44444],"texture":"#0"},"east":{"uv":[6.66667,10.66667,7.55556,11.55556],"texture":"#0"},"south":{"uv":[0.44444,12,1.11111,12.88889],"texture":"#0"},"west":{"uv":[7.55556,10.66667,8.44444,11.55556],"texture":"#0"},"up":{"uv":[2,12.88889,1.33333,12],"texture":"#0"},"down":{"uv":[2.88889,12,2.22222,12.88889],"texture":"#0"}}},{"name":"0","from":[5.42011,6.82599,7.39812],"to":[10.22011,8.81422,8.99812],"rotation":{"angle":45,"axis":"z","origin":[8,8,8]},"faces":{"north":{"uv":[9.33333,2.22222,11.44444,3.11111],"texture":"#0"},"east":{"uv":[6.66667,11.55556,7.33333,12.44444],"texture":"#0"},"south":{"uv":[9.33333,3.11111,11.44444,4],"texture":"#0"},"west":{"uv":[11.55556,6.66667,12.22222,7.55556],"texture":"#0"}}}],"gui_light":"front","display":{"thirdperson_righthand":{"rotation":[44.25,0,0],"scale":[0.4,0.4,0.4]},"thirdperson_lefthand":{"rotation":[-112.24,0,-179.98],"translation":[-6,-7.25,10.75],"scale":[1.7,1.7,1.7]},"firstperson_righthand":{"translation":[0,3.5,0],"scale":[0.80859,0.80859,0.80859]},"firstperson_lefthand":{"scale":[0,0,0]},"ground":{"translation":[0,5.25,0]},"gui":{"translation":[0,-0.25,0],"scale":[0.43164,0.43164,0.43164]},"head":{"rotation":[0,-180,0],"translation":[0,-49.5,6.25],"scale":[2.5,2.5,2.5]},"fixed":{"rotation":[0,-180,0],"translation":[0,2.75,-5],"scale":[2,2,2]}}}