{
	"credit": "Made with Blockbench",
	"texture_size": [24, 24],
	"textures": {
		"0": "blaze:crossbow1",
		"1": "blaze:animation_4",
		"particle": "blaze:crossbow1"
	},
	"elements": [
		{
			"from": [7.5, 7.37657, 6.5],
			"to": [8.5, 8.37657, 10.5],
			"rotation": {"angle": 0, "axis": "y", "origin": [7.5, 4.37657, 7.5]},
			"faces": {
				"north": {"uv": [1.33333, 12, 2, 12.66667], "texture": "#0"},
				"east": {"uv": [7.33333, 8, 10, 8.66667], "texture": "#0"},
				"south": {"uv": [2, 12, 2.66667, 12.66667], "texture": "#0"},
				"west": {"uv": [8.66667, 1.33333, 11.33333, 2], "texture": "#0"},
				"up": {"uv": [3.33333, 10, 2.66667, 7.33333], "texture": "#0"},
				"down": {"uv": [8, 8.66667, 7.33333, 11.33333], "texture": "#0"}
			}
		},
		{
			"from": [7.505, 7.58367, 5.5],
			"to": [8.495, 8.58367, 7],
			"rotation": {"angle": 45, "axis": "x", "origin": [8.005, 8.08367, 6.5]},
			"faces": {
				"north": {"uv": [12, 2, 12.66667, 2.66667], "texture": "#0"},
				"east": {"uv": [10.66667, 3.33333, 11.66667, 4], "texture": "#0"},
				"south": {"uv": [2.66667, 12, 3.33333, 12.66667], "texture": "#0"},
				"west": {"uv": [10.66667, 4, 11.66667, 4.66667], "texture": "#0"},
				"up": {"uv": [1.33333, 11.66667, 0.66667, 10.66667], "texture": "#0"},
				"down": {"uv": [5.33333, 10.66667, 4.66667, 11.66667], "texture": "#0"}
			}
		},
		{
			"from": [7.505, 7.58367, 10],
			"to": [8.495, 8.58367, 11.5],
			"rotation": {"angle": -45, "axis": "x", "origin": [8.005, 8.08367, 10.5]},
			"faces": {
				"north": {"uv": [3.33333, 12, 4, 12.66667], "texture": "#0"},
				"east": {"uv": [10.66667, 4.66667, 11.66667, 5.33333], "texture": "#0"},
				"south": {"uv": [12, 3.33333, 12.66667, 4], "texture": "#0"},
				"west": {"uv": [5.33333, 10.66667, 6.33333, 11.33333], "texture": "#0"},
				"up": {"uv": [11.33333, 6.33333, 10.66667, 5.33333], "texture": "#0"},
				"down": {"uv": [7.33333, 10.66667, 6.66667, 11.66667], "texture": "#0"}
			}
		},
		{
			"from": [7.505, 7.33723, 13.84645],
			"to": [8.495, 8.53723, 16.14645],
			"rotation": {"angle": 45, "axis": "x", "origin": [8.005, 7.83723, 15.14645]},
			"faces": {
				"north": {"uv": [7.33333, 11.33333, 8, 12.16667], "texture": "#0"},
				"east": {"uv": [3.33333, 9.33333, 4.83333, 10.16667], "texture": "#0"},
				"south": {"uv": [11.33333, 11.33333, 12, 12.16667], "texture": "#0"},
				"west": {"uv": [5.33333, 9.33333, 6.83333, 10.16667], "texture": "#0"},
				"up": {"uv": [3.33333, 11.5, 2.66667, 10], "texture": "#0"},
				"down": {"uv": [10.66667, 5.33333, 10, 6.83333], "texture": "#0"}
			}
		},
		{
			"from": [7.4, 8.37657, 4.5],
			"to": [8.6, 9.37657, 9.5],
			"rotation": {"angle": 0, "axis": "y", "origin": [7.6, 4.37657, 7.5]},
			"faces": {
				"north": {"uv": [11.33333, 2.66667, 12.16667, 3.33333], "texture": "#0"},
				"east": {"uv": [7.33333, 0, 10.66667, 0.66667], "texture": "#0"},
				"south": {"uv": [5.33333, 11.33333, 6.16667, 12], "texture": "#0"},
				"west": {"uv": [7.33333, 0.66667, 10.66667, 1.33333], "texture": "#0"},
				"up": {"uv": [4.16667, 9.33333, 3.33333, 6], "texture": "#0"},
				"down": {"uv": [5.5, 6, 4.66667, 9.33333], "texture": "#0"}
			}
		},
		{
			"from": [7.4, 8.37657, 13.5],
			"to": [8.6, 9.37657, 18.5],
			"rotation": {"angle": 0, "axis": "y", "origin": [7.6, 4.37657, 16.5]},
			"faces": {
				"north": {"uv": [11.33333, 7.33333, 12.16667, 8], "texture": "#0"},
				"east": {"uv": [7.33333, 4, 10.66667, 4.66667], "texture": "#0"},
				"south": {"uv": [10, 11.33333, 10.83333, 12], "texture": "#0"},
				"west": {"uv": [7.33333, 4.66667, 10.66667, 5.33333], "texture": "#0"},
				"up": {"uv": [6.83333, 9.33333, 6, 6], "texture": "#0"},
				"down": {"uv": [0.83333, 7.33333, 0, 10.66667], "texture": "#0"}
			}
		},
		{
			"from": [7.6, 6.87657, 18.5],
			"to": [8.4, 9.27657, 18.7],
			"rotation": {"angle": 0, "axis": "y", "origin": [7.6, 4.37657, 16.9]},
			"faces": {
				"north": {"uv": [10, 9.33333, 10.5, 11], "texture": "#0"},
				"east": {"uv": [0, 12.66667, 0.16667, 14.33333], "texture": "#0"},
				"south": {"uv": [0, 10.66667, 0.5, 12.33333], "texture": "#0"},
				"west": {"uv": [12.66667, 2, 12.83333, 3.66667], "texture": "#0"},
				"up": {"uv": [13.16667, 12.83333, 12.66667, 12.66667], "texture": "#0"},
				"down": {"uv": [1.83333, 13.33333, 1.33333, 13.5], "texture": "#0"}
			}
		},
		{
			"from": [7.5, 6.77657, 15.5],
			"to": [8.5, 8.37657, 18.5],
			"rotation": {"angle": 0, "axis": "y", "origin": [7.6, 3.37657, 16.5]},
			"faces": {
				"north": {"uv": [8, 10.66667, 8.66667, 11.66667], "texture": "#0"},
				"east": {"uv": [7.33333, 5.33333, 9.33333, 6.33333], "texture": "#0"},
				"south": {"uv": [8.66667, 10.66667, 9.33333, 11.66667], "texture": "#0"},
				"west": {"uv": [7.33333, 6.66667, 9.33333, 7.66667], "texture": "#0"},
				"up": {"uv": [8.66667, 10.66667, 8, 8.66667], "texture": "#0"},
				"down": {"uv": [9.33333, 8.66667, 8.66667, 10.66667], "texture": "#0"}
			}
		},
		{
			"from": [7.35, 8.37657, 9.5],
			"to": [8.65, 9.42657, 13.5],
			"rotation": {"angle": 0, "axis": "y", "origin": [7.65, 4.37657, 7.5]},
			"faces": {
				"north": {"uv": [11.33333, 5.33333, 12.16667, 6], "texture": "#0"},
				"east": {"uv": [8.66667, 2, 11.33333, 2.66667], "texture": "#0"},
				"south": {"uv": [11.33333, 6, 12.16667, 6.66667], "texture": "#0"},
				"west": {"uv": [8.66667, 2.66667, 11.33333, 3.33333], "texture": "#0"},
				"up": {"uv": [2.16667, 10, 1.33333, 7.33333], "texture": "#0"},
				"down": {"uv": [8.16667, 1.33333, 7.33333, 4], "texture": "#0"}
			}
		},
		{
			"from": [7.5, 5.97657, 12.7],
			"to": [8.5, 8.47657, 13.7],
			"rotation": {"angle": -22.5, "axis": "x", "origin": [7.5, 7.47657, 12.7]},
			"faces": {
				"north": {"uv": [9.33333, 5.33333, 10, 7], "texture": "#0"},
				"east": {"uv": [9.33333, 8.66667, 10, 10.33333], "texture": "#0"},
				"south": {"uv": [1.33333, 10, 2, 11.66667], "texture": "#0"},
				"west": {"uv": [2, 10, 2.66667, 11.66667], "texture": "#0"},
				"up": {"uv": [4.66667, 12.66667, 4, 12], "texture": "#0"},
				"down": {"uv": [12.66667, 4, 12, 4.66667], "texture": "#0"}
			}
		},
		{
			"from": [7.4, 5.97343, 13.0479],
			"to": [8.6, 6.47343, 14.2479],
			"rotation": {"angle": 0, "axis": "x", "origin": [8, 6.22343, 13.7479]},
			"faces": {
				"north": {"uv": [12.66667, 0, 13.5, 0.33333], "texture": "#0"},
				"east": {"uv": [12.66667, 0.66667, 13.5, 1], "texture": "#0"},
				"south": {"uv": [1.33333, 12.66667, 2.16667, 13], "texture": "#0"},
				"west": {"uv": [12.66667, 1.33333, 13.5, 1.66667], "texture": "#0"},
				"up": {"uv": [11.5, 0.83333, 10.66667, 0], "texture": "#0"},
				"down": {"uv": [4.16667, 10.66667, 3.33333, 11.5], "texture": "#0"}
			}
		},
		{
			"from": [7.75, 7.37657, 10.5],
			"to": [8.25, 7.57657, 12.8],
			"rotation": {"angle": 0, "axis": "y", "origin": [-0.255, -0.42343, 2.5]},
			"faces": {
				"north": {"uv": [2, 13.33333, 2.33333, 13.5], "texture": "#0"},
				"east": {"uv": [2.66667, 12.66667, 4.16667, 12.83333], "texture": "#0"},
				"south": {"uv": [13.33333, 2, 13.66667, 2.16667], "texture": "#0"},
				"west": {"uv": [12.66667, 4, 14.16667, 4.16667], "texture": "#0"},
				"up": {"uv": [12.33333, 1.5, 12, 0], "texture": "#0"},
				"down": {"uv": [1, 12, 0.66667, 13.5], "texture": "#0"}
			}
		},
		{
			"from": [7.8, 7.72657, 11.85],
			"to": [8.2, 8.62657, 12.05],
			"rotation": {"angle": 22.5, "axis": "x", "origin": [7.95, 7.87657, 11.95]},
			"faces": {
				"north": {"uv": [5.33333, 12.66667, 5.66667, 13.33333], "texture": "#0"},
				"east": {"uv": [8, 12.66667, 8.16667, 13.33333], "texture": "#0"},
				"south": {"uv": [12.66667, 5.33333, 13, 6], "texture": "#0"},
				"west": {"uv": [12.66667, 8, 12.83333, 8.66667], "texture": "#0"},
				"up": {"uv": [3, 13.5, 2.66667, 13.33333], "texture": "#0"},
				"down": {"uv": [13.66667, 2.66667, 13.33333, 2.83333], "texture": "#0"}
			}
		},
		{
			"from": [7.75, 9.22657, 12.6],
			"to": [8.25, 9.72657, 13.1],
			"rotation": {"angle": 45, "axis": "x", "origin": [8, 9.47657, 12.85]},
			"faces": {
				"north": {"uv": [8.66667, 12.66667, 9, 13], "texture": "#0"},
				"east": {"uv": [9.33333, 12.66667, 9.66667, 13], "texture": "#0"},
				"south": {"uv": [10, 12.66667, 10.33333, 13], "texture": "#0"},
				"west": {"uv": [10.66667, 12.66667, 11, 13], "texture": "#0"},
				"up": {"uv": [11.66667, 13, 11.33333, 12.66667], "texture": "#0"},
				"down": {"uv": [13, 11.33333, 12.66667, 11.66667], "texture": "#0"}
			}
		},
		{
			"from": [2.5, 9.66862, 6.31546],
			"to": [13.5, 9.66862, 12.81546],
			"rotation": {"angle": 0, "axis": "y", "origin": [2.5, 9.66862, 6.31546]},
			"faces": {
				"north": {"uv": [0, 0, 7.33333, 0], "texture": "#0"},
				"east": {"uv": [0, 0, 4.33333, 0], "texture": "#0"},
				"south": {"uv": [0, 0, 7.33333, 0], "texture": "#0"},
				"west": {"uv": [0, 0, 4.33333, 0], "texture": "#0"},
				"up": {"uv": [7.33333, 0, 0, 4.33333], "texture": "#0"},
				"down": {"uv": [0, 4.33333, 7.33333, 0], "texture": "#0"}
			}
		},
		{
			"from": [8, 9.12657, -1.5],
			"to": [8, 10.42657, 9.5],
			"rotation": {"angle": 45, "axis": "z", "origin": [8, 9.77657, 4]},
			"faces": {
				"north": {"uv": [0, 0, 0, 0.83333], "texture": "#0"},
				"east": {"uv": [0, 4.66667, 7.33333, 5.5], "rotation": 180, "texture": "#0"},
				"south": {"uv": [0, 0, 0, 0.83333], "texture": "#0"},
				"west": {"uv": [0, 4.66667, 7.33333, 5.5], "texture": "#0"},
				"up": {"uv": [0, 7.33333, 0, 0], "texture": "#0"},
				"down": {"uv": [0, 0, 0, 7.33333], "texture": "#0"}
			}
		},
		{
			"from": [8, 9.12657, -1.5],
			"to": [8, 10.42657, 9.5],
			"rotation": {"angle": -45, "axis": "z", "origin": [8, 9.77657, 4]},
			"faces": {
				"north": {"uv": [0, 0, 0, 0.83333], "texture": "#0"},
				"east": {"uv": [0, 4.66667, 7.33333, 5.5], "rotation": 180, "texture": "#0"},
				"south": {"uv": [0, 0, 0, 0.83333], "texture": "#0"},
				"west": {"uv": [0, 4.66667, 7.33333, 5.5], "texture": "#0"},
				"up": {"uv": [0, 7.33333, 0, 0], "texture": "#0"},
				"down": {"uv": [0, 0, 0, 7.33333], "texture": "#0"}
			}
		},
		{
			"from": [8.1, 8.58367, 4.525],
			"to": [9.5, 9.58367, 5.525],
			"rotation": {"angle": 45, "axis": "z", "origin": [8.6, 9.08367, 5.025]},
			"faces": {
				"north": {"uv": [11.66667, 6.66667, 10.66667, 7.33333], "texture": "#0"},
				"east": {"uv": [12.66667, 4.66667, 12, 5.33333], "texture": "#0"},
				"south": {"uv": [11.66667, 9.33333, 10.66667, 10], "texture": "#0"},
				"west": {"uv": [5.33333, 12, 4.66667, 12.66667], "texture": "#0"},
				"up": {"uv": [10.66667, 10.66667, 11.66667, 10], "texture": "#0"},
				"down": {"uv": [10.66667, 10.66667, 11.66667, 11.33333], "texture": "#0"}
			}
		},
		{
			"from": [8.88284, 9.07362, 4.53],
			"to": [9.88284, 10.07362, 5.52],
			"rotation": {"angle": 0, "axis": "y", "origin": [10.88284, 9.07362, 4.505]},
			"faces": {
				"north": {"uv": [6, 12, 5.33333, 12.66667], "texture": "#0"},
				"east": {"uv": [12.66667, 6.66667, 12, 7.33333], "texture": "#0"},
				"south": {"uv": [7.33333, 12, 6.66667, 12.66667], "texture": "#0"},
				"west": {"uv": [6.66667, 12, 6, 12.66667], "texture": "#0"},
				"up": {"uv": [8, 12.66667, 8.66667, 12], "texture": "#0"},
				"down": {"uv": [12, 8, 12.66667, 8.66667], "texture": "#0"}
			}
		},
		{
			"from": [9.88284, 9.17362, 4.63],
			"to": [12.88284, 9.97362, 5.42],
			"rotation": {"angle": 0, "axis": "y", "origin": [11.88284, 9.07362, 4.505]},
			"faces": {
				"north": {"uv": [10.66667, 3.33333, 8.66667, 3.83333], "texture": "#0"},
				"east": {"uv": [13.16667, 4.66667, 12.66667, 5.16667], "texture": "#0"},
				"south": {"uv": [11.33333, 7.33333, 9.33333, 7.83333], "texture": "#0"},
				"west": {"uv": [5.16667, 12.66667, 4.66667, 13.16667], "texture": "#0"},
				"up": {"uv": [10, 8.5, 12, 8], "texture": "#0"},
				"down": {"uv": [10, 8.66667, 12, 9.16667], "texture": "#0"}
			}
		},
		{
			"from": [10.3642, 9.32362, 4.27497],
			"to": [12.3642, 9.82362, 4.66497],
			"rotation": {"angle": 0, "axis": "y", "origin": [11.3642, 9.57362, 4.26997]},
			"faces": {
				"north": {"uv": [13.33333, 9.33333, 12, 9.66667], "texture": "#0"},
				"east": {"uv": [13, 12, 12.66667, 12.33333], "texture": "#0"},
				"south": {"uv": [11.33333, 12, 10, 12.33333], "texture": "#0"},
				"west": {"uv": [12.33333, 12.66667, 12, 13], "texture": "#0"},
				"up": {"uv": [12, 10.33333, 13.33333, 10], "texture": "#0"},
				"down": {"uv": [12, 10.66667, 13.33333, 11], "texture": "#0"}
			}
		},
		{
			"from": [13.2692, 9.32362, 4.46997],
			"to": [14.0592, 9.82362, 6.46997],
			"rotation": {"angle": 45, "axis": "y", "origin": [13.6642, 9.72362, 5.96997]},
			"faces": {
				"north": {"uv": [7.16667, 12.66667, 6.66667, 13], "texture": "#0"},
				"east": {"uv": [13.33333, 8.66667, 12, 9], "texture": "#0"},
				"south": {"uv": [13.16667, 6.66667, 12.66667, 7], "texture": "#0"},
				"west": {"uv": [10, 12, 8.66667, 12.33333], "texture": "#0"},
				"up": {"uv": [9.33333, 12, 9.83333, 10.66667], "texture": "#0"},
				"down": {"uv": [11.33333, 1.33333, 11.83333, 2.66667], "texture": "#0"}
			}
		},
		{
			"from": [12.80709, 9.17862, 5.45207],
			"to": [13.30709, 9.96862, 6.45207],
			"rotation": {"angle": -45, "axis": "y", "origin": [12.95709, 9.57362, 6.67707]},
			"faces": {
				"north": {"uv": [7.66667, 12.66667, 7.33333, 13.16667], "texture": "#0"},
				"east": {"uv": [12.66667, 12, 12, 12.5], "texture": "#0"},
				"south": {"uv": [13, 7.33333, 12.66667, 7.83333], "texture": "#0"},
				"west": {"uv": [12.66667, 11.33333, 12, 11.83333], "texture": "#0"},
				"up": {"uv": [6, 13.33333, 6.33333, 12.66667], "texture": "#0"},
				"down": {"uv": [12.66667, 6, 13, 6.66667], "texture": "#0"}
			}
		},
		{
			"from": [10.6, 9.57657, 3.05],
			"to": [15.5, 9.57657, 4.65],
			"rotation": {"angle": 0, "axis": "y", "origin": [15.1, 9.57657, 4]},
			"faces": {
				"north": {"uv": [3.33333, 0, 0, 0], "texture": "#0"},
				"east": {"uv": [1, 0, 0, 0], "texture": "#0"},
				"south": {"uv": [3.33333, 0, 0, 0], "texture": "#0"},
				"west": {"uv": [1, 0, 0, 0], "texture": "#0"},
				"up": {"uv": [0, 7, 3.33333, 6], "texture": "#0"},
				"down": {"uv": [3.33333, 7, 0, 6], "rotation": 180, "texture": "#0"}
			}
		},
		{
			"from": [0.5, 9.57657, 3.05],
			"to": [5.4, 9.57657, 4.65],
			"rotation": {"angle": 0, "axis": "y", "origin": [0.9, 9.57657, 4]},
			"faces": {
				"north": {"uv": [0, 0, 3.33333, 0], "texture": "#0"},
				"east": {"uv": [0, 0, 1, 0], "texture": "#0"},
				"south": {"uv": [0, 0, 3.33333, 0], "texture": "#0"},
				"west": {"uv": [0, 0, 1, 0], "texture": "#0"},
				"up": {"uv": [3.33333, 7, 0, 6], "texture": "#0"},
				"down": {"uv": [0, 7, 3.33333, 6], "rotation": 180, "texture": "#0"}
			}
		},
		{
			"from": [2.69291, 9.17862, 5.45207],
			"to": [3.19291, 9.96862, 6.45207],
			"rotation": {"angle": 45, "axis": "y", "origin": [3.04291, 9.57362, 6.67707]},
			"faces": {
				"north": {"uv": [7.33333, 12.66667, 7.66667, 13.16667], "texture": "#0"},
				"east": {"uv": [12, 11.33333, 12.66667, 11.83333], "texture": "#0"},
				"south": {"uv": [12.66667, 7.33333, 13, 7.83333], "texture": "#0"},
				"west": {"uv": [12, 12, 12.66667, 12.5], "texture": "#0"},
				"up": {"uv": [6.33333, 13.33333, 6, 12.66667], "texture": "#0"},
				"down": {"uv": [13, 6, 12.66667, 6.66667], "texture": "#0"}
			}
		},
		{
			"from": [1.9408, 9.32362, 4.46997],
			"to": [2.7308, 9.82362, 6.46997],
			"rotation": {"angle": -45, "axis": "y", "origin": [2.3358, 9.72362, 5.96997]},
			"faces": {
				"north": {"uv": [6.66667, 12.66667, 7.16667, 13], "texture": "#0"},
				"east": {"uv": [8.66667, 12, 10, 12.33333], "texture": "#0"},
				"south": {"uv": [12.66667, 6.66667, 13.16667, 7], "texture": "#0"},
				"west": {"uv": [12, 8.66667, 13.33333, 9], "texture": "#0"},
				"up": {"uv": [9.83333, 12, 9.33333, 10.66667], "texture": "#0"},
				"down": {"uv": [11.83333, 1.33333, 11.33333, 2.66667], "texture": "#0"}
			}
		},
		{
			"from": [3.6358, 9.32362, 4.27497],
			"to": [5.6358, 9.82362, 4.66497],
			"rotation": {"angle": 0, "axis": "y", "origin": [4.6358, 9.57362, 4.26997]},
			"faces": {
				"north": {"uv": [12, 9.33333, 13.33333, 9.66667], "texture": "#0"},
				"east": {"uv": [12, 12.66667, 12.33333, 13], "texture": "#0"},
				"south": {"uv": [10, 12, 11.33333, 12.33333], "texture": "#0"},
				"west": {"uv": [12.66667, 12, 13, 12.33333], "texture": "#0"},
				"up": {"uv": [13.33333, 10.33333, 12, 10], "texture": "#0"},
				"down": {"uv": [13.33333, 10.66667, 12, 11], "texture": "#0"}
			}
		},
		{
			"from": [3.11716, 9.17362, 4.63],
			"to": [6.11716, 9.97362, 5.42],
			"rotation": {"angle": 0, "axis": "y", "origin": [4.11716, 9.07362, 4.505]},
			"faces": {
				"north": {"uv": [8.66667, 3.33333, 10.66667, 3.83333], "texture": "#0"},
				"east": {"uv": [4.66667, 12.66667, 5.16667, 13.16667], "texture": "#0"},
				"south": {"uv": [9.33333, 7.33333, 11.33333, 7.83333], "texture": "#0"},
				"west": {"uv": [12.66667, 4.66667, 13.16667, 5.16667], "texture": "#0"},
				"up": {"uv": [12, 8.5, 10, 8], "texture": "#0"},
				"down": {"uv": [12, 8.66667, 10, 9.16667], "texture": "#0"}
			}
		},
		{
			"from": [6.11716, 9.07362, 4.53],
			"to": [7.11716, 10.07362, 5.52],
			"rotation": {"angle": 0, "axis": "y", "origin": [5.11716, 9.07362, 4.505]},
			"faces": {
				"north": {"uv": [5.33333, 12, 6, 12.66667], "texture": "#0"},
				"east": {"uv": [6, 12, 6.66667, 12.66667], "texture": "#0"},
				"south": {"uv": [6.66667, 12, 7.33333, 12.66667], "texture": "#0"},
				"west": {"uv": [12, 6.66667, 12.66667, 7.33333], "texture": "#0"},
				"up": {"uv": [8.66667, 12.66667, 8, 12], "texture": "#0"},
				"down": {"uv": [12.66667, 8, 12, 8.66667], "texture": "#0"}
			}
		},
		{
			"from": [6.5, 8.58367, 4.525],
			"to": [7.9, 9.58367, 5.525],
			"rotation": {"angle": -45, "axis": "z", "origin": [7.4, 9.08367, 5.025]},
			"faces": {
				"north": {"uv": [10.66667, 6.66667, 11.66667, 7.33333], "texture": "#0"},
				"east": {"uv": [4.66667, 12, 5.33333, 12.66667], "texture": "#0"},
				"south": {"uv": [10.66667, 9.33333, 11.66667, 10], "texture": "#0"},
				"west": {"uv": [12, 4.66667, 12.66667, 5.33333], "texture": "#0"},
				"up": {"uv": [11.66667, 10.66667, 10.66667, 10], "texture": "#0"},
				"down": {"uv": [11.66667, 10.66667, 10.66667, 11.33333], "texture": "#0"}
			}
		},
		{
			"from": [6, 7.7, 3],
			"to": [10, 11.7, 3],
			"rotation": {"angle": 0, "axis": "y", "origin": [6, 7.7, 3]},
			"faces": {
				"north": {"uv": [0, 0, 16, 16], "texture": "#1"},
				"east": {"uv": [0, 0, 0, 2.66667], "texture": "#1"},
				"south": {"uv": [0, 0, 16, 16], "texture": "#1"},
				"west": {"uv": [0, 0, 0, 2.66667], "texture": "#1"},
				"up": {"uv": [2.66667, 0, 0, 0], "texture": "#1"},
				"down": {"uv": [2.66667, 0, 0, 0], "texture": "#1"}
			}
		}
	],
	"gui_light": "front",
	"display": {
		"thirdperson_righthand": {
			"translation": [0, 0, -3.25]
		},
		"thirdperson_lefthand": {
			"translation": [0, 0, -3.25]
		},
		"firstperson_righthand": {
			"rotation": [2, -4, 0],
			"translation": [5.25, 2.75, 3]
		},
		"firstperson_lefthand": {
			"rotation": [2, -6, 0],
			"translation": [5.25, 3, 3.5]
		},
		"ground": {
			"rotation": [4, 0, 0],
			"translation": [0, -2.25, -2.5],
			"scale": [0.98242, 0.98242, 0.98242]
		},
		"gui": {
			"rotation": [90, -44, 0],
			"translation": [0, 0.25, -0.5],
			"scale": [0.89063, 0.89063, 0.89063]
		},
		"head": {
			"scale": [0, 0, 0]
		},
		"fixed": {
			"rotation": [90, 0, -180],
			"translation": [-0.5, 6.5, -0.5],
			"scale": [2.35352, 2.35352, 2.35352]
		}
	}
}