{"credit":"MadewithBlockbench","texture_size":[20,20],"textures":{"1":"blaze:animation_2","2":"blaze:hoe","particle":"blaze:hoe"},"elements":[{"from":[7.4,0,7.4],"to":[8.6,1.2,8.6],"rotation":{"angle":0,"axis":"y","origin":[7.5,0,7.5]},"faces":{"north":{"uv":[9.6,1.6,10.6,2.6],"texture":"#2"},"east":{"uv":[2.4,9.6,3.4,10.6],"texture":"#2"},"south":{"uv":[4,9.6,5,10.6],"texture":"#2"},"west":{"uv":[5.6,9.6,6.6,10.6],"texture":"#2"},"up":{"uv":[10.6,6.6,9.6,5.6],"texture":"#2"},"down":{"uv":[10.6,7.2,9.6,8.2],"texture":"#2"}}},{"from":[7.4,6.2,7.4],"to":[8.6,7.4,8.6],"rotation":{"angle":0,"axis":"y","origin":[7.5,0,7.5]},"faces":{"north":{"uv":[9.6,8.8,10.6,9.8],"texture":"#2"},"east":{"uv":[10.4,0,11.4,1],"texture":"#2"},"south":{"uv":[10.4,3.2,11.4,4.2],"texture":"#2"},"west":{"uv":[7.2,10.4,8.2,11.4],"texture":"#2"},"up":{"uv":[9.8,11.4,8.8,10.4],"texture":"#2"},"down":{"uv":[11.4,10.4,10.4,11.4],"texture":"#2"}}},{"from":[7.4,11.2,7.4],"to":[8.6,12.4,8.6],"rotation":{"angle":0,"axis":"y","origin":[7.5,5,7.5]},"faces":{"north":{"uv":[0,11.2,1,12.2],"texture":"#2"},"east":{"uv":[1.6,11.2,2.6,12.2],"texture":"#2"},"south":{"uv":[11.2,1.6,12.2,2.6],"texture":"#2"},"west":{"uv":[3.2,11.2,4.2,12.2],"texture":"#2"},"up":{"uv":[5.8,12.2,4.8,11.2],"texture":"#2"},"down":{"uv":[12.2,4.8,11.2,5.8],"texture":"#2"}}},{"from":[7.5,1.2,7.5],"to":[8.5,2.2,8.5],"rotation":{"angle":0,"axis":"y","origin":[6.9,-5.6,6.9]},"faces":{"north":{"uv":[7.2,2.4,8,3.2],"texture":"#2"},"east":{"uv":[7.2,9.6,8,10.4],"texture":"#2"},"south":{"uv":[10.4,4.8,11.2,5.6],"texture":"#2"},"west":{"uv":[11.2,8.8,12,9.6],"texture":"#2"},"up":{"uv":[12,10.4,11.2,9.6],"texture":"#2"},"down":{"uv":[12.8,0,12,0.8],"texture":"#2"}}},{"from":[7.6,2.2,7.6],"to":[8.4,5.2,8.4],"rotation":{"angle":0,"axis":"y","origin":[6.9,-5.6,6.9]},"faces":{"north":{"uv":[2.4,7.2,3,9.6],"texture":"#2"},"east":{"uv":[4,7.2,4.6,9.6],"texture":"#2"},"south":{"uv":[4.8,7.2,5.4,9.6],"texture":"#2"},"west":{"uv":[5.6,7.2,6.2,9.6],"texture":"#2"},"up":{"uv":[12.6,10.2,12,9.6],"texture":"#2"},"down":{"uv":[11,12,10.4,12.6],"texture":"#2"}}},{"from":[7.5,5.2,7.5],"to":[8.5,6.2,8.5],"rotation":{"angle":0,"axis":"y","origin":[6.9,-5.8,6.9]},"faces":{"north":{"uv":[12,0.8,12.8,1.6],"texture":"#2"},"east":{"uv":[12,3.2,12.8,4],"texture":"#2"},"south":{"uv":[12,4,12.8,4.8],"texture":"#2"},"west":{"uv":[12,6.4,12.8,7.2],"texture":"#2"},"up":{"uv":[8,12.8,7.2,12],"texture":"#2"},"down":{"uv":[12.8,7.2,12,8],"texture":"#2"}}},{"from":[7.75,-0.9,6.83579],"to":[8.25,0.1,8.83579],"rotation":{"angle":-45,"axis":"x","origin":[8.25,1.6,7.83579]},"faces":{"north":{"uv":[12,11.2,12.4,12],"texture":"#2"},"east":{"uv":[6.4,5.6,8,6.4],"texture":"#2"},"south":{"uv":[12,12,12.4,12.8],"texture":"#2"},"west":{"uv":[6.4,8.8,8,9.6],"texture":"#2"},"up":{"uv":[8.4,13.6,8,12],"texture":"#2"},"down":{"uv":[12.4,8,12,9.6],"texture":"#2"}}},{"from":[7.75,-0.31421,4.75],"to":[8.25,0.68579,7.75],"rotation":{"angle":45,"axis":"x","origin":[8,0.18579,6.75]},"faces":{"north":{"uv":[0,12.8,0.4,13.6],"texture":"#2"},"east":{"uv":[6.4,4,8.8,4.8],"texture":"#2"},"south":{"uv":[12.8,0,13.2,0.8],"texture":"#2"},"west":{"uv":[6.4,4.8,8.8,5.6],"texture":"#2"},"up":{"uv":[6.8,13.6,6.4,11.2],"texture":"#2"},"down":{"uv":[11.6,6.4,11.2,8.8],"texture":"#2"}}},{"from":[7.5,12,7],"to":[8.5,14,9],"rotation":{"angle":45,"axis":"x","origin":[8,13,8]},"faces":{"north":{"uv":[8,8.8,8.8,10.4],"texture":"#2"},"east":{"uv":[3.2,3.2,4.8,4.8],"texture":"#2"},"south":{"uv":[8.8,8.8,9.6,10.4],"texture":"#2"},"west":{"uv":[3.2,4.8,4.8,6.4],"texture":"#2"},"up":{"uv":[10.4,1.6,9.6,0],"texture":"#2"},"down":{"uv":[2.4,9.6,1.6,11.2],"texture":"#2"}}},{"from":[7.3,12.3,7.3],"to":[8.7,13.7,8.7],"rotation":{"angle":45,"axis":"x","origin":[7.3,13,8]},"faces":{"north":{"uv":[6.4,7.2,7.6,8.4],"texture":"#2"},"east":{"uv":[8,0,9.2,1.2],"texture":"#2"},"south":{"uv":[8,1.6,9.2,2.8],"texture":"#2"},"west":{"uv":[8,5.6,9.2,6.8],"texture":"#2"},"up":{"uv":[9.2,8.4,8,7.2],"texture":"#2"},"down":{"uv":[10,4,8.8,5.2],"texture":"#2"}}},{"from":[8,-2.75355,3.06802],"to":[8,2.24645,5.06802],"rotation":{"angle":-45,"axis":"x","origin":[7,1.24645,3.56802]},"faces":{"north":{"uv":[0,0,0,4],"texture":"#2"},"east":{"uv":[0,3.2,1.6,7.2],"texture":"#2"},"south":{"uv":[0,0,0,4],"texture":"#2"},"west":{"uv":[1.6,3.2,3.2,7.2],"texture":"#2"},"up":{"uv":[0,1.6,0,0],"texture":"#2"},"down":{"uv":[0,0,0,1.6],"texture":"#2"}}},{"from":[7.6,11.76921,7.35341],"to":[8.1,12.76921,10.35341],"rotation":{"angle":-22.5,"axis":"x","origin":[7.85,15.66921,4.65341]},"faces":{"north":{"uv":[12.8,0,13.2,0.8],"rotation":180,"texture":"#2"},"east":{"uv":[6.4,4,8.8,4.8],"rotation":180,"texture":"#2"},"south":{"uv":[0,12.8,0.4,13.6],"rotation":180,"texture":"#2"},"west":{"uv":[6.4,4.8,8.8,5.6],"rotation":180,"texture":"#2"},"up":{"uv":[11.6,6.4,11.2,8.8],"texture":"#2"},"down":{"uv":[6.8,13.6,6.4,11.2],"texture":"#2"}}},{"from":[7.85,12.26921,7.35341],"to":[7.85,14.26921,12.35341],"rotation":{"angle":-22.5,"axis":"x","origin":[7.85,15.66921,4.65341]},"faces":{"north":{"uv":[0,0,0,1.6],"rotation":180,"texture":"#2"},"east":{"uv":[0,3.2,1.6,7.2],"rotation":270,"texture":"#2"},"south":{"uv":[0,1.6,0,0],"texture":"#2"},"west":{"uv":[1.6,3.2,3.2,7.2],"rotation":90,"texture":"#2"},"up":{"uv":[0,0,0,4],"rotation":180,"texture":"#2"},"down":{"uv":[0,0,0,4],"texture":"#2"}}},{"from":[8,-2.75355,10.93198],"to":[8,0.24645,11.93198],"rotation":{"angle":45,"axis":"x","origin":[7,1.24645,12.43198]},"faces":{"north":{"uv":[0,0,0,2.4],"texture":"#2"},"east":{"uv":[7.2,0,8,2.4],"texture":"#2"},"south":{"uv":[0,0,0,2.4],"texture":"#2"},"west":{"uv":[1.6,7.2,2.4,9.6],"texture":"#2"},"up":{"uv":[0,0.8,0,0],"texture":"#2"},"down":{"uv":[0,0,0,0.8],"texture":"#2"}}},{"from":[8,9.575,0.1],"to":[8,12.875,7.7],"rotation":{"angle":-22.5,"axis":"x","origin":[8,12.5625,4.5679]},"faces":{"north":{"uv":[0,0,0,2.6],"texture":"#2"},"east":{"uv":[6,0,0,2.6],"texture":"#2"},"south":{"uv":[0,0,0,2.6],"texture":"#2"},"west":{"uv":[0,0,6,2.6],"texture":"#2"},"up":{"uv":[0,6,0,0],"texture":"#2"},"down":{"uv":[0,0,0,6],"texture":"#2"}}},{"from":[7.5,7.4,7.5],"to":[8.5,11.2,8.5],"rotation":{"angle":0,"axis":"y","origin":[6.9,6.8,6.9]},"faces":{"north":{"uv":[4.8,3.2,5.6,6.2],"texture":"#2"},"east":{"uv":[5.6,3.2,6.4,6.2],"texture":"#2"},"south":{"uv":[6.4,0,7.2,3],"texture":"#2"},"west":{"uv":[3.2,6.4,4,9.4],"texture":"#2"},"up":{"uv":[9.6,12.8,8.8,12],"texture":"#2"},"down":{"uv":[10.4,12,9.6,12.8],"texture":"#2"}}},{"from":[7.6,11.7,2.33579],"to":[8.4,12.5,7.33579],"rotation":{"angle":-22.5,"axis":"x","origin":[8,12.5625,4.5679]},"faces":{"north":{"uv":[12,10.4,12.6,11],"texture":"#2"},"east":{"uv":[6.4,3.2,10.4,3.8],"texture":"#2"},"south":{"uv":[11.2,12,11.8,12.6],"texture":"#2"},"west":{"uv":[4,6.4,8,7],"texture":"#2"},"up":{"uv":[0.6,11.2,0,7.2],"texture":"#2"},"down":{"uv":[1.4,7.2,0.8,11.2],"texture":"#2"}}},{"from":[7.8,13.85,7.57],"to":[7.8,17.15,14.83],"rotation":{"angle":-22.5,"axis":"x","origin":[7.8,15.5,11.2]},"faces":{"north":{"uv":[0,0,0,4],"texture":"#1"},"east":{"uv":[2.33333,0,14.33333,6.33333],"texture":"#1"},"south":{"uv":[0,0,0,4],"texture":"#1"},"west":{"uv":[14.33333,0,2.33333,6.33333],"texture":"#1"},"up":{"uv":[8.8,0,0,0],"rotation":90,"texture":"#1"},"down":{"uv":[8.8,0,0,0],"rotation":270,"texture":"#1"}}},{"from":[7.45,9.65,0.37],"to":[7.45,12.95,7.63],"rotation":{"angle":-22.5,"axis":"x","origin":[7.45,11.3,4]},"faces":{"north":{"uv":[0,4,0,0],"texture":"#1"},"east":{"uv":[14.33333,6.33333,2.33333,0],"texture":"#1"},"south":{"uv":[0,4,0,0],"texture":"#1"},"west":{"uv":[2.33333,6.33333,14.33333,0],"texture":"#1"},"up":{"uv":[8.8,0,0,0],"rotation":270,"texture":"#1"},"down":{"uv":[8.8,0,0,0],"rotation":90,"texture":"#1"}}},{"from":[8.55,9.65,0.37],"to":[8.55,12.95,7.63],"rotation":{"angle":-22.5,"axis":"x","origin":[8.55,11.3,4]},"faces":{"north":{"uv":[0,4,0,0],"texture":"#1"},"east":{"uv":[14.33333,6.33333,2.33333,0],"texture":"#1"},"south":{"uv":[0,4,0,0],"texture":"#1"},"west":{"uv":[2.33333,6.33333,14.33333,0],"texture":"#1"},"up":{"uv":[8.8,0,0,0],"rotation":270,"texture":"#1"},"down":{"uv":[8.8,0,0,0],"rotation":90,"texture":"#1"}}}],"gui_light":"front","display":{"thirdperson_righthand":{"translation":[0,2,1.75]},"thirdperson_lefthand":{"translation":[0,2,1.75]},"firstperson_righthand":{"rotation":[-6.5,0,0],"translation":[0.5,5,2.75],"scale":[1.07031,1.07031,1.07031]},"firstperson_lefthand":{"rotation":[-6.5,0,0],"translation":[0.5,5,2.75],"scale":[1.07031,1.07031,1.07031]},"ground":{"rotation":[0,0,-75],"translation":[0,1.75,0],"scale":[0.83008,0.83008,0.83008]},"gui":{"rotation":[90,-135,90],"translation":[0.5,-0.5,-0.75],"scale":[0.7,0.7,0.7]},"head":{"scale":[0,0,0]},"fixed":{"rotation":[-90,90,90],"translation":[0.75,1.25,-1.75],"scale":[1.89922,1.89922,1.89922]}}}