{"credit":"MadewithBlockbench","texture_size":[64,64],"textures":{"2":"nephrite_pack:nephrite_pack/axe_nephrite"},"elements":[{"from":[7.25,2,7.25],"to":[8.75,22,8.75],"rotation":{"angle":0,"axis":"y","origin":[8,13.69573,8]},"faces":{"north":{"uv":[5,8,5.375,13],"texture":"#2"},"east":{"uv":[5.5,8,5.875,13],"texture":"#2"},"south":{"uv":[6,8,6.375,13],"texture":"#2"},"west":{"uv":[6.5,8,6.875,13],"texture":"#2"},"up":{"uv":[11.625,5.625,11.25,5.25],"texture":"#2"},"down":{"uv":[11.625,6.25,11.25,6.625],"texture":"#2"}}},{"from":[-0.75,15.5,8],"to":[21.25,31.5,8],"rotation":{"angle":0,"axis":"y","origin":[8,13.69573,8]},"faces":{"north":{"uv":[5.5,4,0,8],"texture":"#2"},"east":{"uv":[0,0,0,4],"texture":"#2"},"south":{"uv":[0,4,5.5,8],"texture":"#2"},"west":{"uv":[0,0,0,4],"texture":"#2"},"up":{"uv":[5.5,0,0,0],"texture":"#2"},"down":{"uv":[5.5,0,0,0],"texture":"#2"}}},{"from":[6.25,21.5,6],"to":[9.75,25.5,10],"rotation":{"angle":0,"axis":"y","origin":[8,13.69573,8]},"faces":{"north":{"uv":[3,9.75,3.875,10.75],"texture":"#2"},"east":{"uv":[8,9.5,9,10.5],"texture":"#2"},"south":{"uv":[9.75,3.75,10.625,4.75],"texture":"#2"},"west":{"uv":[9,9.5,10,10.5],"texture":"#2"},"up":{"uv":[4.875,10.75,4,9.75],"texture":"#2"},"down":{"uv":[10.625,4.75,9.75,5.75],"texture":"#2"}}},{"from":[7.25,22.75,5.5],"to":[8.75,24.25,10.5],"rotation":{"angle":45,"axis":"z","origin":[8,23.5,8]},"faces":{"north":{"uv":[11.25,6.75,11.625,7.125],"texture":"#2"},"east":{"uv":[10,10,11.25,10.375],"texture":"#2"},"south":{"uv":[11.25,7.25,11.625,7.625],"texture":"#2"},"west":{"uv":[10.5,5.75,11.75,6.125],"texture":"#2"},"up":{"uv":[7.375,11.5,7,10.25],"texture":"#2"},"down":{"uv":[7.875,10.25,7.5,11.5],"texture":"#2"}}},{"from":[13.75,28.82843,5],"to":[17.75,29.32843,7],"rotation":{"angle":-45,"axis":"x","origin":[13.41667,26.32843,8]},"faces":{"north":{"uv":[11.25,8.25,12.25,8.375],"texture":"#2"},"east":{"uv":[11.5,3.25,12,3.375],"texture":"#2"},"south":{"uv":[8.5,11.25,9.5,11.375],"texture":"#2"},"west":{"uv":[7,11.5,7.5,11.625],"texture":"#2"},"up":{"uv":[11,0.5,10,0],"texture":"#2"},"down":{"uv":[11,0.5,10,1],"texture":"#2"}}},{"from":[13.25,26.82843,5],"to":[13.75,29.32843,7],"rotation":{"angle":-45,"axis":"x","origin":[13.41667,26.32843,8]},"faces":{"north":{"uv":[7,8,7.125,8.625],"texture":"#2"},"east":{"uv":[10.5,8.5,11,9.125],"texture":"#2"},"south":{"uv":[10.5,11.25,10.625,11.875],"texture":"#2"},"west":{"uv":[8.75,10.5,9.25,11.125],"texture":"#2"},"up":{"uv":[2.875,11.5,2.75,11],"texture":"#2"},"down":{"uv":[7.625,11.5,7.5,12],"texture":"#2"}}},{"from":[11.25,26.82843,5],"to":[13.25,27.32843,7],"rotation":{"angle":-45,"axis":"x","origin":[13.41667,26.32843,8]},"faces":{"north":{"uv":[8.5,11.5,9,11.625],"texture":"#2"},"east":{"uv":[11.5,8.5,12,8.625],"texture":"#2"},"south":{"uv":[11.5,8.75,12,8.875],"texture":"#2"},"west":{"uv":[9,11.5,9.5,11.625],"texture":"#2"},"up":{"uv":[8.5,9.5,8,9],"texture":"#2"},"down":{"uv":[1.25,11,0.75,11.5],"texture":"#2"}}},{"from":[11.25,26.82843,9],"to":[13.25,27.32843,11],"rotation":{"angle":45,"axis":"x","origin":[13.41667,26.32843,8]},"faces":{"north":{"uv":[9.5,11.5,10,11.625],"texture":"#2"},"east":{"uv":[11.5,9.5,12,9.625],"texture":"#2"},"south":{"uv":[11.5,9.75,12,9.875],"texture":"#2"},"west":{"uv":[10,11.5,10.5,11.625],"texture":"#2"},"up":{"uv":[11.5,1.5,11,1],"texture":"#2"},"down":{"uv":[1.75,11,1.25,11.5],"texture":"#2"}}},{"from":[13.25,26.82843,9],"to":[13.75,29.32843,11],"rotation":{"angle":45,"axis":"x","origin":[13.41667,26.32843,8]},"faces":{"north":{"uv":[3,11.5,3.125,12.125],"texture":"#2"},"east":{"uv":[9.25,10.5,9.75,11.125],"texture":"#2"},"south":{"uv":[3.25,11.5,3.375,12.125],"texture":"#2"},"west":{"uv":[9.75,10.5,10.25,11.125],"texture":"#2"},"up":{"uv":[7.875,12,7.75,11.5],"texture":"#2"},"down":{"uv":[11.625,10.5,11.5,11],"texture":"#2"}}},{"from":[13.75,28.82843,9],"to":[17.75,29.32843,11],"rotation":{"angle":45,"axis":"x","origin":[13.41667,26.32843,8]},"faces":{"north":{"uv":[11.25,9.25,12.25,9.375],"texture":"#2"},"east":{"uv":[10.75,11.5,11.25,11.625],"texture":"#2"},"south":{"uv":[9.5,11.25,10.5,11.375],"texture":"#2"},"west":{"uv":[11.25,11.5,11.75,11.625],"texture":"#2"},"up":{"uv":[11,1.5,10,1],"texture":"#2"},"down":{"uv":[11,1.5,10,2],"texture":"#2"}}},{"from":[13.75,19,3.5],"to":[18.75,28,12.5],"rotation":{"angle":-45,"axis":"x","origin":[13.75,23.5,8]},"faces":{"north":{"uv":[7.25,4.5,8.5,6.75],"texture":"#2"},"east":{"uv":[5.5,0,7.75,2.25],"texture":"#2"},"south":{"uv":[7.25,6.75,8.5,9],"texture":"#2"},"west":{"uv":[5.5,2.25,7.75,4.5],"texture":"#2"},"up":{"uv":[9,2.25,7.75,0],"texture":"#2"},"down":{"uv":[9,2.25,7.75,4.5],"texture":"#2"}}},{"from":[14.75,20,4.5],"to":[19.75,27,11.5],"rotation":{"angle":-45,"axis":"x","origin":[13.75,23.5,8]},"faces":{"north":{"uv":[0,8,1.25,9.75],"texture":"#2"},"east":{"uv":[5.5,4.5,7.25,6.25],"texture":"#2"},"south":{"uv":[1.25,8,2.5,9.75],"texture":"#2"},"west":{"uv":[5.5,6.25,7.25,8],"texture":"#2"},"up":{"uv":[3.75,9.75,2.5,8],"texture":"#2"},"down":{"uv":[5,8,3.75,9.75],"texture":"#2"}}},{"from":[13.75,17.67157,9],"to":[17.75,18.17157,11],"rotation":{"angle":-45,"axis":"x","origin":[13.41667,20.67157,8]},"faces":{"north":{"uv":[11.25,10,12.25,10.125],"texture":"#2"},"east":{"uv":[0,11.75,0.5,11.875],"texture":"#2"},"south":{"uv":[11.25,10.25,12.25,10.375],"texture":"#2"},"west":{"uv":[11.75,0,12.25,0.125],"texture":"#2"},"up":{"uv":[11,2.5,10,2],"texture":"#2"},"down":{"uv":[11,2.5,10,3],"texture":"#2"}}},{"from":[13.25,17.67157,9],"to":[13.75,20.17157,11],"rotation":{"angle":-45,"axis":"x","origin":[13.41667,20.67157,8]},"faces":{"north":{"uv":[3.5,11.5,3.625,12.125],"texture":"#2"},"east":{"uv":[10.25,10.5,10.75,11.125],"texture":"#2"},"south":{"uv":[3.75,11.5,3.875,12.125],"texture":"#2"},"west":{"uv":[3,10.75,3.5,11.375],"texture":"#2"},"up":{"uv":[11.875,0.75,11.75,0.25],"texture":"#2"},"down":{"uv":[0.625,11.75,0.5,12.25],"texture":"#2"}}},{"from":[11.25,19.67157,9],"to":[13.25,20.17157,11],"rotation":{"angle":-45,"axis":"x","origin":[13.41667,20.67157,8]},"faces":{"north":{"uv":[0.75,11.75,1.25,11.875],"texture":"#2"},"east":{"uv":[11.75,0.75,12.25,0.875],"texture":"#2"},"south":{"uv":[1.25,11.75,1.75,11.875],"texture":"#2"},"west":{"uv":[1.75,11.75,2.25,11.875],"texture":"#2"},"up":{"uv":[11.5,2,11,1.5],"texture":"#2"},"down":{"uv":[2.25,11,1.75,11.5],"texture":"#2"}}},{"from":[11.25,19.67157,5],"to":[13.25,20.17157,7],"rotation":{"angle":45,"axis":"x","origin":[13.41667,20.67157,8]},"faces":{"north":{"uv":[2.25,11.75,2.75,11.875],"texture":"#2"},"east":{"uv":[11.75,2.5,12.25,2.625],"texture":"#2"},"south":{"uv":[11.75,2.75,12.25,2.875],"texture":"#2"},"west":{"uv":[11.75,5.25,12.25,5.375],"texture":"#2"},"up":{"uv":[11.5,2.5,11,2],"texture":"#2"},"down":{"uv":[2.75,11,2.25,11.5],"texture":"#2"}}},{"from":[13.25,17.67157,5],"to":[13.75,20.17157,7],"rotation":{"angle":45,"axis":"x","origin":[13.41667,20.67157,8]},"faces":{"north":{"uv":[4,11.5,4.125,12.125],"texture":"#2"},"east":{"uv":[3.5,10.75,4,11.375],"texture":"#2"},"south":{"uv":[4.25,11.5,4.375,12.125],"texture":"#2"},"west":{"uv":[10.75,3.5,11.25,4.125],"texture":"#2"},"up":{"uv":[2.875,12.25,2.75,11.75],"texture":"#2"},"down":{"uv":[11.875,5.5,11.75,6],"texture":"#2"}}},{"from":[13.75,17.67157,5],"to":[17.75,18.17157,7],"rotation":{"angle":45,"axis":"x","origin":[13.41667,20.67157,8]},"faces":{"north":{"uv":[11.25,11,12.25,11.125],"texture":"#2"},"east":{"uv":[11.75,6,12.25,6.125],"texture":"#2"},"south":{"uv":[11.25,11.25,12.25,11.375],"texture":"#2"},"west":{"uv":[11.75,6.25,12.25,6.375],"texture":"#2"},"up":{"uv":[11,3.5,10,3],"texture":"#2"},"down":{"uv":[11,9.5,10,10],"texture":"#2"}}},{"from":[9.75,21,5.5],"to":[13.75,26,10.5],"rotation":{"angle":45,"axis":"x","origin":[13.75,23.5,8]},"faces":{"north":{"uv":[9,0,10,1.25],"texture":"#2"},"east":{"uv":[8.5,4.5,9.75,5.75],"texture":"#2"},"south":{"uv":[9,1.25,10,2.5],"texture":"#2"},"west":{"uv":[8.5,5.75,9.75,7],"texture":"#2"},"up":{"uv":[10,3.75,9,2.5],"texture":"#2"},"down":{"uv":[8,9,7,10.25],"texture":"#2"}}},{"from":[3.25,21,5.5],"to":[6.25,26,10.5],"rotation":{"angle":0,"axis":"x","origin":[4.25,23.5,8]},"faces":{"north":{"uv":[0,9.75,0.75,11],"texture":"#2"},"east":{"uv":[8.5,7,9.75,8.25],"texture":"#2"},"south":{"uv":[0.75,9.75,1.5,11],"texture":"#2"},"west":{"uv":[8.5,8.25,9.75,9.5],"texture":"#2"},"up":{"uv":[2.25,11,1.5,9.75],"texture":"#2"},"down":{"uv":[3,9.75,2.25,11],"texture":"#2"}}},{"from":[3.25,26,7.25],"to":[6.25,26.5,8.75],"rotation":{"angle":0,"axis":"x","origin":[4.25,23.5,8]},"faces":{"north":{"uv":[11.5,1.25,12.25,1.375],"texture":"#2"},"east":{"uv":[11.75,6.5,12.125,6.625],"texture":"#2"},"south":{"uv":[1.5,11.5,2.25,11.625],"texture":"#2"},"west":{"uv":[11.75,6.75,12.125,6.875],"texture":"#2"},"up":{"uv":[11.5,10.875,10.75,10.5],"texture":"#2"},"down":{"uv":[0.75,11,0,11.375],"texture":"#2"}}},{"from":[6.25,25.5,7.25],"to":[6.75,26.5,8.75],"rotation":{"angle":0,"axis":"x","origin":[4.25,23.5,8]},"faces":{"north":{"uv":[7,8.75,7.125,9],"texture":"#2"},"east":{"uv":[11.5,1.5,11.875,1.75],"texture":"#2"},"south":{"uv":[7.25,11.75,7.375,12],"texture":"#2"},"west":{"uv":[11.5,1.75,11.875,2],"texture":"#2"},"up":{"uv":[7.125,12.125,7,11.75],"texture":"#2"},"down":{"uv":[11.875,7,11.75,7.375],"texture":"#2"}}},{"from":[6.75,25.5,7.25],"to":[9.75,26,8.75],"rotation":{"angle":0,"axis":"x","origin":[4.25,23.5,8]},"faces":{"north":{"uv":[11.5,2,12.25,2.125],"texture":"#2"},"east":{"uv":[11.75,7.5,12.125,7.625],"texture":"#2"},"south":{"uv":[2.25,11.5,3,11.625],"texture":"#2"},"west":{"uv":[11.75,7.75,12.125,7.875],"texture":"#2"},"up":{"uv":[11.75,0.375,11,0],"texture":"#2"},"down":{"uv":[11.75,0.5,11,0.875],"texture":"#2"}}},{"from":[1.25,21,6.5],"to":[4.25,24,9.5],"rotation":{"angle":45,"axis":"z","origin":[1.75,23.5,8]},"faces":{"north":{"uv":[9,3.75,9.75,4.5],"texture":"#2"},"east":{"uv":[9.75,5.75,10.5,6.5],"texture":"#2"},"south":{"uv":[9.75,6.5,10.5,7.25],"texture":"#2"},"west":{"uv":[9.75,7.25,10.5,8],"texture":"#2"},"up":{"uv":[10.5,8.75,9.75,8],"texture":"#2"},"down":{"uv":[10.5,8.75,9.75,9.5],"texture":"#2"}}},{"from":[6.5,19,6.75],"to":[9.5,20,9.25],"rotation":{"angle":0,"axis":"y","origin":[8,19.69573,8]},"faces":{"north":{"uv":[10,3.5,10.75,3.75],"texture":"#2"},"east":{"uv":[11,9,11.625,9.25],"texture":"#2"},"south":{"uv":[10.5,9.25,11.25,9.5],"texture":"#2"},"west":{"uv":[11.25,3.5,11.875,3.75],"texture":"#2"},"up":{"uv":[11.25,6.875,10.5,6.25],"texture":"#2"},"down":{"uv":[11.25,7,10.5,7.625],"texture":"#2"}}},{"from":[6.5,3,6.75],"to":[9.5,4,9.25],"rotation":{"angle":0,"axis":"y","origin":[8,19.69573,8]},"faces":{"north":{"uv":[11,2.5,11.75,2.75],"texture":"#2"},"east":{"uv":[11.25,3.75,11.875,4],"texture":"#2"},"south":{"uv":[11,2.75,11.75,3],"texture":"#2"},"west":{"uv":[11.25,4,11.875,4.25],"texture":"#2"},"up":{"uv":[11.25,8.375,10.5,7.75],"texture":"#2"},"down":{"uv":[8.75,10.5,8,11.125],"texture":"#2"}}},{"from":[7.42175,-0.36378,7],"to":[9.15668,1.37114,9],"rotation":{"angle":45,"axis":"z","origin":[7.70711,0.33579,8]},"faces":{"north":{"uv":[11.25,7.75,11.625,8.125],"texture":"#2"},"east":{"uv":[11,3,11.5,3.375],"texture":"#2"},"south":{"uv":[8,11.25,8.375,11.625],"texture":"#2"},"west":{"uv":[11,8.5,11.5,8.875],"texture":"#2"},"up":{"uv":[11.375,10,11,9.5],"texture":"#2"},"down":{"uv":[11.125,11,10.75,11.5],"texture":"#2"}}},{"from":[7.92175,0.13622,6.75],"to":[8.65668,0.87114,9.25],"rotation":{"angle":45,"axis":"z","origin":[7.70711,0.33579,8]},"faces":{"north":{"uv":[8,11.75,8.125,11.875],"texture":"#2"},"east":{"uv":[11.5,2.25,12.125,2.375],"texture":"#2"},"south":{"uv":[11.75,8,11.875,8.125],"texture":"#2"},"west":{"uv":[11.5,3,12.125,3.125],"texture":"#2"},"up":{"uv":[4.625,12.125,4.5,11.5],"texture":"#2"},"down":{"uv":[4.875,11.5,4.75,12.125],"texture":"#2"}}},{"from":[5.95,1.25,6.75],"to":[7.95,2.25,9.25],"rotation":{"angle":45,"axis":"z","origin":[6.95,1.75,8]},"faces":{"north":{"uv":[0,11.5,0.5,11.75],"texture":"#2"},"east":{"uv":[11.25,4.25,11.875,4.5],"texture":"#2"},"south":{"uv":[0.5,11.5,1,11.75],"texture":"#2"},"west":{"uv":[11.25,4.5,11.875,4.75],"texture":"#2"},"up":{"uv":[4.5,11.375,4,10.75],"texture":"#2"},"down":{"uv":[11.25,4.25,10.75,4.875],"texture":"#2"}}},{"from":[8.05,1.25,6.75],"to":[10.05,2.25,9.25],"rotation":{"angle":-45,"axis":"z","origin":[9.05,1.75,8]},"faces":{"north":{"uv":[1,11.5,1.5,11.75],"texture":"#2"},"east":{"uv":[11.25,4.75,11.875,5],"texture":"#2"},"south":{"uv":[11.5,1,12,1.25],"texture":"#2"},"west":{"uv":[11.25,5,11.875,5.25],"texture":"#2"},"up":{"uv":[5,11.375,4.5,10.75],"texture":"#2"},"down":{"uv":[11.25,5,10.75,5.625],"texture":"#2"}}}],"gui_light":"front","display":{"thirdperson_righthand":{"rotation":[0,90,0],"translation":[0,-3.5,0.75],"scale":[0.83789,0.83789,0.83789]},"thirdperson_lefthand":{"rotation":[0,-90,0],"translation":[0,-3.5,0.75],"scale":[0.83789,0.83789,0.83789]},"firstperson_righthand":{"rotation":[-180,86.5,168.5],"translation":[4.25,-2.25,0],"scale":[0.80273,0.80273,0.80273]},"firstperson_lefthand":{"rotation":[168.5,-87,168.5],"translation":[4,-2.25,-3.75],"scale":[0.80273,0.80273,0.76367]},"ground":{"rotation":[-75,0,0],"translation":[-0.5,0,7.5],"scale":[0.81055,0.81055,0.81055]},"gui":{"rotation":[0,0,-33.75],"translation":[-4.75,-3.5,0],"scale":[0.55586,0.55586,0.55586]},"head":{"translation":[0,12,0],"scale":[0.76563,0.76563,0.76563]},"fixed":{"rotation":[-5.25,0,0],"translation":[-3.75,-9,-3.5],"scale":[1.63281,1.63281,1.63281]}}}