{
	"credit": "Made with Blockbench",
	"texture_size": [128, 128],
	"textures": {
		"3": "nephrite_pack:nephrite_pack/bow_nephrite"
	},
	"elements": [
		{
			"from": [-12.66537, -14.15224, 8],
			"to": [24.33463, 22.84776, 8],
			"rotation": {"angle": -45, "axis": "z", "origin": [11.33463, 9.84776, 8]},
			"faces": {
				"north": {"uv": [4.625, 4.625, 0, 9.25], "texture": "#3"},
				"east": {"uv": [0, 0, 0, 4.625], "texture": "#3"},
				"south": {"uv": [0, 4.625, 4.625, 9.25], "texture": "#3"},
				"west": {"uv": [0, 0, 0, 4.625], "texture": "#3"},
				"up": {"uv": [4.625, 0, 0, 0], "texture": "#3"},
				"down": {"uv": [4.625, 0, 0, 0], "texture": "#3"}
			}
		},
		{
			"from": [-0.38117, 19.83618, 7.525],
			"to": [1.61883, 26.83618, 8.475],
			"rotation": {"angle": 0, "axis": "y", "origin": [1.61883, 19.33618, 8]},
			"faces": {
				"north": {"uv": [6.375, 3, 6.625, 3.875], "texture": "#3"},
				"east": {"uv": [5.5, 5.75, 5.625, 6.625], "texture": "#3"},
				"south": {"uv": [6.625, 0.25, 6.875, 1.125], "texture": "#3"},
				"west": {"uv": [7.25, 4.625, 7.375, 5.5], "texture": "#3"},
				"up": {"uv": [7.125, 1.125, 6.875, 1], "texture": "#3"},
				"down": {"uv": [7.75, 2.75, 7.5, 2.875], "texture": "#3"}
			}
		},
		{
			"from": [0.36883, -0.16382, 7.75],
			"to": [0.86883, 10.58618, 8.25],
			"rotation": {"angle": 22.5, "axis": "z", "origin": [0.61883, 0.83618, 8]},
			"faces": {
				"north": {"uv": [6, 8.125, 6.0625, 6.875], "texture": "#3"},
				"east": {"uv": [6, 8.125, 6.0625, 6.875], "texture": "#3"},
				"south": {"uv": [6, 8.125, 6.0625, 6.875], "texture": "#3"},
				"west": {"uv": [6, 8.125, 6.0625, 6.875], "texture": "#3"},
				"up": {"uv": [6, 8.125, 6.0625, 6.875], "texture": "#3"},
				"down": {"uv": [6, 8.125, 6.0625, 6.875], "texture": "#3"}
			}
		},
		{
			"from": [0.36883, 8.83618, 7.75],
			"to": [0.86883, 19.83618, 8.25],
			"rotation": {"angle": -22.5, "axis": "z", "origin": [0.61883, 18.83618, 8]},
			"faces": {
				"north": {"uv": [6, 6.875, 6.0625, 8.125], "texture": "#3"},
				"east": {"uv": [6, 6.875, 6.0625, 8.125], "texture": "#3"},
				"south": {"uv": [6, 6.875, 6.0625, 8.125], "texture": "#3"},
				"west": {"uv": [6, 6.875, 6.0625, 8.125], "texture": "#3"},
				"up": {"uv": [6, 6.875, 6.0625, 8.125], "texture": "#3"},
				"down": {"uv": [6, 6.875, 6.0625, 8.125], "texture": "#3"}
			}
		},
		{
			"from": [-9.88117, 5.58618, 7.9],
			"to": [24.11883, 13.08618, 7.9],
			"rotation": {"angle": 22.5, "axis": "x", "origin": [7.11883, 9.33618, 7.9]},
			"faces": {
				"north": {"uv": [15.0625, 0, 16, 4.25], "rotation": 270, "texture": "#3"},
				"east": {"uv": [5.4375, 2.5625, 5.375, 2.5], "rotation": 90, "texture": "#3"},
				"south": {"uv": [15.0625, 4.25, 16, 0], "rotation": 270, "texture": "#3"},
				"west": {"uv": [5.4375, 2.625, 5.375, 2.6875], "rotation": 90, "texture": "#3"},
				"up": {"uv": [7.25, 6.25, 7.3125, 8.75], "rotation": 90, "texture": "#3"},
				"down": {"uv": [5.375, 7, 5.4375, 9.5], "rotation": 90, "texture": "#3"}
			}
		},
		{
			"from": [-9.88117, 5.58618, 7.9],
			"to": [24.11883, 13.08618, 7.9],
			"rotation": {"angle": -22.5, "axis": "x", "origin": [7.11883, 9.33618, 7.9]},
			"faces": {
				"north": {"uv": [15.0625, 0, 16, 4.25], "rotation": 270, "texture": "#3"},
				"east": {"uv": [5.4375, 2.5625, 5.375, 2.5], "rotation": 90, "texture": "#3"},
				"south": {"uv": [15.0625, 4.25, 16, 0], "rotation": 270, "texture": "#3"},
				"west": {"uv": [5.4375, 2.625, 5.375, 2.6875], "rotation": 90, "texture": "#3"},
				"up": {"uv": [7.25, 6.25, 7.3125, 8.75], "rotation": 90, "texture": "#3"},
				"down": {"uv": [5.375, 7, 5.4375, 9.5], "rotation": 90, "texture": "#3"}
			}
		},
		{
			"from": [-0.18671, 16.81381, 7.25],
			"to": [8.81329, 18.81381, 8.75],
			"rotation": {"angle": -22.5, "axis": "z", "origin": [7.31329, 18.81381, 8]},
			"faces": {
				"north": {"uv": [6, 1.125, 7.125, 1.375], "texture": "#3"},
				"east": {"uv": [7.5, 1.75, 7.6875, 2], "texture": "#3"},
				"south": {"uv": [6, 4.5, 7.125, 4.75], "texture": "#3"},
				"west": {"uv": [7.5, 2, 7.6875, 2.25], "texture": "#3"},
				"up": {"uv": [7.5, 1.9375, 6.375, 1.75], "texture": "#3"},
				"down": {"uv": [7.5, 2, 6.375, 2.1875], "texture": "#3"}
			}
		},
		{
			"from": [-0.18671, 0.88171, 7.25],
			"to": [8.81329, 2.88171, 8.75],
			"rotation": {"angle": 22.5, "axis": "z", "origin": [7.31329, 0.88171, 8]},
			"faces": {
				"north": {"uv": [6, 4.75, 7.125, 5], "texture": "#3"},
				"east": {"uv": [7.5, 2.25, 7.6875, 2.5], "texture": "#3"},
				"south": {"uv": [6, 5, 7.125, 5.25], "texture": "#3"},
				"west": {"uv": [7.5, 2.5, 7.6875, 2.75], "texture": "#3"},
				"up": {"uv": [7.5, 2.4375, 6.375, 2.25], "texture": "#3"},
				"down": {"uv": [7.5, 3.875, 6.375, 4.0625], "texture": "#3"}
			}
		},
		{
			"from": [-0.38117, -7.14066, 7.525],
			"to": [1.61883, -0.14066, 8.475],
			"rotation": {"angle": 0, "axis": "y", "origin": [1.61883, 0.35934, 8]},
			"faces": {
				"north": {"uv": [6.625, 3, 6.875, 3.875], "texture": "#3"},
				"east": {"uv": [6.875, 7.25, 7, 8.125], "texture": "#3"},
				"south": {"uv": [6.125, 6.625, 6.375, 7.5], "texture": "#3"},
				"west": {"uv": [7, 7.25, 7.125, 8.125], "texture": "#3"},
				"up": {"uv": [7.75, 6.375, 7.5, 6.25], "texture": "#3"},
				"down": {"uv": [7.625, 7.5, 7.375, 7.625], "texture": "#3"}
			}
		},
		{
			"from": [8.33463, 5.84776, 6],
			"to": [14.33463, 6.84776, 10],
			"rotation": {"angle": -45, "axis": "z", "origin": [11.33463, 9.84776, 8]},
			"faces": {
				"north": {"uv": [7, 1.5, 7.75, 1.625], "texture": "#3"},
				"east": {"uv": [7.25, 3.375, 7.75, 3.5], "texture": "#3"},
				"south": {"uv": [7, 1.625, 7.75, 1.75], "texture": "#3"},
				"west": {"uv": [7.375, 0.875, 7.875, 1], "texture": "#3"},
				"up": {"uv": [6.125, 2, 5.375, 1.5], "texture": "#3"},
				"down": {"uv": [6.125, 2, 5.375, 2.5], "texture": "#3"}
			}
		},
		{
			"from": [7.33463, 5.84776, 6],
			"to": [8.33463, 12.84776, 10],
			"rotation": {"angle": -45, "axis": "z", "origin": [11.33463, 9.84776, 8]},
			"faces": {
				"north": {"uv": [7.375, 4.625, 7.5, 5.5], "texture": "#3"},
				"east": {"uv": [5, 2.75, 5.5, 3.625], "texture": "#3"},
				"south": {"uv": [7.375, 5.5, 7.5, 6.375], "texture": "#3"},
				"west": {"uv": [5, 3.625, 5.5, 4.5], "texture": "#3"},
				"up": {"uv": [7.25, 5.125, 7.125, 4.625], "texture": "#3"},
				"down": {"uv": [7.625, 1, 7.5, 1.5], "texture": "#3"}
			}
		},
		{
			"from": [9.36356, 11.69832, 7],
			"to": [12.36356, 21.69832, 9],
			"rotation": {"angle": 22.5, "axis": "z", "origin": [10.86159, 13.13792, 8]},
			"faces": {
				"north": {"uv": [4.625, 1.5, 5, 2.75], "texture": "#3"},
				"east": {"uv": [5.625, 5.5, 5.875, 6.75], "texture": "#3"},
				"south": {"uv": [4.625, 2.75, 5, 4], "texture": "#3"},
				"west": {"uv": [5, 5.75, 5.25, 7], "texture": "#3"},
				"up": {"uv": [6.625, 1.125, 6.25, 0.875], "texture": "#3"},
				"down": {"uv": [7.625, 2.875, 7.25, 3.125], "texture": "#3"}
			}
		},
		{
			"from": [10.11356, 13.69832, 6.5],
			"to": [11.61356, 21.69832, 9.5],
			"rotation": {"angle": 22.5, "axis": "z", "origin": [10.86159, 13.13792, 8]},
			"faces": {
				"north": {"uv": [5.75, 6.875, 5.9375, 7.875], "texture": "#3"},
				"east": {"uv": [4.625, 5.25, 5, 6.25], "texture": "#3"},
				"south": {"uv": [6.875, 6.25, 7.0625, 7.25], "texture": "#3"},
				"west": {"uv": [5.5, 2.5, 5.875, 3.5], "texture": "#3"},
				"up": {"uv": [7.5625, 0.875, 7.375, 0.5], "texture": "#3"},
				"down": {"uv": [7.5625, 6.375, 7.375, 6.75], "texture": "#3"}
			}
		},
		{
			"from": [-2.36127, 19.57734, 7],
			"to": [7.63873, 21.07734, 9],
			"rotation": {"angle": -45, "axis": "z", "origin": [8.19913, 20.32537, 8]},
			"faces": {
				"north": {"uv": [6, 5.25, 7.25, 5.4375], "texture": "#3"},
				"east": {"uv": [7.5, 4.375, 7.75, 4.5625], "texture": "#3"},
				"south": {"uv": [6.125, 5.75, 7.375, 5.9375], "texture": "#3"},
				"west": {"uv": [7.5, 4.625, 7.75, 4.8125], "texture": "#3"},
				"up": {"uv": [7.125, 2.75, 5.875, 2.5], "texture": "#3"},
				"down": {"uv": [7.125, 2.75, 5.875, 3], "texture": "#3"}
			}
		},
		{
			"from": [-2.54578, 18.37224, 7.5],
			"to": [8.45422, 21.37224, 8.5],
			"rotation": {"angle": -45, "axis": "z", "origin": [9.01462, 20.87027, 8]},
			"faces": {
				"north": {"uv": [4.625, 0, 6, 0.375], "texture": "#3"},
				"east": {"uv": [6.75, 6.25, 6.875, 6.625], "texture": "#3"},
				"south": {"uv": [4.625, 0.375, 6, 0.75], "texture": "#3"},
				"west": {"uv": [7.5, 4.875, 7.625, 5.25], "texture": "#3"},
				"up": {"uv": [7.5, 4.25, 6.125, 4.125], "texture": "#3"},
				"down": {"uv": [8.25, 3.5, 6.875, 3.625], "texture": "#3"}
			}
		},
		{
			"from": [-2.54578, -1.67672, 7.5],
			"to": [8.45422, 1.32328, 8.5],
			"rotation": {"angle": 45, "axis": "z", "origin": [9.01462, -1.17475, 8]},
			"faces": {
				"north": {"uv": [4.625, 0.75, 6, 1.125], "texture": "#3"},
				"east": {"uv": [7.5, 5.25, 7.625, 5.625], "texture": "#3"},
				"south": {"uv": [4.625, 1.125, 6, 1.5], "texture": "#3"},
				"west": {"uv": [7.5, 5.625, 7.625, 6], "texture": "#3"},
				"up": {"uv": [8.25, 3.75, 6.875, 3.625], "texture": "#3"},
				"down": {"uv": [8.25, 3.75, 6.875, 3.875], "texture": "#3"}
			}
		},
		{
			"from": [9.36356, -2.0028, 7],
			"to": [12.36356, 7.9972, 9],
			"rotation": {"angle": -22.5, "axis": "z", "origin": [10.86159, 6.5576, 8]},
			"faces": {
				"north": {"uv": [4.625, 4, 5, 5.25], "texture": "#3"},
				"east": {"uv": [5.25, 5.75, 5.5, 7], "texture": "#3"},
				"south": {"uv": [5, 1.5, 5.375, 2.75], "texture": "#3"},
				"west": {"uv": [5.875, 3, 6.125, 4.25], "texture": "#3"},
				"up": {"uv": [7.625, 3.375, 7.25, 3.125], "texture": "#3"},
				"down": {"uv": [7.75, 0.25, 7.375, 0.5], "texture": "#3"}
			}
		},
		{
			"from": [10.11356, -2.0028, 6.5],
			"to": [11.61356, 5.9972, 9.5],
			"rotation": {"angle": -22.5, "axis": "z", "origin": [10.86159, 6.5576, 8]},
			"faces": {
				"north": {"uv": [4.875, 7, 5.0625, 8], "texture": "#3"},
				"east": {"uv": [5.5, 3.5, 5.875, 4.5], "texture": "#3"},
				"south": {"uv": [5.125, 7, 5.3125, 8], "texture": "#3"},
				"west": {"uv": [5.625, 4.5, 6, 5.5], "texture": "#3"},
				"up": {"uv": [7.5625, 7.125, 7.375, 6.75], "texture": "#3"},
				"down": {"uv": [7.5625, 7.125, 7.375, 7.5], "texture": "#3"}
			}
		},
		{
			"from": [-2.36127, -1.38182, 7],
			"to": [7.63873, 0.11818, 9],
			"rotation": {"angle": 45, "axis": "z", "origin": [8.19913, -0.62985, 8]},
			"faces": {
				"north": {"uv": [6.125, 6, 7.375, 6.1875], "texture": "#3"},
				"east": {"uv": [7.5, 6, 7.75, 6.1875], "texture": "#3"},
				"south": {"uv": [6.25, 0, 7.5, 0.1875], "texture": "#3"},
				"west": {"uv": [6.125, 7.5, 6.375, 7.6875], "texture": "#3"},
				"up": {"uv": [7.125, 4.5, 5.875, 4.25], "texture": "#3"},
				"down": {"uv": [7.125, 5.5, 5.875, 5.75], "texture": "#3"}
			}
		},
		{
			"from": [10.33463, 8.84776, 6],
			"to": [13.33463, 11.84776, 10],
			"rotation": {"angle": -45, "axis": "z", "origin": [11.33463, 9.84776, 8]},
			"faces": {
				"north": {"uv": [7.125, 2.5, 7.5, 2.875], "texture": "#3"},
				"east": {"uv": [6.875, 0.25, 7.375, 0.625], "texture": "#3"},
				"south": {"uv": [7.125, 4.25, 7.5, 4.625], "texture": "#3"},
				"west": {"uv": [6.875, 0.625, 7.375, 1], "texture": "#3"},
				"up": {"uv": [7.25, 3.5, 6.875, 3], "texture": "#3"},
				"down": {"uv": [7.5, 1, 7.125, 1.5], "texture": "#3"}
			}
		},
		{
			"from": [9.33463, 7.84776, 6.5],
			"to": [14.33463, 12.84776, 9.5],
			"rotation": {"angle": -45, "axis": "z", "origin": [11.33463, 9.84776, 8]},
			"faces": {
				"north": {"uv": [5, 4.5, 5.625, 5.125], "texture": "#3"},
				"east": {"uv": [6.25, 0.25, 6.625, 0.875], "texture": "#3"},
				"south": {"uv": [5, 5.125, 5.625, 5.75], "texture": "#3"},
				"west": {"uv": [4.625, 6.25, 5, 6.875], "texture": "#3"},
				"up": {"uv": [6.75, 6.625, 6.125, 6.25], "texture": "#3"},
				"down": {"uv": [7, 1.375, 6.375, 1.75], "texture": "#3"}
			}
		},
		{
			"from": [12.89319, 12.03288, 7.25],
			"to": [14.89319, 21.03288, 8.75],
			"rotation": {"angle": 45, "axis": "z", "origin": [13.89319, 14.03288, 8]},
			"faces": {
				"north": {"uv": [5.875, 5.75, 6.125, 6.875], "texture": "#3"},
				"east": {"uv": [6.375, 6.625, 6.5625, 7.75], "texture": "#3"},
				"south": {"uv": [6, 0, 6.25, 1.125], "texture": "#3"},
				"west": {"uv": [6.625, 6.625, 6.8125, 7.75], "texture": "#3"},
				"up": {"uv": [7.375, 5.6875, 7.125, 5.5], "texture": "#3"},
				"down": {"uv": [7.75, 0, 7.5, 0.1875], "texture": "#3"}
			}
		},
		{
			"from": [12.89319, -1.33736, 7.25],
			"to": [14.89319, 7.66264, 8.75],
			"rotation": {"angle": -45, "axis": "z", "origin": [13.89319, 5.66264, 8]},
			"faces": {
				"north": {"uv": [6.125, 1.375, 6.375, 2.5], "texture": "#3"},
				"east": {"uv": [5.5, 6.75, 5.6875, 7.875], "texture": "#3"},
				"south": {"uv": [6.125, 3, 6.375, 4.125], "texture": "#3"},
				"west": {"uv": [4.625, 6.875, 4.8125, 8], "texture": "#3"},
				"up": {"uv": [7.75, 4.0625, 7.5, 3.875], "texture": "#3"},
				"down": {"uv": [7.75, 4.125, 7.5, 4.3125], "texture": "#3"}
			}
		}
	],
	"gui_light": "front",
	"display": {
		"thirdperson_righthand": {
			"rotation": [0, 90, 0],
			"translation": [0.5, -3.25, 2.25],
			"scale": [0.64648, 0.64648, 0.64648]
		},
		"thirdperson_lefthand": {
			"rotation": [0, -90, 0],
			"translation": [0.5, -3.25, 2.25],
			"scale": [0.64648, 0.64648, 0.64648]
		},
		"firstperson_righthand": {
			"rotation": [-162.71, 55.88, -179.44],
			"translation": [3.5, 4.75, -3.75],
			"scale": [0.44141, 0.44141, 0.44141]
		},
		"firstperson_lefthand": {
			"rotation": [-162.71, 55.88, -179.44],
			"translation": [3.5, 4.75, -3.75],
			"scale": [0.44141, 0.44141, 0.44141]
		},
		"ground": {
			"rotation": [-86, 0, 0],
			"translation": [-0.25, 0, 2.25],
			"scale": [0.48828, 0.48828, 0.48828]
		},
		"gui": {
			"rotation": [0, 0, 45],
			"translation": [2.5, 1.25, 0],
			"scale": [0.42656, 0.42656, 0.42656]
		},
		"head": {
			"translation": [0, 20.75, 0],
			"scale": [0.60156, 0.60156, 0.60156]
		},
		"fixed": {
			"translation": [0.25, 0, -2.25],
			"scale": [1.31055, 1.31055, 1.31055]
		}
	}
}