{"parent":"minecraft:item/generated","textures":{"layer0":"minecraft:item/cookie"},"overrides":[{"predicate":{"custom_model_data":2200014},"model":"slimefun:item/raulh22/slimefun/slimefun/food/fortune_cookie"},{"predicate":{"custom_model_data":2200015},"model":"slimefun:item/raulh22/slimefun/slimefun/food/diet_cookie"},{"predicate":{"custom_model_data":2200025},"model":"slimefun:item/raulh22/slimefun/slimefun/food/kelp_cookie"},{"predicate":{"custom_model_data":2200026},"model":"minecraft:item/cookie"}]}