{"parent":"minecraft:block/crafting_table","overrides":[{"predicate":{"custom_model_data":2200017},"model":"slimefun:item/raulh22/slimefun/slimefun/basic_machines/enchanced_crafting_table"},{"predicate":{"custom_model_data":2200132},"model":"slimefun:item/raulh22/slimefun/slimefun/basic_machines/magic_workbench"},{"predicate":{"custom_model_data":2200350},"model":"slimefun:item/raulh22/slimefun/slimefun/energy/charging_bench"},{"predicate":{"custom_model_data":2200351},"model":"minecraft:item/crafting_table"}]}