{"parent":"item/generated","textures":{"layer0":"item/leather_boots","layer1":"item/leather_boots_overlay"},"overrides":[{"predicate":{"custom_model_data":2005},"model":"glacia_armor:auto_generated/glacia_boots"},{"predicate":{"custom_model_data":2006},"model":"thor_armor:auto_generated/thor_boots"},{"predicate":{"custom_model_data":10000},"model":"lunar_studios:enderkariz/angel_set/angel_armor_boots"},{"predicate":{"custom_model_data":10001},"model":"abyssion_model:auto_generated/abyssion_boots"},{"predicate":{"custom_model_data":10002},"model":"zephyr_model:auto_generated/zephyr_boots"},{"predicate":{"custom_model_data":10003},"model":"warden_set:auto_generated/warden_boots"},{"predicate":{"custom_model_data":10004},"model":"flamos_model:auto_generated/flamos_boots"},{"predicate":{"custom_model_data":10005},"model":"darkworldpack:auto_generated/darkworld_boots"},{"predicate":{"custom_model_data":10006},"model":"blaze:auto_generated/blaze_boots_icon"},{"predicate":{"custom_model_data":10007},"model":"minecraft:item/leather_boots"}]}