{"parent":"item/generated","textures":{"layer0":"item/leather_chestplate","layer1":"item/leather_chestplate_overlay"},"overrides":[{"predicate":{"custom_model_data":2005},"model":"glacia_armor:auto_generated/glacia_chestplate"},{"predicate":{"custom_model_data":2006},"model":"thor_armor:auto_generated/thor_chestplate"},{"predicate":{"custom_model_data":10000},"model":"lunar_studios:enderkariz/angel_set/angel_armor_chestplate"},{"predicate":{"custom_model_data":10001},"model":"abyssion_model:auto_generated/abyssion_chestplate"},{"predicate":{"custom_model_data":10002},"model":"zephyr_model:auto_generated/zephyr_chestplate"},{"predicate":{"custom_model_data":10003},"model":"warden_set:auto_generated/warden_chestplate"},{"predicate":{"custom_model_data":10004},"model":"flamos_model:auto_generated/flamos_chestplate"},{"predicate":{"custom_model_data":10005},"model":"darkworldpack:auto_generated/darkworld_chestplate"},{"predicate":{"custom_model_data":10006},"model":"blaze:auto_generated/blaze_chestplate_icon"},{"predicate":{"custom_model_data":10007},"model":"minecraft:item/leather_chestplate"}]}