{"parent":"minecraft:block/light_gray_stained_glass","overrides":[{"predicate":{"custom_model_data":2200333},"model":"slimefun:item/raulh22/slimefun/slimefun/technical_components/hardened_glass"},{"predicate":{"custom_model_data":2200368},"model":"slimefun:item/raulh22/slimefun/slimefun/energy/heated_pressure_chamber"},{"predicate":{"custom_model_data":2200369},"model":"slimefun:item/raulh22/slimefun/slimefun/energy/heated_pressure_chamber2"},{"predicate":{"custom_model_data":2200370},"model":"minecraft:item/light_gray_stained_glass"}]}