{"credit":"MadewithBlockbench","texture_size":[64,64],"textures":{"1":"snowflake_pack:snowflake_pack/axe_snowflake","particle":"snowflake_pack:snowflake_pack/axe_snowflake"},"elements":[{"from":[8.60935,26.94174,7.25],"to":[10.60935,27.94174,8.75],"rotation":{"angle":0,"axis":"z","origin":[9.85935,27.44174,8.25]},"faces":{"north":{"uv":[2,9.25,2.5,9.5],"texture":"#1"},"east":{"uv":[9.5,4.5,9.875,4.75],"texture":"#1"},"south":{"uv":[9.25,2,9.75,2.25],"texture":"#1"},"west":{"uv":[9.5,4.75,9.875,5],"texture":"#1"},"up":{"uv":[1.75,9.125,1.25,8.75],"texture":"#1"},"down":{"uv":[9.25,2.5,8.75,2.875],"texture":"#1"}}},{"from":[10.32286,27.38203,7.25],"to":[12.32286,28.38203,8.75],"rotation":{"angle":22.5,"axis":"z","origin":[11.57286,27.88203,8.25]},"faces":{"north":{"uv":[1.5,9.25,2,9.5],"texture":"#1"},"east":{"uv":[9.5,4,9.875,4.25],"texture":"#1"},"south":{"uv":[9.25,1.75,9.75,2],"texture":"#1"},"west":{"uv":[9.5,4.25,9.875,4.5],"texture":"#1"},"up":{"uv":[9,8.625,8.5,8.25],"texture":"#1"},"down":{"uv":[0.5,8.75,0,9.125],"texture":"#1"}}},{"from":[4.95461,20.79073,7.025],"to":[5.95461,24.29073,8.975],"rotation":{"angle":45,"axis":"z","origin":[5.45461,23.04073,8]},"faces":{"north":{"uv":[6.75,7.75,7,8.625],"texture":"#1"},"east":{"uv":[7,5.5,7.5,6.375],"texture":"#1"},"south":{"uv":[0.5,8,0.75,8.875],"texture":"#1"},"west":{"uv":[5.75,7,6.25,7.875],"texture":"#1"},"up":{"uv":[0.5,9.75,0.25,9.25],"texture":"#1"},"down":{"uv":[1.5,9.25,1.25,9.75],"texture":"#1"}}},{"from":[4.21717,23.57106,7],"to":[5.21717,25.07106,9],"rotation":{"angle":0,"axis":"z","origin":[4.71717,23.82106,8]},"faces":{"north":{"uv":[9.5,3.5,9.75,3.875],"texture":"#1"},"east":{"uv":[7.5,8.5,8,8.875],"texture":"#1"},"south":{"uv":[3.75,9.5,4,9.875],"texture":"#1"},"west":{"uv":[8.5,7.75,9,8.125],"texture":"#1"},"up":{"uv":[9.25,9.25,9,8.75],"texture":"#1"},"down":{"uv":[0.25,9.25,0,9.75],"texture":"#1"}}},{"from":[2.72973,25.10139,7.025],"to":[5.22973,26.10139,8.975],"rotation":{"angle":-45,"axis":"z","origin":[3.97973,25.60139,8]},"faces":{"north":{"uv":[9,1,9.625,1.25],"texture":"#1"},"east":{"uv":[9,3.5,9.5,3.75],"texture":"#1"},"south":{"uv":[9,1.25,9.625,1.5],"texture":"#1"},"west":{"uv":[9,7.25,9.5,7.5],"texture":"#1"},"up":{"uv":[8.375,4.25,7.75,3.75],"texture":"#1"},"down":{"uv":[8.625,2.5,8,3],"texture":"#1"}}},{"from":[2.7423,26.13172,7],"to":[3.7423,28.63172,9],"rotation":{"angle":0,"axis":"z","origin":[3.2423,27.38172,8]},"faces":{"north":{"uv":[0.5,9,0.75,9.625],"texture":"#1"},"east":{"uv":[7.5,7.75,8,8.375],"texture":"#1"},"south":{"uv":[0.75,9,1,9.625],"texture":"#1"},"west":{"uv":[0,8,0.5,8.625],"texture":"#1"},"up":{"uv":[8.5,9.5,8.25,9],"texture":"#1"},"down":{"uv":[9.25,8.25,9,8.75],"texture":"#1"}}},{"from":[3.47973,27.91205,7],"to":[4.47973,30.41205,9],"rotation":{"angle":-45,"axis":"z","origin":[3.97973,29.16205,8]},"faces":{"north":{"uv":[8.5,8.75,8.75,9.375],"texture":"#1"},"east":{"uv":[6.25,7.75,6.75,8.375],"texture":"#1"},"south":{"uv":[8.75,8.75,9,9.375],"texture":"#1"},"west":{"uv":[7.75,6.25,8.25,6.875],"texture":"#1"},"up":{"uv":[9.25,8.25,9,7.75],"texture":"#1"},"down":{"uv":[8.25,9,8,9.5],"texture":"#1"}}},{"from":[4.73359,27.09619,7],"to":[5.73359,29.59619,9],"rotation":{"angle":22.5,"axis":"z","origin":[5.23359,28.34619,8]},"faces":{"north":{"uv":[7,8.75,7.25,9.375],"texture":"#1"},"east":{"uv":[6.5,3.25,7,3.875],"texture":"#1"},"south":{"uv":[7.25,8.75,7.5,9.375],"texture":"#1"},"west":{"uv":[3.5,7.75,4,8.375],"texture":"#1"},"up":{"uv":[1.25,9.5,1,9],"texture":"#1"},"down":{"uv":[3.5,9,3.25,9.5],"texture":"#1"}}},{"from":[12.51251,16.67412,7.275],"to":[13.51251,19.17412,8.725],"rotation":{"angle":-22.5,"axis":"z","origin":[13.01251,16.92412,8.25]},"faces":{"north":{"uv":[6.75,8.75,7,9.375],"texture":"#1"},"east":{"uv":[8.5,3,8.875,3.625],"texture":"#1"},"south":{"uv":[8.75,6.75,9,7.375],"texture":"#1"},"west":{"uv":[3.5,8.5,3.875,9.125],"texture":"#1"},"up":{"uv":[3.5,9.875,3.25,9.5],"texture":"#1"},"down":{"uv":[3.75,9.5,3.5,9.875],"texture":"#1"}}},{"from":[13.16841,16.55942,7.25],"to":[15.66841,17.55942,8.75],"rotation":{"angle":22.5,"axis":"z","origin":[13.41841,17.05942,8.25]},"faces":{"north":{"uv":[8.75,6.25,9.375,6.5],"texture":"#1"},"east":{"uv":[9.5,2.25,9.875,2.5],"texture":"#1"},"south":{"uv":[8.75,6.5,9.375,6.75],"texture":"#1"},"west":{"uv":[2.5,9.5,2.875,9.75],"texture":"#1"},"up":{"uv":[9.125,2.125,8.5,1.75],"texture":"#1"},"down":{"uv":[2.875,8.5,2.25,8.875],"texture":"#1"}}},{"from":[8.28468,21.60792,7.25],"to":[11.78468,22.60792,8.75],"rotation":{"angle":22.5,"axis":"z","origin":[10.53468,22.10792,8.25]},"faces":{"north":{"uv":[8.5,3.75,9.375,4],"texture":"#1"},"east":{"uv":[1.5,9.5,1.875,9.75],"texture":"#1"},"south":{"uv":[8.5,4,9.375,4.25],"texture":"#1"},"west":{"uv":[2,9.5,2.375,9.75],"texture":"#1"},"up":{"uv":[8.375,5.625,7.5,5.25],"texture":"#1"},"down":{"uv":[8.375,5.75,7.5,6.125],"texture":"#1"}}},{"from":[13.08654,18.56307,7.25],"to":[14.08654,23.56307,8.75],"rotation":{"angle":22.5,"axis":"z","origin":[13.58654,19.31307,8.25]},"faces":{"north":{"uv":[7.75,2.5,8,3.75],"texture":"#1"},"east":{"uv":[7,4.25,7.375,5.5],"texture":"#1"},"south":{"uv":[3.25,7.75,3.5,9],"texture":"#1"},"west":{"uv":[5.25,7,5.625,8.25],"texture":"#1"},"up":{"uv":[9.75,0.875,9.5,0.5],"texture":"#1"},"down":{"uv":[1.25,9.5,1,9.875],"texture":"#1"}}},{"from":[15.0117,17.73884,7.25],"to":[16.0117,20.23884,8.75],"rotation":{"angle":-45,"axis":"z","origin":[15.5117,17.98884,8.25]},"faces":{"north":{"uv":[5.25,8.75,5.5,9.375],"texture":"#1"},"east":{"uv":[8.5,1,8.875,1.625],"texture":"#1"},"south":{"uv":[5.5,8.75,5.75,9.375],"texture":"#1"},"west":{"uv":[1.75,8.5,2.125,9.125],"texture":"#1"},"up":{"uv":[9.5,9.375,9.25,9],"texture":"#1"},"down":{"uv":[9.75,0,9.5,0.375],"texture":"#1"}}},{"from":[17.73803,19.17023,7.25],"to":[18.73803,24.67023,8.75],"rotation":{"angle":-22.5,"axis":"z","origin":[18.23803,22.42023,8.25]},"faces":{"north":{"uv":[7.25,7.25,7.5,8.625],"texture":"#1"},"east":{"uv":[2.25,7,2.625,8.375],"texture":"#1"},"south":{"uv":[7.5,2,7.75,3.375],"texture":"#1"},"west":{"uv":[2.75,7,3.125,8.375],"texture":"#1"},"up":{"uv":[9.5,8.875,9.25,8.5],"texture":"#1"},"down":{"uv":[9.25,9.25,9,9.625],"texture":"#1"}}},{"from":[16.40935,23.00216,7.25],"to":[17.40935,28.50216,8.75],"rotation":{"angle":45,"axis":"z","origin":[16.90935,26.25216,8.25]},"faces":{"north":{"uv":[4,7,4.25,8.375],"texture":"#1"},"east":{"uv":[1.75,7,2.125,8.375],"texture":"#1"},"south":{"uv":[7,7.25,7.25,8.625],"texture":"#1"},"west":{"uv":[7,2,7.375,3.375],"texture":"#1"},"up":{"uv":[9.5,7.875,9.25,7.5],"texture":"#1"},"down":{"uv":[9.5,8,9.25,8.375],"texture":"#1"}}},{"from":[14.83108,27.66191,7.25],"to":[15.83108,30.16191,8.75],"rotation":{"angle":22.5,"axis":"z","origin":[15.33108,27.91191,8.25]},"faces":{"north":{"uv":[3,8.5,3.25,9.125],"texture":"#1"},"east":{"uv":[8.25,6.75,8.625,7.375],"texture":"#1"},"south":{"uv":[4,8.5,4.25,9.125],"texture":"#1"},"west":{"uv":[8,8.25,8.375,8.875],"texture":"#1"},"up":{"uv":[3.25,9.625,3,9.25],"texture":"#1"},"down":{"uv":[4.25,9.25,4,9.625],"texture":"#1"}}},{"from":[22.1701,29.8664,7.25],"to":[25.6701,30.8664,8.75],"rotation":{"angle":45,"axis":"z","origin":[19.9201,17.06213,8.25]},"faces":{"north":{"uv":[8.25,7.5,9.125,7.75],"texture":"#1"},"east":{"uv":[9.25,2.75,9.625,3],"texture":"#1"},"south":{"uv":[8.5,2.25,9.375,2.5],"texture":"#1"},"west":{"uv":[3.5,9.25,3.875,9.5],"texture":"#1"},"up":{"uv":[8.375,4.625,7.5,4.25],"texture":"#1"},"down":{"uv":[8.375,4.75,7.5,5.125],"texture":"#1"}}},{"from":[5.25,27,7.025],"to":[6.75,28,8.975],"rotation":{"angle":0,"axis":"y","origin":[8,14.19573,8]},"faces":{"north":{"uv":[2.5,9.25,2.875,9.5],"texture":"#1"},"east":{"uv":[7.75,7,8.25,7.25],"texture":"#1"},"south":{"uv":[9.25,2.5,9.625,2.75],"texture":"#1"},"west":{"uv":[8,3.5,8.5,3.75],"texture":"#1"},"up":{"uv":[8.875,6.25,8.5,5.75],"texture":"#1"},"down":{"uv":[6.625,8.5,6.25,9],"texture":"#1"}}},{"from":[6.7499,25.78039,5.34829],"to":[9.2501,27.90171,7.46969],"rotation":{"angle":45,"axis":"x","origin":[7.9999,25.25006,7.99994]},"faces":{"north":{"uv":[7.5,7.25,8.125,7.75],"texture":"#1"},"east":{"uv":[8,7.75,8.5,8.25],"texture":"#1"},"south":{"uv":[7.75,1,8.375,1.5],"texture":"#1"},"west":{"uv":[1.25,8.25,1.75,8.75],"texture":"#1"},"up":{"uv":[8.375,2,7.75,1.5],"texture":"#1"},"down":{"uv":[8.375,2,7.75,2.5],"texture":"#1"}}},{"from":[6.75,20,6.5],"to":[9.25,27.5,9.5],"rotation":{"angle":0,"axis":"y","origin":[8,13.69573,8]},"faces":{"north":{"uv":[5.25,5,5.875,6.875],"texture":"#1"},"east":{"uv":[5.25,1,6,2.875],"texture":"#1"},"south":{"uv":[0,6,0.625,7.875],"texture":"#1"},"west":{"uv":[5.25,3,6,4.875],"texture":"#1"},"up":{"uv":[3.875,7.75,3.25,7],"texture":"#1"},"down":{"uv":[7.625,3.5,7,4.25],"texture":"#1"}}},{"from":[7.25,2,7.25],"to":[8.75,22,8.75],"rotation":{"angle":0,"axis":"y","origin":[8,13.69573,8]},"faces":{"north":{"uv":[4.25,0,4.625,5],"texture":"#1"},"east":{"uv":[4.75,0,5.125,5],"texture":"#1"},"south":{"uv":[4.25,5,4.625,10],"texture":"#1"},"west":{"uv":[4.75,5,5.125,10],"texture":"#1"},"up":{"uv":[9.375,4.625,9,4.25],"texture":"#1"},"down":{"uv":[9.375,4.75,9,5.125],"texture":"#1"}}},{"from":[7,18.5,7],"to":[9,20,9],"rotation":{"angle":0,"axis":"y","origin":[8,13.69573,8]},"faces":{"north":{"uv":[8.5,4.25,9,4.625],"texture":"#1"},"east":{"uv":[8.5,4.75,9,5.125],"texture":"#1"},"south":{"uv":[8.5,5.25,9,5.625],"texture":"#1"},"west":{"uv":[5.75,8.5,6.25,8.875],"texture":"#1"},"up":{"uv":[8.5,3.5,8,3],"texture":"#1"},"down":{"uv":[6.25,8,5.75,8.5],"texture":"#1"}}},{"from":[2.75,17,7.251],"to":[19.25,28.5,8.749],"rotation":{"angle":-45,"axis":"z","origin":[14,23.75,8.001]},"faces":{"north":{"uv":[0,0,4.125,2.875],"texture":"#1"},"east":{"uv":[0.75,6,1.125,8.875],"texture":"#1"},"south":{"uv":[0,3,4.125,5.875],"texture":"#1"},"west":{"uv":[6,1,6.375,3.875],"texture":"#1"},"up":{"uv":[9.375,0.375,5.25,0],"texture":"#1"},"down":{"uv":[9.375,0.5,5.25,0.875],"texture":"#1"}}},{"from":[18.5,18.8,5.75],"to":[20.5,20.8,10.25],"rotation":{"angle":45,"axis":"z","origin":[8,8.3,8]},"faces":{"north":{"uv":[5.25,8.25,5.75,8.75],"texture":"#1"},"east":{"uv":[6.5,1,7.625,1.5],"texture":"#1"},"south":{"uv":[8.25,6.25,8.75,6.75],"texture":"#1"},"west":{"uv":[6.5,1.5,7.625,2],"texture":"#1"},"up":{"uv":[7,3.125,6.5,2],"texture":"#1"},"down":{"uv":[1.75,7,1.25,8.125],"texture":"#1"}}},{"from":[17.5,17.8,6.25],"to":[21.5,21.8,9.75],"rotation":{"angle":45,"axis":"z","origin":[8,8.3,8]},"faces":{"north":{"uv":[1.25,6,2.25,7],"texture":"#1"},"east":{"uv":[3.25,6,4.125,7],"texture":"#1"},"south":{"uv":[2.25,6,3.25,7],"texture":"#1"},"west":{"uv":[6,4,6.875,5],"texture":"#1"},"up":{"uv":[7,5.875,6,5],"texture":"#1"},"down":{"uv":[7,6,6,6.875],"texture":"#1"}}},{"from":[6.75,1.5,6.75],"to":[9.25,2.5,9.25],"rotation":{"angle":0,"axis":"y","origin":[7.75,14.19573,8]},"faces":{"north":{"uv":[9,1.5,9.625,1.75],"texture":"#1"},"east":{"uv":[2.25,9,2.875,9.25],"texture":"#1"},"south":{"uv":[9,3,9.625,3.25],"texture":"#1"},"west":{"uv":[9,3.25,9.625,3.5],"texture":"#1"},"up":{"uv":[6.875,7.625,6.25,7],"texture":"#1"},"down":{"uv":[7.625,6.5,7,7.125],"texture":"#1"}}},{"from":[12.5,3,7.275],"to":[14,4.5,8.725],"rotation":{"angle":-45,"axis":"z","origin":[8,9,8]},"faces":{"north":{"uv":[9,5.25,9.375,5.625],"texture":"#1"},"east":{"uv":[5.75,9,6.125,9.375],"texture":"#1"},"south":{"uv":[9,5.75,9.375,6.125],"texture":"#1"},"west":{"uv":[6.25,9,6.625,9.375],"texture":"#1"},"up":{"uv":[9.375,7.125,9,6.75],"texture":"#1"},"down":{"uv":[7.875,9,7.5,9.375],"texture":"#1"}}}],"gui_light":"front","display":{"thirdperson_righthand":{"rotation":[0,90,0],"translation":[0,-5.25,0.25],"scale":[0.82422,0.82422,0.82422]},"thirdperson_lefthand":{"rotation":[0,-90,0],"translation":[0,-5.25,0.25],"scale":[0.82422,0.82422,0.82422]},"firstperson_righthand":{"rotation":[-8,90,0],"translation":[4,-6.5,0],"scale":[0.94141,0.94141,0.94141]},"firstperson_lefthand":{"rotation":[-8,-90,0],"translation":[4,-6.5,0],"scale":[0.94141,0.94141,0.94141]},"ground":{"rotation":[-84,0,0],"translation":[0,0,4.75],"scale":[0.7207,0.7207,0.7207]},"gui":{"rotation":[0,0,-45],"translation":[-4.25,-3,0],"scale":[0.57539,0.57539,0.57539]},"head":{"translation":[0,13.5,0]},"fixed":{"translation":[-6,-13,-1.25],"scale":[1.98828,1.98828,1.98828]}}}