{"credit":"MadewithBlockbench","texture_size":[32,32],"textures":{"0":"snowflake_pack:snowflake_pack/bow_snowflake","1":"snowflake_pack:snowflake_pack/bow_snowflake_effect","particle":"snowflake_pack:snowflake_pack/bow_snowflake"},"elements":[{"from":[5.99167,-5.16382,3.12716],"to":[6.49167,10.93618,3.62716],"rotation":{"angle":-22.5,"axis":"x","origin":[6.24167,-2.66382,3.37716]},"faces":{"north":{"uv":[0,7.5,0.25,0],"texture":"#0"},"east":{"uv":[0,7.5,0.25,0],"texture":"#0"},"south":{"uv":[0,7.5,0.25,0],"texture":"#0"},"west":{"uv":[0,7.5,0.25,0],"texture":"#0"},"up":{"uv":[0,7.5,0.25,0],"texture":"#0"},"down":{"uv":[0,7.5,0.25,0],"texture":"#0"}}},{"from":[5.99167,8.73618,3.12716],"to":[6.49167,24.83618,3.62716],"rotation":{"angle":22.5,"axis":"x","origin":[6.24167,22.33618,3.37716]},"faces":{"north":{"uv":[0,0,0.25,7.5],"texture":"#0"},"east":{"uv":[0,0,0.25,7.5],"texture":"#0"},"south":{"uv":[0,0,0.25,7.5],"texture":"#0"},"west":{"uv":[0,0,0.25,7.5],"texture":"#0"},"up":{"uv":[0,0,0.25,7.5],"texture":"#0"},"down":{"uv":[0,0,0.25,7.5],"texture":"#0"}}},{"from":[6.24167,8.56645,-3.71018],"to":[6.24167,11.36645,15.38982],"rotation":{"angle":0,"axis":"x","origin":[6.24167,12.61645,12.33982]},"faces":{"north":{"uv":[0,0,0.15,0.15],"rotation":180,"texture":"#0"},"east":{"uv":[14.5,0.25,16,12.05],"rotation":90,"texture":"#0"},"south":{"uv":[0,7,0.15,7.15],"texture":"#0"},"west":{"uv":[14.5,12.05,16,0.25],"rotation":90,"texture":"#0"},"up":{"uv":[0,0,0.25,7.5],"texture":"#0"},"down":{"uv":[0,0,0.25,7.5],"rotation":180,"texture":"#0"}}},{"from":[6.09167,9.59145,-2.71018],"to":[6.39167,9.89145,14.38982],"rotation":{"angle":0,"axis":"x","origin":[6.24167,12.61645,12.33982]},"faces":{"north":{"uv":[0,0,0.15,0.15],"rotation":180,"texture":"#0"},"east":{"uv":[0,0,0.25,7.5],"rotation":90,"texture":"#0"},"south":{"uv":[0,7,0.15,7.15],"texture":"#0"},"west":{"uv":[0,0,0.25,7.5],"rotation":270,"texture":"#0"},"up":{"uv":[0,0,0.25,7.5],"texture":"#0"},"down":{"uv":[0,0,0.25,7.5],"rotation":180,"texture":"#0"}}},{"from":[5.74367,7.83617,10.12716],"to":[6.73967,11.83617,11.12716],"rotation":{"angle":0,"axis":"y","origin":[6.24167,9.83618,8]},"faces":{"north":{"uv":[5.5,8.5,6,10.5],"texture":"#0"},"east":{"uv":[4,8.5,4.5,10.5],"texture":"#0"},"south":{"uv":[4.5,8.5,5,10.5],"texture":"#0"},"west":{"uv":[5,8.5,5.5,10.5],"texture":"#0"},"up":{"uv":[4,11.5,3.5,11],"rotation":90,"texture":"#0"},"down":{"uv":[11.5,7,11,7.5],"rotation":270,"texture":"#0"}}},{"from":[5.74267,9.03915,10.62544],"to":[6.74067,11.03915,11.62544],"rotation":{"angle":-45,"axis":"x","origin":[6.24167,9.83618,8]},"faces":{"north":{"uv":[5,10.5,5.5,11.5],"texture":"#0"},"east":{"uv":[4,10.5,4.5,11.5],"texture":"#0"},"south":{"uv":[10.5,4,11,5],"texture":"#0"},"west":{"uv":[4.5,10.5,5,11.5],"texture":"#0"},"up":{"uv":[12,3.5,11.5,3],"rotation":90,"texture":"#0"},"down":{"uv":[4,11.5,3.5,12],"rotation":270,"texture":"#0"}}},{"from":[5.74167,12.72213,7.89331],"to":[6.74167,13.72213,8.89331],"rotation":{"angle":22.5,"axis":"x","origin":[6.24167,9.83618,8]},"faces":{"north":{"uv":[8.5,11,9,11.5],"texture":"#0"},"east":{"uv":[11,7.5,11.5,8],"texture":"#0"},"south":{"uv":[8,11,8.5,11.5],"texture":"#0"},"west":{"uv":[11,8,11.5,8.5],"texture":"#0"},"up":{"uv":[11.5,9,11,8.5],"rotation":90,"texture":"#0"},"down":{"uv":[9.5,11,9,11.5],"rotation":270,"texture":"#0"}}},{"from":[5.74267,8.63319,10.62546],"to":[6.74067,10.63319,11.62546],"rotation":{"angle":45,"axis":"x","origin":[6.24167,9.83618,8]},"faces":{"north":{"uv":[10.5,3,11,4],"texture":"#0"},"east":{"uv":[10,10,10.5,11],"texture":"#0"},"south":{"uv":[10.5,0,11,1],"texture":"#0"},"west":{"uv":[10.5,1,11,2],"texture":"#0"},"up":{"uv":[12,2.5,11.5,2],"rotation":90,"texture":"#0"},"down":{"uv":[12,2.5,11.5,3],"rotation":270,"texture":"#0"}}},{"from":[5.74167,13.72214,7.8933],"to":[6.74167,14.72214,12.8933],"rotation":{"angle":22.5,"axis":"x","origin":[6.24167,9.83618,8]},"faces":{"north":{"uv":[11,9.5,11.5,10],"texture":"#0"},"east":{"uv":[4,8,6.5,8.5],"texture":"#0"},"south":{"uv":[9.5,11,10,11.5],"texture":"#0"},"west":{"uv":[8,4,10.5,4.5],"texture":"#0"},"up":{"uv":[10.5,5,8,4.5],"rotation":90,"texture":"#0"},"down":{"uv":[10.5,5,8,5.5],"rotation":270,"texture":"#0"}}},{"from":[5.49167,7.18512,13.38662],"to":[6.99167,11.18512,14.38662],"rotation":{"angle":-45,"axis":"x","origin":[6.24167,9.83618,8]},"faces":{"north":{"uv":[2,6,2.75,8],"texture":"#0"},"east":{"uv":[6,8.5,6.5,10.5],"texture":"#0"},"south":{"uv":[5.5,2,6.25,4],"texture":"#0"},"west":{"uv":[6.5,8.5,7,10.5],"texture":"#0"},"up":{"uv":[11,5.75,10.5,5],"rotation":90,"texture":"#0"},"down":{"uv":[6,10.5,5.5,11.25],"rotation":270,"texture":"#0"}}},{"from":[5.49167,13.14382,12.46038],"to":[6.99167,17.14382,13.46038],"rotation":{"angle":-22.5,"axis":"x","origin":[6.24167,9.83618,8]},"faces":{"north":{"uv":[4,6,4.75,8],"texture":"#0"},"east":{"uv":[7,8.5,7.5,10.5],"texture":"#0"},"south":{"uv":[3,6,3.75,8],"texture":"#0"},"west":{"uv":[7.5,8.5,8,10.5],"texture":"#0"},"up":{"uv":[6.5,11.25,6,10.5],"rotation":90,"texture":"#0"},"down":{"uv":[11,6,10.5,6.75],"rotation":270,"texture":"#0"}}},{"from":[5.49167,16.15742,5.98667],"to":[6.99167,18.15742,6.98667],"rotation":{"angle":22.5,"axis":"x","origin":[6.24167,9.83618,8]},"faces":{"north":{"uv":[9.5,3,10.25,4],"texture":"#0"},"east":{"uv":[3.5,10,4,11],"texture":"#0"},"south":{"uv":[8.5,3,9.25,4],"texture":"#0"},"west":{"uv":[9,10,9.5,11],"texture":"#0"},"up":{"uv":[7,11.25,6.5,10.5],"rotation":90,"texture":"#0"},"down":{"uv":[7.5,10.5,7,11.25],"rotation":270,"texture":"#0"}}},{"from":[5.49167,15.7296,11.04615],"to":[6.99167,19.7296,12.04615],"rotation":{"angle":-22.5,"axis":"x","origin":[6.24167,9.83618,8]},"faces":{"north":{"uv":[6,6,6.75,8],"texture":"#0"},"east":{"uv":[8,8.5,8.5,10.5],"texture":"#0"},"south":{"uv":[5,6,5.75,8],"texture":"#0"},"west":{"uv":[8.5,8.5,9,10.5],"texture":"#0"},"up":{"uv":[11,7.75,10.5,7],"rotation":90,"texture":"#0"},"down":{"uv":[8,10.5,7.5,11.25],"rotation":270,"texture":"#0"}}},{"from":[5.49167,16.36039,-6.59193],"to":[6.99167,17.36039,0.40807],"rotation":{"angle":45,"axis":"x","origin":[6.24167,9.83618,8]},"faces":{"north":{"uv":[10.5,9,11.25,9.5],"texture":"#0"},"east":{"uv":[5.5,0,9,0.5],"texture":"#0"},"south":{"uv":[8,10.5,8.75,11],"texture":"#0"},"west":{"uv":[5.5,0.5,9,1],"texture":"#0"},"up":{"uv":[5.5,0.75,2,0],"rotation":90,"texture":"#0"},"down":{"uv":[5.5,1,2,1.75],"rotation":270,"texture":"#0"}}},{"from":[5.49167,15.36039,-5.59193],"to":[6.99167,16.36039,-0.59193],"rotation":{"angle":45,"axis":"x","origin":[6.24167,9.83618,8]},"faces":{"north":{"uv":[11,5.5,11.75,6],"texture":"#0"},"east":{"uv":[8,7,10.5,7.5],"texture":"#0"},"south":{"uv":[11,5,11.75,5.5],"texture":"#0"},"west":{"uv":[8,7.5,10.5,8],"texture":"#0"},"up":{"uv":[4.5,4.75,2,4],"rotation":90,"texture":"#0"},"down":{"uv":[7,4,4.5,4.75],"rotation":270,"texture":"#0"}}},{"from":[5.49167,3.31198,-5.59193],"to":[6.99167,4.31198,-0.59193],"rotation":{"angle":-45,"axis":"x","origin":[6.24167,9.83618,8]},"faces":{"north":{"uv":[11,6.5,11.75,7],"texture":"#0"},"east":{"uv":[8.5,2,11,2.5],"texture":"#0"},"south":{"uv":[11,6,11.75,6.5],"texture":"#0"},"west":{"uv":[8.5,2.5,11,3],"texture":"#0"},"up":{"uv":[4.5,5.75,2,5],"rotation":90,"texture":"#0"},"down":{"uv":[7,5,4.5,5.75],"rotation":270,"texture":"#0"}}},{"from":[5.74167,5.95023,7.89331],"to":[6.74167,6.95023,8.89331],"rotation":{"angle":-22.5,"axis":"x","origin":[6.24167,9.83618,8]},"faces":{"north":{"uv":[11,11,11.5,11.5],"texture":"#0"},"east":{"uv":[10,11,10.5,11.5],"texture":"#0"},"south":{"uv":[11,10,11.5,10.5],"texture":"#0"},"west":{"uv":[11,10.5,11.5,11],"texture":"#0"},"up":{"uv":[12,0.5,11.5,0],"rotation":90,"texture":"#0"},"down":{"uv":[12,0.5,11.5,1],"rotation":270,"texture":"#0"}}},{"from":[5.74167,4.95022,7.8933],"to":[6.74167,5.95022,12.8933],"rotation":{"angle":-22.5,"axis":"x","origin":[6.24167,9.83618,8]},"faces":{"north":{"uv":[11.5,1.5,12,2],"texture":"#0"},"east":{"uv":[8,5.5,10.5,6],"texture":"#0"},"south":{"uv":[11.5,1,12,1.5],"texture":"#0"},"west":{"uv":[8,6,10.5,6.5],"texture":"#0"},"up":{"uv":[9,8.5,6.5,8],"rotation":90,"texture":"#0"},"down":{"uv":[10.5,6.5,8,7],"rotation":270,"texture":"#0"}}},{"from":[5.49167,8.48724,13.38662],"to":[6.99167,12.48724,14.38662],"rotation":{"angle":45,"axis":"x","origin":[6.24167,9.83618,8]},"faces":{"north":{"uv":[7,4,7.75,6],"texture":"#0"},"east":{"uv":[9,0,9.5,2],"texture":"#0"},"south":{"uv":[6.5,2,7.25,4],"texture":"#0"},"west":{"uv":[9,8,9.5,10],"texture":"#0"},"up":{"uv":[11,10.25,10.5,9.5],"rotation":90,"texture":"#0"},"down":{"uv":[11,10.5,10.5,11.25],"rotation":270,"texture":"#0"}}},{"from":[5.49167,2.52854,12.46038],"to":[6.99167,6.52854,13.46038],"rotation":{"angle":22.5,"axis":"x","origin":[6.24167,9.83618,8]},"faces":{"north":{"uv":[7.5,2,8.25,4],"texture":"#0"},"east":{"uv":[9.5,0,10,2],"texture":"#0"},"south":{"uv":[7,6,7.75,8],"texture":"#0"},"west":{"uv":[9.5,8,10,10],"texture":"#0"},"up":{"uv":[11.5,0.75,11,0],"rotation":90,"texture":"#0"},"down":{"uv":[11.5,1,11,1.75],"rotation":270,"texture":"#0"}}},{"from":[5.49167,1.51494,5.98667],"to":[6.99167,3.51494,6.98667],"rotation":{"angle":-22.5,"axis":"x","origin":[6.24167,9.83618,8]},"faces":{"north":{"uv":[10,8,10.75,9],"texture":"#0"},"east":{"uv":[10,9,10.5,10],"texture":"#0"},"south":{"uv":[2.5,10,3.25,11],"texture":"#0"},"west":{"uv":[9.5,10,10,11],"texture":"#0"},"up":{"uv":[11.5,2.75,11,2],"rotation":90,"texture":"#0"},"down":{"uv":[3,11,2.5,11.75],"rotation":270,"texture":"#0"}}},{"from":[5.49167,-0.05724,11.04615],"to":[6.99167,3.94276,12.04615],"rotation":{"angle":22.5,"axis":"x","origin":[6.24167,9.83618,8]},"faces":{"north":{"uv":[3,8,3.75,10],"texture":"#0"},"east":{"uv":[10,0,10.5,2],"texture":"#0"},"south":{"uv":[2,8,2.75,10],"texture":"#0"},"west":{"uv":[2,10,2.5,12],"texture":"#0"},"up":{"uv":[3.5,11.75,3,11],"rotation":90,"texture":"#0"},"down":{"uv":[11.5,3,11,3.75],"rotation":270,"texture":"#0"}}},{"from":[5.49167,2.31197,-6.59193],"to":[6.99167,3.31197,0.40807],"rotation":{"angle":-45,"axis":"x","origin":[6.24167,9.83618,8]},"faces":{"north":{"uv":[11,4.5,11.75,5],"texture":"#0"},"east":{"uv":[5.5,1,9,1.5],"texture":"#0"},"south":{"uv":[11,4,11.75,4.5],"texture":"#0"},"west":{"uv":[5.5,1.5,9,2],"texture":"#0"},"up":{"uv":[5.5,2.75,2,2],"rotation":90,"texture":"#0"},"down":{"uv":[5.5,3,2,3.75],"rotation":270,"texture":"#0"}}},{"from":[6.24167,2.57656,4.4607],"to":[6.24167,7.07656,8.9607],"rotation":{"angle":0,"axis":"z","origin":[6.24167,9.83618,8]},"faces":{"north":{"uv":[18.25,12.25,18,12],"rotation":270,"texture":"#1"},"east":{"uv":[11.5,11.5,16,16],"rotation":90,"texture":"#1"},"south":{"uv":[17.75,8.5,17.5,8.75],"rotation":270,"texture":"#1"},"west":{"uv":[0,0,4.5,4.5],"rotation":270,"texture":"#1"},"up":{"uv":[12,31,12.25,17],"texture":"#1"},"down":{"uv":[13,31,13.25,17],"rotation":180,"texture":"#1"}}},{"from":[6.24167,2.4645,6.47594],"to":[6.24167,6.9645,10.97594],"rotation":{"angle":22.5,"axis":"x","origin":[6.24167,9.83618,8]},"faces":{"north":{"uv":[12,31,12.25,17],"rotation":180,"texture":"#1"},"east":{"uv":[11.5,11.5,16,16],"rotation":180,"texture":"#1"},"south":{"uv":[13,31,13.25,17],"rotation":180,"texture":"#1"},"west":{"uv":[4.5,4.5,9,9],"rotation":180,"texture":"#1"},"up":{"uv":[17.75,8.5,17.5,8.75],"rotation":270,"texture":"#1"},"down":{"uv":[18.25,12.25,18,12],"rotation":90,"texture":"#1"}}},{"from":[6.24167,4.95552,1.29599],"to":[6.24167,9.45552,5.79599],"rotation":{"angle":-45,"axis":"x","origin":[6.24167,9.83618,8]},"faces":{"north":{"uv":[18.25,12.25,18,12],"rotation":270,"texture":"#1"},"east":{"uv":[11.5,11.5,16,16],"rotation":90,"texture":"#1"},"south":{"uv":[17.75,8.5,17.5,8.75],"rotation":270,"texture":"#1"},"west":{"uv":[4.5,0,9,4.5],"rotation":90,"texture":"#1"},"up":{"uv":[12,31,12.25,17],"texture":"#1"},"down":{"uv":[13,31,13.25,17],"rotation":180,"texture":"#1"}}},{"from":[6.24167,3.45129,2.64174],"to":[6.24167,7.95129,7.14174],"rotation":{"angle":-22.5,"axis":"x","origin":[6.24167,9.83618,8]},"faces":{"north":{"uv":[18.25,12.25,18,12],"rotation":270,"texture":"#1"},"east":{"uv":[11.5,11.5,16,16],"rotation":90,"texture":"#1"},"south":{"uv":[17.75,8.5,17.5,8.75],"rotation":270,"texture":"#1"},"west":{"uv":[0,4.5,4.5,9],"rotation":90,"texture":"#1"},"up":{"uv":[12,31,12.25,17],"texture":"#1"},"down":{"uv":[13,31,13.25,17],"rotation":180,"texture":"#1"}}},{"from":[6.24167,10.21685,1.29598],"to":[6.24167,14.71685,5.79598],"rotation":{"angle":45,"axis":"x","origin":[6.24167,9.83618,8]},"faces":{"north":{"uv":[13,17,13.25,31],"texture":"#1"},"east":{"uv":[11.5,11.5,16,16],"texture":"#1"},"south":{"uv":[12,17,12.25,31],"texture":"#1"},"west":{"uv":[0,0,4.5,4.5],"texture":"#1"},"up":{"uv":[17.75,8.75,17.5,8.5],"rotation":90,"texture":"#1"},"down":{"uv":[18.25,12,18,12.25],"rotation":270,"texture":"#1"}}},{"from":[6.24167,11.72108,2.64174],"to":[6.24167,16.22108,7.14174],"rotation":{"angle":22.5,"axis":"x","origin":[6.24167,9.83618,8]},"faces":{"north":{"uv":[13,17,13.25,31],"texture":"#1"},"east":{"uv":[11.5,11.5,16,16],"texture":"#1"},"south":{"uv":[12,17,12.25,31],"texture":"#1"},"west":{"uv":[0,4.5,4.5,9],"rotation":90,"texture":"#1"},"up":{"uv":[17.75,8.75,17.5,8.5],"rotation":90,"texture":"#1"},"down":{"uv":[18.25,12,18,12.25],"rotation":270,"texture":"#1"}}},{"from":[6.24167,12.59581,4.4607],"to":[6.24167,17.09581,8.9607],"rotation":{"angle":0,"axis":"z","origin":[6.24167,9.83618,8]},"faces":{"north":{"uv":[13,17,13.25,31],"texture":"#1"},"east":{"uv":[11.5,11.5,16,16],"texture":"#1"},"south":{"uv":[12,17,12.25,31],"texture":"#1"},"west":{"uv":[4.5,0,9,4.5],"texture":"#1"},"up":{"uv":[17.75,8.75,17.5,8.5],"rotation":90,"texture":"#1"},"down":{"uv":[18.25,12,18,12.25],"rotation":270,"texture":"#1"}}},{"from":[6.24167,12.70787,6.47595],"to":[6.24167,17.20787,10.97595],"rotation":{"angle":-22.5,"axis":"x","origin":[6.24167,9.83618,8]},"faces":{"north":{"uv":[13,17,13.25,31],"texture":"#1"},"east":{"uv":[11.5,11.5,16,16],"texture":"#1"},"south":{"uv":[12,17,12.25,31],"texture":"#1"},"west":{"uv":[4.5,4.5,9,9],"texture":"#1"},"up":{"uv":[17.75,8.75,17.5,8.5],"rotation":90,"texture":"#1"},"down":{"uv":[18.25,12,18,12.25],"rotation":270,"texture":"#1"}}},{"name":"cubeinverted","from":[6.24167,17.20787,10.97595],"to":[6.24167,12.70787,6.47595],"rotation":{"angle":-22.5,"axis":"x","origin":[6.24167,9.83618,8]},"faces":{"north":{"uv":[12,31,12.25,17],"texture":"#1"},"east":{"uv":[4.5,9,9,4.5],"texture":"#1"},"south":{"uv":[13,31,13.25,17],"texture":"#1"},"west":{"uv":[11.5,16,16,11.5],"texture":"#1"},"up":{"uv":[18.25,12.25,18,12],"rotation":270,"texture":"#1"},"down":{"uv":[17.75,8.5,17.5,8.75],"rotation":90,"texture":"#1"}}},{"name":"cubeinverted","from":[6.24167,16.22108,7.14174],"to":[6.24167,11.72108,2.64174],"rotation":{"angle":22.5,"axis":"x","origin":[6.24167,9.83618,8]},"faces":{"north":{"uv":[12,31,12.25,17],"texture":"#1"},"east":{"uv":[4.5,4.5,0,9],"rotation":90,"texture":"#1"},"south":{"uv":[13,31,13.25,17],"texture":"#1"},"west":{"uv":[11.5,16,16,11.5],"texture":"#1"},"up":{"uv":[18.25,12.25,18,12],"rotation":270,"texture":"#1"},"down":{"uv":[17.75,8.5,17.5,8.75],"rotation":90,"texture":"#1"}}},{"name":"cubeinverted","from":[6.24167,17.09581,8.9607],"to":[6.24167,12.59581,4.4607],"rotation":{"angle":0,"axis":"z","origin":[6.24167,9.83618,8]},"faces":{"north":{"uv":[12,31,12.25,17],"texture":"#1"},"east":{"uv":[4.5,4.5,9,0],"texture":"#1"},"south":{"uv":[13,31,13.25,17],"texture":"#1"},"west":{"uv":[11.5,16,16,11.5],"texture":"#1"},"up":{"uv":[18.25,12.25,18,12],"rotation":270,"texture":"#1"},"down":{"uv":[17.75,8.5,17.5,8.75],"rotation":90,"texture":"#1"}}},{"name":"cubeinverted","from":[6.24167,14.71685,5.79598],"to":[6.24167,10.21685,1.29598],"rotation":{"angle":45,"axis":"x","origin":[6.24167,9.83618,8]},"faces":{"north":{"uv":[12,31,12.25,17],"texture":"#1"},"east":{"uv":[0,4.5,4.5,0],"texture":"#1"},"south":{"uv":[13,31,13.25,17],"texture":"#1"},"west":{"uv":[11.5,16,16,11.5],"texture":"#1"},"up":{"uv":[18.25,12.25,18,12],"rotation":270,"texture":"#1"},"down":{"uv":[17.75,8.5,17.5,8.75],"rotation":90,"texture":"#1"}}},{"name":"cubeinverted","from":[6.24167,7.07656,8.9607],"to":[6.24167,2.57656,4.4607],"rotation":{"angle":0,"axis":"z","origin":[6.24167,9.83618,8]},"faces":{"north":{"uv":[17.5,8.5,17.75,8.75],"rotation":270,"texture":"#1"},"east":{"uv":[4.5,0,0,4.5],"rotation":270,"texture":"#1"},"south":{"uv":[18,12.25,18.25,12],"rotation":270,"texture":"#1"},"west":{"uv":[16,11.5,11.5,16],"rotation":90,"texture":"#1"},"up":{"uv":[13.25,31,13,17],"rotation":180,"texture":"#1"},"down":{"uv":[12.25,31,12,17],"texture":"#1"}}},{"name":"cubeinverted","from":[6.24167,6.9645,10.97594],"to":[6.24167,2.4645,6.47594],"rotation":{"angle":22.5,"axis":"x","origin":[6.24167,9.83618,8]},"faces":{"north":{"uv":[13,17,13.25,31],"rotation":180,"texture":"#1"},"east":{"uv":[4.5,9,9,4.5],"rotation":180,"texture":"#1"},"south":{"uv":[12,17,12.25,31],"rotation":180,"texture":"#1"},"west":{"uv":[11.5,16,16,11.5],"rotation":180,"texture":"#1"},"up":{"uv":[18.25,12,18,12.25],"rotation":90,"texture":"#1"},"down":{"uv":[17.75,8.75,17.5,8.5],"rotation":270,"texture":"#1"}}},{"name":"cubeinverted","from":[6.24167,9.45552,5.79599],"to":[6.24167,4.95552,1.29599],"rotation":{"angle":-45,"axis":"x","origin":[6.24167,9.83618,8]},"faces":{"north":{"uv":[17.5,8.5,17.75,8.75],"rotation":270,"texture":"#1"},"east":{"uv":[9,0,4.5,4.5],"rotation":90,"texture":"#1"},"south":{"uv":[18,12.25,18.25,12],"rotation":270,"texture":"#1"},"west":{"uv":[16,11.5,11.5,16],"rotation":90,"texture":"#1"},"up":{"uv":[13.25,31,13,17],"rotation":180,"texture":"#1"},"down":{"uv":[12.25,31,12,17],"texture":"#1"}}},{"name":"cubeinverted","from":[6.24167,7.95129,7.14174],"to":[6.24167,3.45129,2.64174],"rotation":{"angle":-22.5,"axis":"x","origin":[6.24167,9.83618,8]},"faces":{"north":{"uv":[17.5,8.5,17.75,8.75],"rotation":270,"texture":"#1"},"east":{"uv":[4.5,4.5,0,9],"rotation":90,"texture":"#1"},"south":{"uv":[18,12.25,18.25,12],"rotation":270,"texture":"#1"},"west":{"uv":[16,11.5,11.5,16],"rotation":90,"texture":"#1"},"up":{"uv":[13.25,31,13,17],"rotation":180,"texture":"#1"},"down":{"uv":[12.25,31,12,17],"texture":"#1"}}}],"gui_light":"front","display":{"thirdperson_righthand":{"rotation":[0,-180,0],"translation":[-1.5,-3.25,2.25],"scale":[0.79297,0.79297,0.79297]},"thirdperson_lefthand":{"rotation":[0,-180,0],"translation":[1.5,-3.25,2.25],"scale":[0.79297,0.79297,0.79297]},"firstperson_righthand":{"rotation":[180,0,-165.75],"translation":[0,5,0],"scale":[0.72852,0.72852,0.72852]},"firstperson_lefthand":{"rotation":[180,0,-165.75],"translation":[1.5,3,0],"scale":[0.72852,0.72852,0.72852]},"ground":{"rotation":[0,0,-84],"translation":[-1,-3.75,1.25],"scale":[0.65625,0.65625,0.65625]},"gui":{"rotation":[-90,45,90],"translation":[2.75,1,0],"scale":[0.67266,0.67266,0.67266]},"head":{"rotation":[91.5,48.46,-91.13],"translation":[4.25,15,0],"scale":[0.92578,0.92578,0.92578]},"fixed":{"rotation":[0,-90,0],"translation":[0.75,-3.5,0],"scale":[1.5918,1.5918,1.5918]}}}