{"credit":"MadewithBlockbench","texture_size":[32,32],"textures":{"0":"wyverns_pack:wyverns_pack/wyvern_sword_jade","particle":"wyverns_pack:wyverns_pack/wyvern_sword_jade"},"elements":[{"from":[7.5,0,7.5],"to":[8.5,2,8.5],"rotation":{"angle":0,"axis":"y","origin":[7.5,0,7.5]},"faces":{"north":{"uv":[10.5,0,11,1],"texture":"#0"},"east":{"uv":[10.5,1,11,2],"texture":"#0"},"south":{"uv":[10.5,2,11,3],"texture":"#0"},"west":{"uv":[10.5,3.5,11,4.5],"texture":"#0"},"up":{"uv":[11.5,8.5,11,8],"texture":"#0"},"down":{"uv":[12,9.5,11.5,10],"texture":"#0"}}},{"from":[7.5,3.2,7.5],"to":[8.5,5.2,8.5],"rotation":{"angle":0,"axis":"y","origin":[7.5,0.2,7.5]},"faces":{"north":{"uv":[10.5,0,11,1],"texture":"#0"},"east":{"uv":[10.5,1,11,2],"texture":"#0"},"south":{"uv":[10.5,2,11,3],"texture":"#0"},"west":{"uv":[10.5,3.5,11,4.5],"texture":"#0"},"up":{"uv":[11.5,8.5,11,8],"texture":"#0"},"down":{"uv":[12,9.5,11.5,10],"texture":"#0"}}},{"from":[7.5,-1.9,7.5],"to":[8.5,-0.9,8.5],"rotation":{"angle":-45,"axis":"x","origin":[8,-1.4,8]},"faces":{"north":{"uv":[11.5,10,12,10.5],"texture":"#0"},"east":{"uv":[11.5,11.5,12,12],"texture":"#0"},"south":{"uv":[0,12,0.5,12.5],"texture":"#0"},"west":{"uv":[12,0,12.5,0.5],"texture":"#0"},"up":{"uv":[1,12.5,0.5,12],"texture":"#0"},"down":{"uv":[12.5,0.5,12,1],"texture":"#0"}}},{"from":[7.4,-1.2,7.4],"to":[8.6,0,8.6],"rotation":{"angle":0,"axis":"y","origin":[7.5,0,7.5]},"faces":{"north":{"uv":[10.5,8.5,11.125,9.125],"texture":"#0"},"east":{"uv":[9,10.5,9.625,11.125],"texture":"#0"},"south":{"uv":[10.5,9.5,11.125,10.125],"texture":"#0"},"west":{"uv":[10,10.5,10.625,11.125],"texture":"#0"},"up":{"uv":[0.625,11.625,0,11],"texture":"#0"},"down":{"uv":[11.625,0,11,0.625],"texture":"#0"}}},{"from":[7.4,2,7.4],"to":[8.6,3.2,8.6],"rotation":{"angle":0,"axis":"y","origin":[7.5,3.2,7.5]},"faces":{"north":{"uv":[10.5,8.5,11.125,9.125],"texture":"#0"},"east":{"uv":[9,10.5,9.625,11.125],"texture":"#0"},"south":{"uv":[10.5,9.5,11.125,10.125],"texture":"#0"},"west":{"uv":[10,10.5,10.625,11.125],"texture":"#0"},"up":{"uv":[0.625,11.625,0,11],"texture":"#0"},"down":{"uv":[11.625,0,11,0.625],"texture":"#0"}}},{"from":[7.4,5.2,7.4],"to":[8.6,6.4,8.6],"rotation":{"angle":0,"axis":"y","origin":[7.5,6.4,7.5]},"faces":{"north":{"uv":[10.5,8.5,11.125,9.125],"texture":"#0"},"east":{"uv":[9,10.5,9.625,11.125],"texture":"#0"},"south":{"uv":[10.5,9.5,11.125,10.125],"texture":"#0"},"west":{"uv":[10,10.5,10.625,11.125],"texture":"#0"},"up":{"uv":[0.625,11.625,0,11],"texture":"#0"},"down":{"uv":[11.625,0,11,0.625],"texture":"#0"}}},{"from":[7.5,6.3,7],"to":[8.5,8.3,9],"rotation":{"angle":-45,"axis":"x","origin":[8,7.3,8]},"faces":{"north":{"uv":[6,10.5,6.5,11.5],"texture":"#0"},"east":{"uv":[8,7.5,9,8.5],"texture":"#0"},"south":{"uv":[6.5,10.5,7,11.5],"texture":"#0"},"west":{"uv":[8.5,3,9.5,4],"texture":"#0"},"up":{"uv":[11,7.5,10.5,6.5],"texture":"#0"},"down":{"uv":[11,7.5,10.5,8.5],"texture":"#0"}}},{"from":[7.3,6.5,7.2],"to":[8.7,8.1,8.8],"rotation":{"angle":-45,"axis":"x","origin":[8,7.3,8]},"faces":{"north":{"uv":[9.5,3.5,10.25,4.25],"texture":"#0"},"east":{"uv":[9.5,4.5,10.25,5.25],"texture":"#0"},"south":{"uv":[5,9.5,5.75,10.25],"texture":"#0"},"west":{"uv":[9.5,5.5,10.25,6.25],"texture":"#0"},"up":{"uv":[6.75,10.25,6,9.5],"texture":"#0"},"down":{"uv":[10.25,6.5,9.5,7.25],"texture":"#0"}}},{"from":[7.512,7.35125,4.886],"to":[8.488,8.32725,7.326],"rotation":{"angle":22.5,"axis":"x","origin":[8,7.83925,6.106]},"faces":{"north":{"uv":[1.5,12,2,12.5],"texture":"#0"},"east":{"uv":[8,8.5,9.25,9],"texture":"#0"},"south":{"uv":[12,1.5,12.5,2],"texture":"#0"},"west":{"uv":[9,7.5,10.25,8],"texture":"#0"},"up":{"uv":[7,9.25,6.5,8],"texture":"#0"},"down":{"uv":[8.5,9,8,10.25],"texture":"#0"}}},{"from":[7.634,7.01575,3.056],"to":[8.366,9.45575,4.032],"rotation":{"angle":-22.5,"axis":"x","origin":[8,8.23575,3.544]},"faces":{"north":{"uv":[8,10.5,8.375,11.75],"texture":"#0"},"east":{"uv":[8.5,9,9,10.25],"texture":"#0"},"south":{"uv":[8.5,10.5,8.875,11.75],"texture":"#0"},"west":{"uv":[9,9,9.5,10.25],"texture":"#0"},"up":{"uv":[2.875,12.5,2.5,12],"texture":"#0"},"down":{"uv":[3.375,12,3,12.5],"texture":"#0"}}},{"from":[7.756,7.35125,3.472],"to":[8.244,8.32725,5.912],"rotation":{"angle":22.5,"axis":"x","origin":[8,7.83925,4.642]},"faces":{"north":{"uv":[4.5,12,4.75,12.5],"texture":"#0"},"east":{"uv":[9,8,10.25,8.5],"texture":"#0"},"south":{"uv":[12,5,12.25,5.5],"texture":"#0"},"west":{"uv":[9.5,3,10.75,3.5],"texture":"#0"},"up":{"uv":[11.75,9.25,11.5,8],"texture":"#0"},"down":{"uv":[9.25,11.5,9,12.75],"texture":"#0"}}},{"from":[7.75,7.7,6.5],"to":[8.25,10.7,9.5],"rotation":{"angle":0,"axis":"y","origin":[7.75,8.2,8]},"faces":{"north":{"uv":[5,11.5,5.25,13],"texture":"#0"},"east":{"uv":[7,3,8.5,4.5],"texture":"#0"},"south":{"uv":[5.5,11.5,5.75,13],"texture":"#0"},"west":{"uv":[7,4.5,8.5,6],"texture":"#0"},"up":{"uv":[6.25,13,6,11.5],"texture":"#0"},"down":{"uv":[6.75,11.5,6.5,13],"texture":"#0"}}},{"from":[7.75,10.7,7],"to":[8.25,26.7,9],"rotation":{"angle":0,"axis":"y","origin":[7.75,11.2,8.5]},"faces":{"north":{"uv":[7,6,7.25,14],"texture":"#0"},"east":{"uv":[5,0,6,8],"texture":"#0"},"south":{"uv":[7.5,6,7.75,14],"texture":"#0"},"west":{"uv":[6,0,7,8],"texture":"#0"},"up":{"uv":[2.25,13,2,12],"texture":"#0"},"down":{"uv":[12.25,2,12,3],"texture":"#0"}}},{"from":[7.725,9.8,7.35],"to":[8.275,11.95,9.5],"rotation":{"angle":45,"axis":"x","origin":[8,11.3,8]},"faces":{"north":{"uv":[9.5,11.5,9.75,12.625],"texture":"#0"},"east":{"uv":[5,8,6.125,9.125],"texture":"#0"},"south":{"uv":[10,11.5,10.25,12.625],"texture":"#0"},"west":{"uv":[8,6,9.125,7.125],"texture":"#0"},"up":{"uv":[10.75,12.625,10.5,11.5],"texture":"#0"},"down":{"uv":[11.25,11.5,11,12.625],"texture":"#0"}}},{"from":[7.725,26.3,8.05],"to":[8.275,27.75,9.5],"rotation":{"angle":45,"axis":"x","origin":[8,27.8,8]},"faces":{"north":{"uv":[12,3,12.25,3.75],"texture":"#0"},"east":{"uv":[9.5,8.5,10.25,9.25],"texture":"#0"},"south":{"uv":[3.5,12,3.75,12.75],"texture":"#0"},"west":{"uv":[9.5,9.5,10.25,10.25],"texture":"#0"},"up":{"uv":[4.25,12.75,4,12],"texture":"#0"},"down":{"uv":[12.25,4,12,4.75],"texture":"#0"}}},{"from":[8,5.5,0.2],"to":[8,8.5,7.2],"rotation":{"angle":22.5,"axis":"x","origin":[8,7,5]},"faces":{"north":{"uv":[0,0,0,1.5],"texture":"#0"},"east":{"uv":[7,0,10.5,1.5],"texture":"#0"},"south":{"uv":[0,0,0,1.5],"texture":"#0"},"west":{"uv":[7,1.5,10.5,3],"texture":"#0"},"up":{"uv":[0,3.5,0,0],"texture":"#0"},"down":{"uv":[0,0,0,3.5],"texture":"#0"}}},{"from":[7.512,7.35125,8.674],"to":[8.488,8.32725,11.114],"rotation":{"angle":-22.5,"axis":"x","origin":[8,7.83925,9.894]},"faces":{"north":{"uv":[12.5,1.5,12,2],"texture":"#0"},"east":{"uv":[9.25,8.5,8,9],"texture":"#0"},"south":{"uv":[2,12,1.5,12.5],"texture":"#0"},"west":{"uv":[10.25,7.5,9,8],"texture":"#0"},"up":{"uv":[7,8,6.5,9.25],"texture":"#0"},"down":{"uv":[8.5,10.25,8,9],"texture":"#0"}}},{"from":[7.756,7.35125,10.088],"to":[8.244,8.32725,12.528],"rotation":{"angle":-22.5,"axis":"x","origin":[8,7.83925,11.358]},"faces":{"north":{"uv":[12.25,5,12,5.5],"texture":"#0"},"east":{"uv":[10.25,8,9,8.5],"texture":"#0"},"south":{"uv":[4.75,12,4.5,12.5],"texture":"#0"},"west":{"uv":[10.75,3,9.5,3.5],"texture":"#0"},"up":{"uv":[11.75,8,11.5,9.25],"texture":"#0"},"down":{"uv":[9.25,12.75,9,11.5],"texture":"#0"}}},{"from":[7.634,7.01575,11.968],"to":[8.366,9.45575,12.944],"rotation":{"angle":22.5,"axis":"x","origin":[8,8.23575,12.456]},"faces":{"north":{"uv":[8.875,10.5,8.5,11.75],"texture":"#0"},"east":{"uv":[9,9,8.5,10.25],"texture":"#0"},"south":{"uv":[8.375,10.5,8,11.75],"texture":"#0"},"west":{"uv":[9.5,9,9,10.25],"texture":"#0"},"up":{"uv":[2.875,12,2.5,12.5],"texture":"#0"},"down":{"uv":[3.375,12.5,3,12],"texture":"#0"}}},{"from":[8,5.5,8.8],"to":[8,8.5,15.8],"rotation":{"angle":-22.5,"axis":"x","origin":[8,7,11]},"faces":{"north":{"uv":[0,0,0,1.5],"texture":"#0"},"east":{"uv":[10.5,0,7,1.5],"texture":"#0"},"south":{"uv":[0,0,0,1.5],"texture":"#0"},"west":{"uv":[10.5,1.5,7,3],"texture":"#0"},"up":{"uv":[0,0,0,3.5],"texture":"#0"},"down":{"uv":[0,3.5,0,0],"texture":"#0"}}},{"from":[8,-3.32191,7],"to":[8,-1.32191,9],"rotation":{"angle":-45,"axis":"y","origin":[8,-2.32191,8]},"faces":{"north":{"uv":[0,0,0,1],"texture":"#0"},"east":{"uv":[8.5,4,9.5,5],"texture":"#0"},"south":{"uv":[0,0,0,1],"texture":"#0"},"west":{"uv":[8.5,5,9.5,6],"texture":"#0"},"up":{"uv":[0,1,0,0],"texture":"#0"},"down":{"uv":[0,0,0,1],"texture":"#0"}}},{"from":[8,-3.32191,7],"to":[8,-1.32191,9],"rotation":{"angle":45,"axis":"y","origin":[8,-2.32191,8]},"faces":{"north":{"uv":[0,0,0,1],"texture":"#0"},"east":{"uv":[8.5,4,9.5,5],"texture":"#0"},"south":{"uv":[0,0,0,1],"texture":"#0"},"west":{"uv":[8.5,5,9.5,6],"texture":"#0"},"up":{"uv":[0,1,0,0],"texture":"#0"},"down":{"uv":[0,0,0,1],"texture":"#0"}}},{"from":[8,8,5.5],"to":[8,30,10.5],"rotation":{"angle":0,"axis":"y","origin":[8,0,5.5]},"faces":{"north":{"uv":[0,0,0,11],"texture":"#0"},"east":{"uv":[0,0,2.5,11],"texture":"#0"},"south":{"uv":[0,0,0,11],"texture":"#0"},"west":{"uv":[0,0,2.5,11],"texture":"#0"},"up":{"uv":[0,2.5,0,0],"texture":"#0"},"down":{"uv":[0,0,0,2.5],"texture":"#0"}}}],"gui_light":"front","display":{"thirdperson_righthand":{"translation":[0,2.75,1.75]},"thirdperson_lefthand":{"translation":[0,2.75,1.75]},"firstperson_righthand":{"rotation":[-15,0,0],"translation":[2.25,1.5,0],"scale":[0.81836,0.81836,0.81836]},"firstperson_lefthand":{"rotation":[-15,0,0],"translation":[2.25,1.5,0],"scale":[0.81836,0.81836,0.81836]},"ground":{"translation":[0,2,0],"scale":[0.5,0.5,0.5]},"gui":{"rotation":[90,-135,90],"translation":[-2.25,-2.25,-0.5],"scale":[0.61992,0.61992,0.61992]},"head":{"scale":[0,0,0]},"fixed":{"rotation":[90,-45,90],"translation":[7.75,-7.75,-0.5],"scale":[1.94805,1.94805,1.94805]}}}