{"credit":"MadewithBlockbench","texture_size":[32,32],"textures":{"0":"wyverns_pack:wyverns_pack/wyvern_helmet_ruby","particle":"wyverns_pack:wyverns_pack/wyvern_helmet_ruby"},"elements":[{"from":[11,3,8],"to":[12,7,12],"rotation":{"angle":0,"axis":"y","origin":[12,5,2]},"faces":{"north":{"uv":[4,10.5,4.5,12.5],"texture":"#0"},"east":{"uv":[2,7.5,4,9.5],"texture":"#0"},"south":{"uv":[4.5,10.5,5,12.5],"texture":"#0"},"west":{"uv":[4,7.5,6,9.5],"texture":"#0"},"up":{"uv":[11,7,10.5,5],"texture":"#0"},"down":{"uv":[7.5,10.5,7,12.5],"texture":"#0"}}},{"from":[11.5,2,4],"to":[11.5,5,9],"rotation":{"angle":0,"axis":"y","origin":[12.5,5,-2]},"faces":{"north":{"uv":[0,0,0,1.5],"texture":"#0"},"east":{"uv":[9.5,0,12,1.5],"texture":"#0"},"south":{"uv":[0,0,0,1.5],"texture":"#0"},"west":{"uv":[12,0,9.5,1.5],"texture":"#0"},"up":{"uv":[0,2.5,0,0],"texture":"#0"},"down":{"uv":[0,0,0,2.5],"texture":"#0"}}},{"from":[11,7,4],"to":[12,9,12],"rotation":{"angle":0,"axis":"y","origin":[11,7,2]},"faces":{"north":{"uv":[1,11,1.5,12],"texture":"#0"},"east":{"uv":[2,6.5,6,7.5],"texture":"#0"},"south":{"uv":[1.5,11,2,12],"texture":"#0"},"west":{"uv":[6,7,10,8],"texture":"#0"},"up":{"uv":[5.5,13.5,5,9.5],"texture":"#0"},"down":{"uv":[6,9.5,5.5,13.5],"texture":"#0"}}},{"from":[4,7,4],"to":[5,9,12],"rotation":{"angle":0,"axis":"y","origin":[5,7,2]},"faces":{"north":{"uv":[1.5,11,1,12],"texture":"#0"},"east":{"uv":[10,7,6,8],"texture":"#0"},"south":{"uv":[2,11,1.5,12],"texture":"#0"},"west":{"uv":[6,6.5,2,7.5],"texture":"#0"},"up":{"uv":[5,13.5,5.5,9.5],"texture":"#0"},"down":{"uv":[5.5,9.5,6,13.5],"texture":"#0"}}},{"from":[4,3,8],"to":[5,7,12],"rotation":{"angle":0,"axis":"y","origin":[4,5,2]},"faces":{"north":{"uv":[4.5,10.5,4,12.5],"texture":"#0"},"east":{"uv":[6,7.5,4,9.5],"texture":"#0"},"south":{"uv":[5,10.5,4.5,12.5],"texture":"#0"},"west":{"uv":[4,7.5,2,9.5],"texture":"#0"},"up":{"uv":[10.5,7,11,5],"texture":"#0"},"down":{"uv":[7,10.5,7.5,12.5],"texture":"#0"}}},{"from":[4.5,2,4],"to":[4.5,5,9],"rotation":{"angle":0,"axis":"y","origin":[3.5,5,-2]},"faces":{"north":{"uv":[0,0,0,1.5],"texture":"#0"},"east":{"uv":[9.5,0,12,1.5],"texture":"#0"},"south":{"uv":[0,0,0,1.5],"texture":"#0"},"west":{"uv":[12,0,9.5,1.5],"texture":"#0"},"up":{"uv":[0,2.5,0,0],"texture":"#0"},"down":{"uv":[0,0,0,2.5],"texture":"#0"}}},{"from":[5,9,5],"to":[11,10,11],"rotation":{"angle":0,"axis":"y","origin":[10,9,2]},"faces":{"north":{"uv":[10,7,13,7.5],"texture":"#0"},"east":{"uv":[10,7.5,13,8],"texture":"#0"},"south":{"uv":[10,9.5,13,10],"texture":"#0"},"west":{"uv":[10,10,13,10.5],"texture":"#0"},"up":{"uv":[3,6.5,0,3.5],"texture":"#0"},"down":{"uv":[6,3.5,3,6.5],"texture":"#0"}}},{"from":[7,9,3],"to":[9,10,5],"rotation":{"angle":0,"axis":"y","origin":[10,9,-4]},"faces":{"north":{"uv":[11,8,12,8.5],"texture":"#0"},"east":{"uv":[11,8.5,12,9],"texture":"#0"},"south":{"uv":[11,9,12,9.5],"texture":"#0"},"west":{"uv":[11.5,5,12.5,5.5],"texture":"#0"},"up":{"uv":[8.5,11.5,7.5,10.5],"texture":"#0"},"down":{"uv":[9.5,10.5,8.5,11.5],"texture":"#0"}}},{"from":[7,6,3],"to":[9,9,4],"rotation":{"angle":0,"axis":"y","origin":[10,8,-4]},"faces":{"north":{"uv":[2,10.5,3,12],"texture":"#0"},"east":{"uv":[0,11,0.5,12.5],"texture":"#0"},"south":{"uv":[3,10.5,4,12],"texture":"#0"},"west":{"uv":[0.5,11,1,12.5],"texture":"#0"},"up":{"uv":[12.5,6,11.5,5.5],"texture":"#0"},"down":{"uv":[12.5,6,11.5,6.5],"texture":"#0"}}},{"from":[7,9,2.7],"to":[9,11,11.7],"rotation":{"angle":-45,"axis":"z","origin":[8,10,3.2]},"faces":{"north":{"uv":[9.5,10.5,10.5,11.5],"texture":"#0"},"east":{"uv":[6,5,10.5,6],"texture":"#0"},"south":{"uv":[10.5,10.5,11.5,11.5],"texture":"#0"},"west":{"uv":[6,6,10.5,7],"texture":"#0"},"up":{"uv":[1,11,0,6.5],"texture":"#0"},"down":{"uv":[2,6.5,1,11],"texture":"#0"}}},{"from":[5,7,4],"to":[11,9,5],"rotation":{"angle":0,"axis":"y","origin":[8,8,8]},"faces":{"north":{"uv":[2,9.5,5,10.5],"texture":"#0"},"east":{"uv":[11,5,11.5,6],"texture":"#0"},"south":{"uv":[9.5,3,12.5,4],"texture":"#0"},"west":{"uv":[11,6,11.5,7],"texture":"#0"},"up":{"uv":[10,10,7,9.5],"texture":"#0"},"down":{"uv":[10,10,7,10.5],"texture":"#0"}}},{"from":[5,2,11],"to":[11,9,12],"rotation":{"angle":0,"axis":"y","origin":[8,8,8]},"faces":{"north":{"uv":[0,0,3,3.5],"texture":"#0"},"east":{"uv":[6,9.5,6.5,13],"texture":"#0"},"south":{"uv":[3,0,6,3.5],"texture":"#0"},"west":{"uv":[6.5,9.5,7,13],"texture":"#0"},"up":{"uv":[12.5,4.5,9.5,4],"texture":"#0"},"down":{"uv":[12.5,4.5,9.5,5],"texture":"#0"}}},{"from":[9.2,8.6,3.5],"to":[14.2,11.6,3.5],"rotation":{"angle":22.5,"axis":"z","origin":[9.2,8.6,3.5]},"faces":{"north":{"uv":[6,8,8.5,9.5],"texture":"#0"},"east":{"uv":[0,0,0,1.5],"texture":"#0"},"south":{"uv":[8.5,8,6,9.5],"texture":"#0"},"west":{"uv":[0,0,0,1.5],"texture":"#0"},"up":{"uv":[2.5,0,0,0],"texture":"#0"},"down":{"uv":[2.5,0,0,0],"texture":"#0"}}},{"from":[1.8,8.6,3.5],"to":[6.8,11.6,3.5],"rotation":{"angle":-22.5,"axis":"z","origin":[6.8,8.6,3.5]},"faces":{"north":{"uv":[8.5,8,6,9.5],"texture":"#0"},"east":{"uv":[0,0,0,1.5],"texture":"#0"},"south":{"uv":[6,8,8.5,9.5],"texture":"#0"},"west":{"uv":[0,0,0,1.5],"texture":"#0"},"up":{"uv":[0,0,2.5,0],"texture":"#0"},"down":{"uv":[0,0,2.5,0],"texture":"#0"}}},{"from":[11.7,8.8,7.2],"to":[11.7,13.8,14.2],"rotation":{"angle":-22.5,"axis":"x","origin":[11.7,10.3,9.7]},"faces":{"north":{"uv":[0,0,0,2.5],"texture":"#0"},"east":{"uv":[6,0,9.5,2.5],"texture":"#0"},"south":{"uv":[0,0,0,2.5],"texture":"#0"},"west":{"uv":[9.5,0,6,2.5],"texture":"#0"},"up":{"uv":[0,3.5,0,0],"texture":"#0"},"down":{"uv":[0,0,0,3.5],"texture":"#0"}}},{"from":[4.3,8.8,7.2],"to":[4.3,13.8,14.2],"rotation":{"angle":-22.5,"axis":"x","origin":[4.3,10.3,9.7]},"faces":{"north":{"uv":[0,0,0,2.5],"texture":"#0"},"east":{"uv":[6,0,9.5,2.5],"texture":"#0"},"south":{"uv":[0,0,0,2.5],"texture":"#0"},"west":{"uv":[9.5,0,6,2.5],"texture":"#0"},"up":{"uv":[0,3.5,0,0],"texture":"#0"},"down":{"uv":[0,0,0,3.5],"texture":"#0"}}}],"gui_light":"front","display":{"thirdperson_righthand":{"rotation":[61,0,0],"translation":[0,2.5,1],"scale":[0.5,0.5,0.5]},"thirdperson_lefthand":{"rotation":[61,0,0],"translation":[0,2.5,1],"scale":[0.5,0.5,0.5]},"firstperson_righthand":{"rotation":[171.46,-8.5,176.36],"translation":[-1.25,6,0],"scale":[0.84375,0.84375,0.84375]},"firstperson_lefthand":{"rotation":[171.46,-8.5,176.36],"translation":[-1.25,6,0],"scale":[0.84375,0.84375,0.84375]},"ground":{"rotation":[41,0,0],"scale":[0.5,0.5,0.5]},"gui":{"rotation":[14,133,0],"translation":[0,-0.25,0]},"head":{"translation":[0,5.75,0.75],"scale":[2,2,2]},"fixed":{"rotation":[-90,0,0],"translation":[0,1.5,-15.75],"scale":[2.57422,2.57422,2.57422]}}}