{"credit":"MadewithBlockbench","texture_size":[128,128],"textures":{"0":"toffy:toffy/crates/toffy_crate_cinder","particle":"toffy:toffy/crates/toffy_crate_cinder"},"elements":[{"from":[-5,0,0],"to":[21,2,3],"faces":{"north":{"uv":[10.75,2.125,14,2.375],"texture":"#0"},"east":{"uv":[11.75,7.375,12.125,7.625],"texture":"#0"},"south":{"uv":[10.75,2.5,14,2.75],"texture":"#0"},"west":{"uv":[12.875,5.25,13.25,5.5],"texture":"#0"},"up":{"uv":[12.75,4.625,9.5,4.25],"texture":"#0"},"down":{"uv":[12.75,4.75,9.5,5.125],"texture":"#0"}}},{"from":[-4,0,13],"to":[20,2,16],"faces":{"north":{"uv":[10.75,2.875,13.75,3.125],"texture":"#0"},"east":{"uv":[12.875,5.625,13.25,5.875],"texture":"#0"},"south":{"uv":[10.75,7.75,13.75,8],"texture":"#0"},"west":{"uv":[12.875,6.75,13.25,7],"texture":"#0"},"up":{"uv":[12.5,6.625,9.5,6.25],"texture":"#0"},"down":{"uv":[12.375,9.875,9.375,10.25],"texture":"#0"}}},{"from":[-6,0,3],"to":[22,2,13],"faces":{"north":{"uv":[8.375,10.375,11.875,10.625],"texture":"#0"},"east":{"uv":[12.25,0.5,13.5,0.75],"texture":"#0"},"south":{"uv":[0,10.625,3.5,10.875],"texture":"#0"},"west":{"uv":[12.25,9.5,13.5,9.75],"texture":"#0"},"up":{"uv":[3.5,4.5,0,3.25],"texture":"#0"},"down":{"uv":[6.875,0,3.375,1.25],"texture":"#0"}}},{"from":[-2,2,1],"to":[18,12,15],"faces":{"north":{"uv":[6.875,4,9.375,5.25],"texture":"#0"},"east":{"uv":[0,7,1.75,8.25],"texture":"#0"},"south":{"uv":[6.875,5.375,9.375,6.625],"texture":"#0"},"west":{"uv":[1.875,7.5,3.625,8.75],"texture":"#0"},"up":{"uv":[5.875,3.125,3.375,1.375],"texture":"#0"},"down":{"uv":[6.125,3.25,3.625,5],"texture":"#0"}}},{"from":[-4,2,3],"to":[20,11,13],"faces":{"north":{"uv":[6.25,2.75,9.25,3.875],"texture":"#0"},"east":{"uv":[9.375,2.125,10.625,3.25],"texture":"#0"},"south":{"uv":[3.75,6.5,6.75,7.625],"texture":"#0"},"west":{"uv":[9.375,7.75,10.625,8.875],"texture":"#0"},"up":{"uv":[6.75,6.375,3.75,5.125],"texture":"#0"},"down":{"uv":[9,1.375,6,2.625],"texture":"#0"}}},{"from":[-5,2,2],"to":[21,5,14],"faces":{"north":{"uv":[9.5,5.25,12.75,5.625],"texture":"#0"},"east":{"uv":[1.875,4.625,3.375,5],"texture":"#0"},"south":{"uv":[9.5,5.75,12.75,6.125],"texture":"#0"},"west":{"uv":[10.75,8.125,12.25,8.5],"texture":"#0"},"up":{"uv":[3.25,1.5,0,0],"texture":"#0"},"down":{"uv":[3.25,1.625,0,3.125],"texture":"#0"}}},{"from":[1,2,-1],"to":[15,10,17],"faces":{"north":{"uv":[3.75,7.75,5.5,8.75],"texture":"#0"},"east":{"uv":[6.875,6.75,9.125,7.75],"texture":"#0"},"south":{"uv":[5.625,7.875,7.375,8.875],"texture":"#0"},"west":{"uv":[7,0,9.25,1],"texture":"#0"},"up":{"uv":[1.75,6.875,0,4.625],"texture":"#0"},"down":{"uv":[3.625,5.125,1.875,7.375],"texture":"#0"}}},{"from":[1.97699,2.5,0.9937],"to":[4.97699,4.5,2.9937],"rotation":{"angle":22.5,"axis":"y","origin":[-2.02301,6,9.9937]},"faces":{"north":{"uv":[12.875,7.125,13.25,7.375],"texture":"#0"},"east":{"uv":[7.25,11.75,7.5,12],"texture":"#0"},"south":{"uv":[12.875,8.625,13.25,8.875],"texture":"#0"},"west":{"uv":[7.875,12.125,8.125,12.375],"texture":"#0"},"up":{"uv":[12.75,13.125,12.375,12.875],"texture":"#0"},"down":{"uv":[13.25,12.875,12.875,13.125],"texture":"#0"}}},{"from":[1.97699,5.5,0.9937],"to":[4.97699,6.5,2.9937],"rotation":{"angle":22.5,"axis":"y","origin":[-2.02301,6,9.9937]},"faces":{"north":{"uv":[10,0.875,10.375,1],"texture":"#0"},"east":{"uv":[1.5,10.375,1.75,10.5],"texture":"#0"},"south":{"uv":[0,10.375,0.375,10.5],"texture":"#0"},"west":{"uv":[3.25,11.375,3.5,11.5],"texture":"#0"},"up":{"uv":[1.375,13.25,1,13],"texture":"#0"},"down":{"uv":[5.25,13,4.875,13.25],"texture":"#0"}}},{"from":[1.97699,7.5,0.9937],"to":[4.97699,8.5,2.9937],"rotation":{"angle":22.5,"axis":"y","origin":[-2.02301,6,9.9937]},"faces":{"north":{"uv":[0.5,10.375,0.875,10.5],"texture":"#0"},"east":{"uv":[12.875,6,13.125,6.125],"texture":"#0"},"south":{"uv":[1,10.375,1.375,10.5],"texture":"#0"},"west":{"uv":[13.375,5.5,13.625,5.625],"texture":"#0"},"up":{"uv":[5.75,13.25,5.375,13],"texture":"#0"},"down":{"uv":[6.25,13,5.875,13.25],"texture":"#0"}}},{"from":[11.02301,2.5,0.9937],"to":[14.02301,4.5,2.9937],"rotation":{"angle":-22.5,"axis":"y","origin":[18.02301,6,9.9937]},"faces":{"north":{"uv":[13.125,1.25,13.5,1.5],"texture":"#0"},"east":{"uv":[1.5,13,1.75,13.25],"texture":"#0"},"south":{"uv":[13.125,1.625,13.5,1.875],"texture":"#0"},"west":{"uv":[6.875,13.125,7.125,13.375],"texture":"#0"},"up":{"uv":[6.75,13.375,6.375,13.125],"texture":"#0"},"down":{"uv":[9.125,13.125,8.75,13.375],"texture":"#0"}}},{"from":[11.02301,5.5,0.9937],"to":[14.02301,6.5,2.9937],"rotation":{"angle":-22.5,"axis":"y","origin":[18.02301,6,9.9937]},"faces":{"north":{"uv":[11.25,9.625,11.625,9.75],"texture":"#0"},"east":{"uv":[13.375,6.75,13.625,6.875],"texture":"#0"},"south":{"uv":[11.375,4,11.75,4.125],"texture":"#0"},"west":{"uv":[13.375,7,13.625,7.125],"texture":"#0"},"up":{"uv":[8.625,13.25,8.25,13],"texture":"#0"},"down":{"uv":[13.5,0.875,13.125,1.125],"texture":"#0"}}},{"from":[11.02301,7.5,0.9937],"to":[14.02301,8.5,2.9937],"rotation":{"angle":-22.5,"axis":"y","origin":[18.02301,6,9.9937]},"faces":{"north":{"uv":[10.5,0.875,10.875,1],"texture":"#0"},"east":{"uv":[13.375,5.75,13.625,5.875],"texture":"#0"},"south":{"uv":[11.25,0.625,11.625,0.75],"texture":"#0"},"west":{"uv":[6,13.375,6.25,13.5],"texture":"#0"},"up":{"uv":[7.625,13.25,7.25,13],"texture":"#0"},"down":{"uv":[8.125,13,7.75,13.25],"texture":"#0"}}},{"from":[1,6.94975,3.94975],"to":[15,14.94975,12.04975],"rotation":{"angle":0,"axis":"y","origin":[0,-2.05025,4.94975]},"faces":{"north":{"uv":[7.5,7.875,9.25,8.875],"texture":"#0"},"east":{"uv":[6.125,10,7.125,11],"texture":"#0"},"south":{"uv":[0,8.375,1.75,9.375],"texture":"#0"},"west":{"uv":[7.25,10,8.25,11],"texture":"#0"},"up":{"uv":[3.625,9.875,1.875,8.875],"texture":"#0"},"down":{"uv":[5.5,8.875,3.75,9.875],"texture":"#0"}}},{"from":[1.025,2.46447,-0.80761],"to":[14.975,9.46447,5.19239],"rotation":{"angle":45,"axis":"x","origin":[8,6.46447,8.19239]},"faces":{"north":{"uv":[5.625,9,7.375,9.875],"texture":"#0"},"east":{"uv":[3.625,10.625,4.375,11.5],"texture":"#0"},"south":{"uv":[7.5,9,9.25,9.875],"texture":"#0"},"west":{"uv":[4.5,10.625,5.25,11.5],"texture":"#0"},"up":{"uv":[11.125,0.75,9.375,0],"texture":"#0"},"down":{"uv":[11.125,9,9.375,9.75],"texture":"#0"}}},{"from":[1.025,2.46447,10.80761],"to":[14.975,9.46447,16.80761],"rotation":{"angle":-45,"axis":"x","origin":[8,6.46447,7.80761]},"faces":{"north":{"uv":[9.125,1.125,10.875,2],"texture":"#0"},"east":{"uv":[8.375,10.75,9.125,11.625],"texture":"#0"},"south":{"uv":[9.25,6.75,11,7.625],"texture":"#0"},"west":{"uv":[9.25,10.75,10,11.625],"texture":"#0"},"up":{"uv":[1.75,10.25,0,9.5],"texture":"#0"},"down":{"uv":[11.25,3.375,9.5,4.125],"texture":"#0"}}},{"from":[0,0,16],"to":[16,2,18],"faces":{"north":{"uv":[10.75,8.625,12.75,8.875],"texture":"#0"},"east":{"uv":[9,10,9.25,10.25],"texture":"#0"},"south":{"uv":[10.125,10.75,12.125,11],"texture":"#0"},"west":{"uv":[3.25,11,3.5,11.25],"texture":"#0"},"up":{"uv":[2,11.25,0,11],"texture":"#0"},"down":{"uv":[13,0.875,11,1.125],"texture":"#0"}}},{"from":[0,0,-3],"to":[16,2,1],"faces":{"north":{"uv":[11,1.25,13,1.5],"texture":"#0"},"east":{"uv":[8.375,10,8.875,10.25],"texture":"#0"},"south":{"uv":[11,1.625,13,1.875],"texture":"#0"},"west":{"uv":[11.125,7.375,11.625,7.625],"texture":"#0"},"up":{"uv":[3.875,10.5,1.875,10],"texture":"#0"},"down":{"uv":[6,10,4,10.5],"texture":"#0"}}},{"from":[2.17157,5.41421,-1.25],"to":[3.17157,9.41421,-0.25],"rotation":{"angle":0,"axis":"y","origin":[6.67157,5.91421,-1.25]},"faces":{"north":{"uv":[13.25,10.875,13.375,11.375],"texture":"#0"},"east":{"uv":[11,13.25,11.125,13.75],"texture":"#0"},"south":{"uv":[11.25,13.25,11.375,13.75],"texture":"#0"},"west":{"uv":[11.5,13.25,11.625,13.75],"texture":"#0"},"up":{"uv":[13.75,13.125,13.625,13],"texture":"#0"},"down":{"uv":[13.625,13.625,13.5,13.75],"texture":"#0"}}},{"from":[2.5,8.62132,-1.25],"to":[3.5,11.62132,-0.25],"rotation":{"angle":45,"axis":"z","origin":[5,10.12132,-1.25]},"faces":{"north":{"uv":[13.375,3.25,13.5,3.625],"texture":"#0"},"east":{"uv":[3.5,13.375,3.625,13.75],"texture":"#0"},"south":{"uv":[3.75,13.375,3.875,13.75],"texture":"#0"},"west":{"uv":[13.375,3.75,13.5,4.125],"texture":"#0"},"up":{"uv":[13.875,5.625,13.75,5.5],"texture":"#0"},"down":{"uv":[13.875,5.75,13.75,5.875],"texture":"#0"}}},{"from":[4,4,-1.25],"to":[5,8,-0.25],"rotation":{"angle":0,"axis":"y","origin":[6.5,5.5,-1.25]},"faces":{"north":{"uv":[13.25,11.5,13.375,12],"texture":"#0"},"east":{"uv":[11.75,13.25,11.875,13.75],"texture":"#0"},"south":{"uv":[12,13.25,12.125,13.75],"texture":"#0"},"west":{"uv":[12.25,13.25,12.375,13.75],"texture":"#0"},"up":{"uv":[13.875,6.125,13.75,6],"texture":"#0"},"down":{"uv":[13.875,6.25,13.75,6.375],"texture":"#0"}}},{"from":[2.5,4.62132,-1.25],"to":[3.5,7.62132,-0.25],"rotation":{"angle":45,"axis":"z","origin":[5,6.12132,-1.25]},"faces":{"north":{"uv":[2.5,13.375,2.625,13.75],"texture":"#0"},"east":{"uv":[2.75,13.375,2.875,13.75],"texture":"#0"},"south":{"uv":[3,13.375,3.125,13.75],"texture":"#0"},"west":{"uv":[3.25,13.375,3.375,13.75],"texture":"#0"},"up":{"uv":[13.75,12.625,13.625,12.5],"texture":"#0"},"down":{"uv":[13.75,12.75,13.625,12.875],"texture":"#0"}}},{"from":[11,4,-1.25],"to":[12,8,-0.25],"rotation":{"angle":0,"axis":"y","origin":[9.5,5.5,-1.25]},"faces":{"north":{"uv":[10.25,13.25,10.375,13.75],"texture":"#0"},"east":{"uv":[13.25,10.25,13.375,10.75],"texture":"#0"},"south":{"uv":[10.5,13.25,10.625,13.75],"texture":"#0"},"west":{"uv":[10.75,13.25,10.875,13.75],"texture":"#0"},"up":{"uv":[8.375,13.75,8.25,13.625],"texture":"#0"},"down":{"uv":[13.75,9.375,13.625,9.5],"texture":"#0"}}},{"from":[12.5,8.62132,-1.25],"to":[13.5,11.62132,-0.25],"rotation":{"angle":-45,"axis":"z","origin":[11,10.12132,-1.25]},"faces":{"north":{"uv":[0.5,13.375,0.625,13.75],"texture":"#0"},"east":{"uv":[0.75,13.375,0.875,13.75],"texture":"#0"},"south":{"uv":[1,13.375,1.125,13.75],"texture":"#0"},"west":{"uv":[1.25,13.375,1.375,13.75],"texture":"#0"},"up":{"uv":[13.75,9.75,13.625,9.625],"texture":"#0"},"down":{"uv":[13.75,9.875,13.625,10],"texture":"#0"}}},{"from":[12.82843,5.41421,-1.25],"to":[13.82843,9.41421,-0.25],"rotation":{"angle":0,"axis":"y","origin":[9.32843,5.91421,-1.25]},"faces":{"north":{"uv":[9.125,2.125,9.25,2.625],"texture":"#0"},"east":{"uv":[1,12.375,1.125,12.875],"texture":"#0"},"south":{"uv":[9.75,13.125,9.875,13.625],"texture":"#0"},"west":{"uv":[10,13.25,10.125,13.75],"texture":"#0"},"up":{"uv":[7.875,13.75,7.75,13.625],"texture":"#0"},"down":{"uv":[8.125,13.625,8,13.75],"texture":"#0"}}},{"from":[12.5,4.62132,-1.25],"to":[13.5,7.62132,-0.25],"rotation":{"angle":-45,"axis":"z","origin":[11,6.12132,-1.25]},"faces":{"north":{"uv":[1.5,13.375,1.625,13.75],"texture":"#0"},"east":{"uv":[1.75,13.375,1.875,13.75],"texture":"#0"},"south":{"uv":[2,13.375,2.125,13.75],"texture":"#0"},"west":{"uv":[2.25,13.375,2.375,13.75],"texture":"#0"},"up":{"uv":[13.75,12.125,13.625,12],"texture":"#0"},"down":{"uv":[13.75,12.25,13.625,12.375],"texture":"#0"}}},{"from":[6.5,3,-2],"to":[7.5,6,-1],"rotation":{"angle":0,"axis":"y","origin":[6.5,5.5,-1.5]},"faces":{"north":{"uv":[13.25,13.25,13.375,13.625],"texture":"#0"},"east":{"uv":[0,13.375,0.125,13.75],"texture":"#0"},"south":{"uv":[13.375,0,13.5,0.375],"texture":"#0"},"west":{"uv":[0.25,13.375,0.375,13.75],"texture":"#0"},"up":{"uv":[13.75,5,13.625,4.875],"texture":"#0"},"down":{"uv":[5.625,13.625,5.5,13.75],"texture":"#0"}}},{"from":[5.02513,4.56066,-2],"to":[6.02513,6.56066,-1],"rotation":{"angle":45,"axis":"z","origin":[5.02513,7.06066,-1.5]},"faces":{"north":{"uv":[8.5,13.375,8.625,13.625],"texture":"#0"},"east":{"uv":[13.375,12.875,13.5,13.125],"texture":"#0"},"south":{"uv":[6.375,13.5,6.5,13.75],"texture":"#0"},"west":{"uv":[6.625,13.5,6.75,13.75],"texture":"#0"},"up":{"uv":[5.875,13.75,5.75,13.625],"texture":"#0"},"down":{"uv":[6.125,13.625,6,13.75],"texture":"#0"}}},{"from":[6.02513,5.56066,-2],"to":[8.02513,6.56066,-1],"rotation":{"angle":45,"axis":"z","origin":[5.02513,7.06066,-1.5]},"faces":{"north":{"uv":[6.875,13.5,7.125,13.625],"texture":"#0"},"east":{"uv":[13.625,7.25,13.75,7.375],"texture":"#0"},"south":{"uv":[8.75,13.5,9,13.625],"texture":"#0"},"west":{"uv":[13.625,7.5,13.75,7.625],"texture":"#0"},"up":{"uv":[9.375,13.625,9.125,13.5],"texture":"#0"},"down":{"uv":[13.75,10.25,13.5,10.375],"texture":"#0"}}},{"from":[6,8,-2.025],"to":[10,9,-1],"rotation":{"angle":0,"axis":"y","origin":[16,0,0]},"faces":{"north":{"uv":[7,1.125,7.5,1.25],"texture":"#0"},"east":{"uv":[13.625,1.875,13.75,2],"texture":"#0"},"south":{"uv":[7.625,1.125,8.125,1.25],"texture":"#0"},"west":{"uv":[13.625,3.625,13.75,3.75],"texture":"#0"},"up":{"uv":[8.75,1.25,8.25,1.125],"texture":"#0"},"down":{"uv":[9.875,0.875,9.375,1],"texture":"#0"}}},{"from":[9.97487,4.56066,-2],"to":[10.97487,6.56066,-1],"rotation":{"angle":-45,"axis":"z","origin":[10.97487,7.06066,-1.5]},"faces":{"north":{"uv":[12,10.375,12.125,10.625],"texture":"#0"},"east":{"uv":[7.25,13.375,7.375,13.625],"texture":"#0"},"south":{"uv":[13.375,7.25,13.5,7.5],"texture":"#0"},"west":{"uv":[7.5,13.375,7.625,13.625],"texture":"#0"},"up":{"uv":[13.75,4,13.625,3.875],"texture":"#0"},"down":{"uv":[13.75,4.125,13.625,4.25],"texture":"#0"}}},{"from":[8.5,3,-2],"to":[9.5,6,-1],"rotation":{"angle":0,"axis":"y","origin":[9.5,5.5,-1.5]},"faces":{"north":{"uv":[6,2.75,6.125,3.125],"texture":"#0"},"east":{"uv":[12.5,13.25,12.625,13.625],"texture":"#0"},"south":{"uv":[12.75,13.25,12.875,13.625],"texture":"#0"},"west":{"uv":[13,13.25,13.125,13.625],"texture":"#0"},"up":{"uv":[9,1.25,8.875,1.125],"texture":"#0"},"down":{"uv":[12,4,11.875,4.125],"texture":"#0"}}},{"from":[7.97487,5.56066,-2],"to":[9.97487,6.56066,-1],"rotation":{"angle":-45,"axis":"z","origin":[10.97487,7.06066,-1.5]},"faces":{"north":{"uv":[7.75,13.375,8,13.5],"texture":"#0"},"east":{"uv":[13.625,4.375,13.75,4.5],"texture":"#0"},"south":{"uv":[8.125,13.375,8.375,13.5],"texture":"#0"},"west":{"uv":[13.625,4.625,13.75,4.75],"texture":"#0"},"up":{"uv":[13.625,8.625,13.375,8.5],"texture":"#0"},"down":{"uv":[13.625,8.75,13.375,8.875],"texture":"#0"}}},{"from":[6.5,8.35355,-1.35355],"to":[7.5,10.35355,-0.35355],"rotation":{"angle":0,"axis":"y","origin":[0.25,3.85355,2.89645]},"faces":{"north":{"uv":[13.5,11.625,13.625,11.875],"texture":"#0"},"east":{"uv":[13.5,13.25,13.625,13.5],"texture":"#0"},"south":{"uv":[13.625,0,13.75,0.25],"texture":"#0"},"west":{"uv":[13.625,0.375,13.75,0.625],"texture":"#0"},"up":{"uv":[7.25,13.875,7.125,13.75],"texture":"#0"},"down":{"uv":[7.5,13.75,7.375,13.875],"texture":"#0"}}},{"from":[6.5,8.55025,-5],"to":[7.5,11.55025,-4],"rotation":{"angle":45,"axis":"x","origin":[0.25,5.05025,-1]},"faces":{"north":{"uv":[4.75,13.375,4.875,13.75],"texture":"#0"},"east":{"uv":[13.375,4.75,13.5,5.125],"texture":"#0"},"south":{"uv":[5,13.375,5.125,13.75],"texture":"#0"},"west":{"uv":[5.25,13.375,5.375,13.75],"texture":"#0"},"up":{"uv":[13.875,8.25,13.75,8.125],"texture":"#0"},"down":{"uv":[13.875,8.375,13.75,8.5],"texture":"#0"}}},{"from":[7.5,11.05025,-5],"to":[8.5,13.05025,-4],"rotation":{"angle":45,"axis":"x","origin":[15.75,5.05025,-1]},"faces":{"north":{"uv":[13.625,0.75,13.75,1],"texture":"#0"},"east":{"uv":[13.625,1.125,13.75,1.375],"texture":"#0"},"south":{"uv":[13.625,1.5,13.75,1.75],"texture":"#0"},"west":{"uv":[13.625,3.25,13.75,3.5],"texture":"#0"},"up":{"uv":[8.625,13.875,8.5,13.75],"texture":"#0"},"down":{"uv":[13.875,8.625,13.75,8.75],"texture":"#0"}}},{"from":[8.5,8.55025,-5],"to":[9.5,11.55025,-4],"rotation":{"angle":45,"axis":"x","origin":[15.75,5.05025,-1]},"faces":{"north":{"uv":[4,13.375,4.125,13.75],"texture":"#0"},"east":{"uv":[4.25,13.375,4.375,13.75],"texture":"#0"},"south":{"uv":[13.375,4.25,13.5,4.625],"texture":"#0"},"west":{"uv":[4.5,13.375,4.625,13.75],"texture":"#0"},"up":{"uv":[13.875,6.625,13.75,6.5],"texture":"#0"},"down":{"uv":[13.875,6.75,13.75,6.875],"texture":"#0"}}},{"from":[8.5,8.35355,-1.35355],"to":[9.5,10.35355,-0.35355],"rotation":{"angle":0,"axis":"y","origin":[15.75,3.85355,2.89645]},"faces":{"north":{"uv":[9.5,13.5,9.625,13.75],"texture":"#0"},"east":{"uv":[13.5,10.5,13.625,10.75],"texture":"#0"},"south":{"uv":[13.5,10.875,13.625,11.125],"texture":"#0"},"west":{"uv":[13.5,11.25,13.625,11.5],"texture":"#0"},"up":{"uv":[7,13.875,6.875,13.75],"texture":"#0"},"down":{"uv":[13.875,7,13.75,7.125],"texture":"#0"}}},{"from":[-7,7,2],"to":[-2,12,7],"rotation":{"angle":0,"axis":"y","origin":[0,-1,2]},"faces":{"north":{"uv":[1.25,11.375,1.875,12],"texture":"#0"},"east":{"uv":[11.375,3.25,12,3.875],"texture":"#0"},"south":{"uv":[2,11.625,2.625,12.25],"texture":"#0"},"west":{"uv":[2.75,11.625,3.375,12.25],"texture":"#0"},"up":{"uv":[4.125,12.25,3.5,11.625],"texture":"#0"},"down":{"uv":[4.875,11.625,4.25,12.25],"texture":"#0"}}},{"from":[-6.5,2.34315,4.34315],"to":[-2.5,6.34315,11.34315],"rotation":{"angle":-45,"axis":"x","origin":[0,6.34315,-3.65685]},"faces":{"north":{"uv":[6.625,12.5,7.125,13],"texture":"#0"},"east":{"uv":[10.125,11.125,11,11.625],"texture":"#0"},"south":{"uv":[8.75,12.5,9.25,13],"texture":"#0"},"west":{"uv":[11.125,11.125,12,11.625],"texture":"#0"},"up":{"uv":[6.75,4.875,6.25,4],"texture":"#0"},"down":{"uv":[8.125,11.125,7.625,12],"texture":"#0"}}},{"from":[-12.03553,13.94975,6.65685],"to":[-4.03553,16.94975,10.65685],"rotation":{"angle":45,"axis":"y","origin":[-6.03553,14.94975,7.65685]},"faces":{"north":{"uv":[10.5,11.75,11.5,12.125],"texture":"#0"},"east":{"uv":[5.375,10.625,5.875,11],"texture":"#0"},"south":{"uv":[11.625,11.75,12.625,12.125],"texture":"#0"},"west":{"uv":[12.5,9.875,13,10.25],"texture":"#0"},"up":{"uv":[3.125,11.5,2.125,11],"texture":"#0"},"down":{"uv":[6.375,11.125,5.375,11.625],"texture":"#0"}}},{"from":[-10.98528,14.86736,11.80551],"to":[-6.98528,17.86736,17.80551],"rotation":{"angle":-22.5,"axis":"x","origin":[-9.98528,15.86736,13.80551]},"faces":{"north":{"uv":[12.625,6.25,13.125,6.625],"texture":"#0"},"east":{"uv":[12.375,8.125,13.125,8.5],"texture":"#0"},"south":{"uv":[12.75,3.25,13.25,3.625],"texture":"#0"},"west":{"uv":[4.875,12.5,5.625,12.875],"texture":"#0"},"up":{"uv":[1.75,12.875,1.25,12.125],"texture":"#0"},"down":{"uv":[12.625,3.25,12.125,4],"texture":"#0"}}},{"from":[-10.21991,16.39809,16.73567],"to":[-3.21991,19.39809,19.73567],"rotation":{"angle":22.5,"axis":"z","origin":[-10.21991,17.39809,18.73567]},"faces":{"north":{"uv":[12.25,9,13.125,9.375],"texture":"#0"},"east":{"uv":[12.75,11.625,13.125,12],"texture":"#0"},"south":{"uv":[12.25,10.375,13.125,10.75],"texture":"#0"},"west":{"uv":[11.875,12.75,12.25,13.125],"texture":"#0"},"up":{"uv":[11.375,12.625,10.5,12.25],"texture":"#0"},"down":{"uv":[12.375,12.25,11.5,12.625],"texture":"#0"}}},{"from":[-3.21991,17.39809,16.73567],"to":[-0.21991,19.39809,19.73567],"rotation":{"angle":22.5,"axis":"z","origin":[-10.21991,17.39809,18.73567]},"faces":{"north":{"uv":[9.25,13.125,9.625,13.375],"texture":"#0"},"east":{"uv":[13.125,9.875,13.5,10.125],"texture":"#0"},"south":{"uv":[13.125,12.125,13.5,12.375],"texture":"#0"},"west":{"uv":[13.125,12.5,13.5,12.75],"texture":"#0"},"up":{"uv":[0.375,13.25,0,12.875],"texture":"#0"},"down":{"uv":[0.875,12.875,0.5,13.25],"texture":"#0"}}},{"from":[-0.21991,18.39809,16.73567],"to":[2.78009,19.39809,19.73567],"rotation":{"angle":22.5,"axis":"z","origin":[-10.21991,17.39809,18.73567]},"faces":{"north":{"uv":[11.75,0.625,12.125,0.75],"texture":"#0"},"east":{"uv":[11.75,9.625,12.125,9.75],"texture":"#0"},"south":{"uv":[12.25,10.875,12.625,11],"texture":"#0"},"west":{"uv":[10,12.5,10.375,12.625],"texture":"#0"},"up":{"uv":[2.25,13.25,1.875,12.875],"texture":"#0"},"down":{"uv":[2.75,12.875,2.375,13.25],"texture":"#0"}}},{"from":[18,7,2],"to":[23,12,7],"rotation":{"angle":0,"axis":"y","origin":[16,-1,2]},"faces":{"north":{"uv":[5,11.75,5.625,12.375],"texture":"#0"},"east":{"uv":[5.75,11.75,6.375,12.375],"texture":"#0"},"south":{"uv":[6.5,11.75,7.125,12.375],"texture":"#0"},"west":{"uv":[8.25,11.75,8.875,12.375],"texture":"#0"},"up":{"uv":[9.625,12.375,9,11.75],"texture":"#0"},"down":{"uv":[10.375,11.75,9.75,12.375],"texture":"#0"}}},{"from":[18.5,2.34315,4.34315],"to":[22.5,6.34315,11.34315],"rotation":{"angle":-45,"axis":"x","origin":[16,6.34315,-3.65685]},"faces":{"north":{"uv":[9.375,12.5,9.875,13],"texture":"#0"},"east":{"uv":[11.25,0,12.125,0.5],"texture":"#0"},"south":{"uv":[12.5,12.25,13,12.75],"texture":"#0"},"west":{"uv":[11.25,9,12.125,9.5],"texture":"#0"},"up":{"uv":[0.5,12.25,0,11.375],"texture":"#0"},"down":{"uv":[1.125,11.375,0.625,12.25],"texture":"#0"}}},{"from":[20.03553,13.94975,6.65685],"to":[28.03553,16.94975,10.65685],"rotation":{"angle":-45,"axis":"y","origin":[22.03553,14.94975,7.65685]},"faces":{"north":{"uv":[12.125,11.125,13.125,11.5],"texture":"#0"},"east":{"uv":[12.75,3.75,13.25,4.125],"texture":"#0"},"south":{"uv":[12.25,0,13.25,0.375],"texture":"#0"},"west":{"uv":[10,12.75,10.5,13.125],"texture":"#0"},"up":{"uv":[7.5,11.625,6.5,11.125],"texture":"#0"},"down":{"uv":[12.125,6.75,11.125,7.25],"texture":"#0"}}},{"from":[22.98528,14.86736,11.80551],"to":[26.98528,17.86736,17.80551],"rotation":{"angle":-22.5,"axis":"x","origin":[25.98528,15.86736,13.80551]},"faces":{"north":{"uv":[10.625,12.75,11.125,13.125],"texture":"#0"},"east":{"uv":[5.75,12.5,6.5,12.875],"texture":"#0"},"south":{"uv":[11.25,12.75,11.75,13.125],"texture":"#0"},"west":{"uv":[7.875,12.5,8.625,12.875],"texture":"#0"},"up":{"uv":[7.75,12.875,7.25,12.125],"texture":"#0"},"down":{"uv":[12.75,6.75,12.25,7.5],"texture":"#0"}}},{"from":[19.21991,16.39809,16.73567],"to":[26.21991,19.39809,19.73567],"rotation":{"angle":-22.5,"axis":"z","origin":[26.21991,17.39809,18.73567]},"faces":{"north":{"uv":[0,12.375,0.875,12.75],"texture":"#0"},"east":{"uv":[2.875,12.875,3.25,13.25],"texture":"#0"},"south":{"uv":[1.875,12.375,2.75,12.75],"texture":"#0"},"west":{"uv":[3.375,12.875,3.75,13.25],"texture":"#0"},"up":{"uv":[3.75,12.75,2.875,12.375],"texture":"#0"},"down":{"uv":[4.75,12.375,3.875,12.75],"texture":"#0"}}},{"from":[16.21991,17.39809,16.73567],"to":[19.21991,19.39809,19.73567],"rotation":{"angle":-22.5,"axis":"z","origin":[26.21991,17.39809,18.73567]},"faces":{"north":{"uv":[13.25,6,13.625,6.25],"texture":"#0"},"east":{"uv":[13.25,6.375,13.625,6.625],"texture":"#0"},"south":{"uv":[13.25,8.125,13.625,8.375],"texture":"#0"},"west":{"uv":[13.25,9,13.625,9.25],"texture":"#0"},"up":{"uv":[4.25,13.25,3.875,12.875],"texture":"#0"},"down":{"uv":[13.25,4.25,12.875,4.625],"texture":"#0"}}},{"from":[13.21991,18.39809,16.73567],"to":[16.21991,19.39809,19.73567],"rotation":{"angle":-22.5,"axis":"z","origin":[26.21991,17.39809,18.73567]},"faces":{"north":{"uv":[12.75,10.875,13.125,11],"texture":"#0"},"east":{"uv":[12.875,7.5,13.25,7.625],"texture":"#0"},"south":{"uv":[13.375,5.25,13.75,5.375],"texture":"#0"},"west":{"uv":[5.5,13.375,5.875,13.5],"texture":"#0"},"up":{"uv":[4.75,13.25,4.375,12.875],"texture":"#0"},"down":{"uv":[13.25,4.75,12.875,5.125],"texture":"#0"}}}],"gui_light":"front","display":{"thirdperson_righthand":{"scale":[0.3,0.3,0.3]},"thirdperson_lefthand":{"scale":[0.3,0.3,0.3]},"firstperson_righthand":{"scale":[0.3,0.3,0.3]},"firstperson_lefthand":{"scale":[0.3,0.3,0.3]},"ground":{"scale":[0.3,0.3,0.3]},"gui":{"rotation":[8,-150,0],"translation":[1,-2.25,0],"scale":[0.4,0.4,0.4]},"head":{"translation":[0,-30.75,0],"scale":[1.5,1.5,1.5]},"fixed":{"rotation":[-90,0,0],"translation":[0,0,-78],"scale":[2,2,2]}},"groups":[0,1,2,3,4,5,6,7,8,9,10,11,12,13,14,15,16,17,{"name":"sides","origin":[11,6.12132,-1.5],"color":0,"children":[18,19,20,21,22,23,24,25]},{"name":"middle","origin":[15.75,4.20711,2.79289],"color":0,"children":[26,27,28,29,30,31,32,33,34,35,36,37]},{"name":"horn","origin":[-10.21991,18.39809,16.73567],"color":0,"children":[38,39,40,41,42,43,44]},{"name":"horn","origin":[-10.21991,18.39809,16.73567],"color":0,"children":[45,46,47,48,49,50,51]}]}