{"credit":"MadewithBlockbench","texture_size":[256,256],"textures":{"0":"toffy:toffy/crates/toffy_crate_viking","particle":"toffy:toffy/crates/toffy_crate_viking"},"elements":[{"name":"keyhole","from":[4.75,5.75,-1.275],"to":[8.75,9.75,-1.275],"rotation":{"angle":-45,"axis":"z","origin":[8,6.5,-0.275]},"faces":{"north":{"uv":[5.125,8.125,5.375,8.375],"texture":"#0"},"east":{"uv":[7.625,5.4375,7.75,5.6875],"texture":"#0"},"south":{"uv":[5.625,7.25,5.875,7.5],"texture":"#0"},"west":{"uv":[7.5,7.625,7.625,7.875],"texture":"#0"},"up":{"uv":[2,5.75,1.75,5.625],"texture":"#0"},"down":{"uv":[7.75,2.9375,7.5,3.0625],"texture":"#0"}}},{"from":[1,2,2],"to":[15,6,14],"faces":{"north":{"uv":[5.5625,4.3125,6.4375,4.5625],"texture":"#0"},"east":{"uv":[5.8125,2.0625,6.5625,2.3125],"texture":"#0"},"south":{"uv":[5.125,5.5625,6,5.8125],"texture":"#0"},"west":{"uv":[3.4375,5.8125,4.1875,6.0625],"texture":"#0"},"up":{"uv":[3.625,3.1875,2.75,2.4375],"texture":"#0"},"down":{"uv":[1.9375,2.875,1.0625,3.625],"texture":"#0"}}},{"from":[1,10,2],"to":[15,16,14],"rotation":{"angle":0,"axis":"y","origin":[0,8,0]},"faces":{"north":{"uv":[0,5.125,0.875,5.5],"texture":"#0"},"east":{"uv":[0,5.5625,0.75,5.9375],"texture":"#0"},"south":{"uv":[5.25,0,6.125,0.375],"texture":"#0"},"west":{"uv":[5.5625,3.125,6.3125,3.5],"texture":"#0"},"up":{"uv":[2.6875,4.4375,1.8125,3.6875],"texture":"#0"},"down":{"uv":[4.5625,2.4375,3.6875,3.1875],"texture":"#0"}}},{"from":[0,5,1],"to":[16,7,15],"rotation":{"angle":0,"axis":"y","origin":[16,0,0]},"faces":{"north":{"uv":[6.4375,0.5625,7.4375,0.6875],"texture":"#0"},"east":{"uv":[6.5625,2.5,7.4375,2.625],"texture":"#0"},"south":{"uv":[4.1875,6.4375,5.1875,6.5625],"texture":"#0"},"west":{"uv":[6.5625,2.6875,7.4375,2.8125],"texture":"#0"},"up":{"uv":[1,2.875,0,2],"texture":"#0"},"down":{"uv":[3.375,0,2.375,0.875],"texture":"#0"}}},{"from":[-3,6,0.5],"to":[19,8,15.5],"rotation":{"angle":0,"axis":"y","origin":[16,0,0]},"faces":{"north":{"uv":[0,6.1875,1.375,6.3125],"texture":"#0"},"east":{"uv":[6.5,4.3125,7.4375,4.4375],"texture":"#0"},"south":{"uv":[6.1875,0,7.5625,0.125],"texture":"#0"},"west":{"uv":[0,6.5625,0.9375,6.6875],"texture":"#0"},"up":{"uv":[1.375,0.9375,0,0],"texture":"#0"},"down":{"uv":[1.375,1,0,1.9375],"texture":"#0"}}},{"from":[1,6,-1],"to":[15,10,17],"rotation":{"angle":0,"axis":"y","origin":[16,0,-1]},"faces":{"north":{"uv":[0.8125,5.625,1.6875,5.875],"texture":"#0"},"east":{"uv":[5.25,0.4375,6.375,0.6875],"texture":"#0"},"south":{"uv":[5.625,1.375,6.5,1.625],"texture":"#0"},"west":{"uv":[0.9375,5.3125,2.0625,5.5625],"texture":"#0"},"up":{"uv":[2.3125,1.125,1.4375,0],"texture":"#0"},"down":{"uv":[2.3125,1.1875,1.4375,2.3125],"texture":"#0"}}},{"from":[5,12.22209,-4.14386],"to":[11,19.22209,-1.14386],"rotation":{"angle":22.5,"axis":"x","origin":[16,5.22209,-6.14386]},"faces":{"north":{"uv":[3.3125,6.125,3.6875,6.5625],"texture":"#0"},"east":{"uv":[1.4375,7.25,1.625,7.6875],"texture":"#0"},"south":{"uv":[3.75,6.125,4.125,6.5625],"texture":"#0"},"west":{"uv":[1.6875,7.25,1.875,7.6875],"texture":"#0"},"up":{"uv":[1.6875,4.3125,1.3125,4.125],"texture":"#0"},"down":{"uv":[3.6875,7.25,3.3125,7.4375],"texture":"#0"}}},{"from":[5,12.22209,17.14386],"to":[11,19.22209,20.14386],"rotation":{"angle":-22.5,"axis":"x","origin":[16,5.22209,22.14386]},"faces":{"north":{"uv":[4.125,6.125,3.75,6.5625],"texture":"#0"},"east":{"uv":[1.625,7.25,1.4375,7.6875],"texture":"#0"},"south":{"uv":[3.6875,6.125,3.3125,6.5625],"texture":"#0"},"west":{"uv":[1.875,7.25,1.6875,7.6875],"texture":"#0"},"up":{"uv":[1.6875,4.125,1.3125,4.3125],"texture":"#0"},"down":{"uv":[3.6875,7.4375,3.3125,7.25],"texture":"#0"}}},{"from":[5,11.94269,0.75282],"to":[11,14.94269,8.25282],"rotation":{"angle":-22.5,"axis":"x","origin":[16,16.94269,-5.24718]},"faces":{"north":{"uv":[3.75,7.25,4.125,7.4375],"texture":"#0"},"east":{"uv":[3.375,6.875,3.875,7.0625],"texture":"#0"},"south":{"uv":[7.25,3.75,7.625,3.9375],"texture":"#0"},"west":{"uv":[3.9375,6.875,4.4375,7.0625],"texture":"#0"},"up":{"uv":[4.625,6.3125,4.25,5.8125],"texture":"#0"},"down":{"uv":[5.0625,5.8125,4.6875,6.3125],"texture":"#0"}}},{"from":[5,11.94269,7.74718],"to":[11,14.94269,15.24718],"rotation":{"angle":22.5,"axis":"x","origin":[16,16.94269,21.24718]},"faces":{"north":{"uv":[7.625,3.75,7.25,3.9375],"texture":"#0"},"east":{"uv":[3.875,6.875,3.375,7.0625],"texture":"#0"},"south":{"uv":[4.125,7.25,3.75,7.4375],"texture":"#0"},"west":{"uv":[4.4375,6.875,3.9375,7.0625],"texture":"#0"},"up":{"uv":[4.625,5.8125,4.25,6.3125],"texture":"#0"},"down":{"uv":[5.0625,6.3125,4.6875,5.8125],"texture":"#0"}}},{"from":[5,0,0.5],"to":[11,5,2.5],"rotation":{"angle":0,"axis":"y","origin":[16,0,0]},"faces":{"north":{"uv":[2,2.875,2.375,3.1875],"texture":"#0"},"east":{"uv":[4.0625,7.5625,4.1875,7.875],"texture":"#0"},"south":{"uv":[3.8125,3.25,4.1875,3.5625],"texture":"#0"},"west":{"uv":[4.25,7.5625,4.375,7.875],"texture":"#0"},"up":{"uv":[7.75,5.375,7.375,5.25],"texture":"#0"},"down":{"uv":[7.8125,7,7.4375,7.125],"texture":"#0"}}},{"from":[4.75,5.25,-1.25],"to":[8.75,9.25,0.75],"rotation":{"angle":-45,"axis":"z","origin":[8,6,-0.25]},"faces":{"north":{"uv":[4.1875,7.25,4.4375,7.5],"texture":"#0"},"east":{"uv":[7.625,5.4375,7.75,5.6875],"texture":"#0"},"south":{"uv":[5.625,7.25,5.875,7.5],"texture":"#0"},"west":{"uv":[7.5,7.625,7.625,7.875],"texture":"#0"},"up":{"uv":[2,5.75,1.75,5.625],"texture":"#0"},"down":{"uv":[7.75,2.9375,7.5,3.0625],"texture":"#0"}}},{"from":[2.5,0,1],"to":[13.5,2,15],"rotation":{"angle":0,"axis":"y","origin":[16,0,0]},"faces":{"north":{"uv":[1.5625,7.0625,2.25,7.1875],"texture":"#0"},"east":{"uv":[6.5625,2.875,7.4375,3],"texture":"#0"},"south":{"uv":[2.3125,7.125,3,7.25],"texture":"#0"},"west":{"uv":[6.3125,6.5625,7.1875,6.6875],"texture":"#0"},"up":{"uv":[3.4375,4.5625,2.75,3.6875],"texture":"#0"},"down":{"uv":[4.1875,3.6875,3.5,4.5625],"texture":"#0"}}},{"from":[0,0,3.5],"to":[16,2,12.5],"rotation":{"angle":0,"axis":"y","origin":[16,0,0]},"faces":{"north":{"uv":[5.25,6.4375,6.25,6.5625],"texture":"#0"},"east":{"uv":[7.1875,1,7.75,1.125],"texture":"#0"},"south":{"uv":[6.4375,6.25,7.4375,6.375],"texture":"#0"},"west":{"uv":[7.1875,1.1875,7.75,1.3125],"texture":"#0"},"up":{"uv":[1,3.5,0,2.9375],"texture":"#0"},"down":{"uv":[5.0625,0.875,4.0625,1.4375],"texture":"#0"}}},{"from":[14.35188,1.01911,0.975],"to":[16.35188,7.01911,2.975],"rotation":{"angle":-22.5,"axis":"z","origin":[15.02688,3.34411,1.975]},"faces":{"north":{"uv":[4.4375,2,4.5625,2.375],"texture":"#0"},"east":{"uv":[2.875,7.3125,3,7.6875],"texture":"#0"},"south":{"uv":[0.3125,7.5,0.4375,7.875],"texture":"#0"},"west":{"uv":[0.5,7.5,0.625,7.875],"texture":"#0"},"up":{"uv":[7.8125,5.125,7.6875,5],"texture":"#0"},"down":{"uv":[7.8125,7.1875,7.6875,7.3125],"texture":"#0"}}},{"from":[13.5,1,0.5],"to":[16.5,2,3.5],"rotation":{"angle":0,"axis":"y","origin":[16,0,0]},"faces":{"north":{"uv":[2.5,4.5,2.6875,4.5625],"texture":"#0"},"east":{"uv":[6.125,4.625,6.3125,4.6875],"texture":"#0"},"south":{"uv":[7.375,5.4375,7.5625,5.5],"texture":"#0"},"west":{"uv":[1.3125,7.875,1.5,7.9375],"texture":"#0"},"up":{"uv":[7.6875,0.75,7.5,0.5625],"texture":"#0"},"down":{"uv":[7.6875,1.8125,7.5,2],"texture":"#0"}}},{"from":[13,0,0],"to":[17,1,4],"rotation":{"angle":0,"axis":"y","origin":[16,0,0]},"faces":{"north":{"uv":[5.1875,3.125,5.4375,3.1875],"texture":"#0"},"east":{"uv":[7.6875,7.375,7.9375,7.4375],"texture":"#0"},"south":{"uv":[7.6875,7.5,7.9375,7.5625],"texture":"#0"},"west":{"uv":[7.6875,7.625,7.9375,7.6875],"texture":"#0"},"up":{"uv":[1.3125,2.25,1.0625,2],"texture":"#0"},"down":{"uv":[2.6875,2.875,2.4375,3.125],"texture":"#0"}}},{"from":[1.56374,6.05233,-1.75],"to":[9.56374,9.05233,-0.75],"rotation":{"angle":-45,"axis":"z","origin":[11.56374,4.05233,-0.25]},"faces":{"north":{"uv":[1.6875,6.8125,2.1875,7],"texture":"#0"},"east":{"uv":[2.5625,7.5,2.625,7.6875],"texture":"#0"},"south":{"uv":[2.25,6.8125,2.75,7],"texture":"#0"},"west":{"uv":[4.625,7.8125,4.6875,8],"texture":"#0"},"up":{"uv":[0.5,3.625,0,3.5625],"texture":"#0"},"down":{"uv":[5.125,3.125,4.625,3.1875],"texture":"#0"}}},{"from":[9.07612,4.91342,-1.725],"to":[12.07612,10.91342,-0.75],"rotation":{"angle":-22.5,"axis":"z","origin":[8.07612,5.91342,-0.25]},"faces":{"north":{"uv":[2.375,1.9375,2.5625,2.3125],"texture":"#0"},"east":{"uv":[2.625,1.9375,2.6875,2.3125],"texture":"#0"},"south":{"uv":[4.0625,1.5,4.25,1.875],"texture":"#0"},"west":{"uv":[4.3125,1.5,4.375,1.875],"texture":"#0"},"up":{"uv":[2.0625,7.9375,1.875,7.875],"texture":"#0"},"down":{"uv":[3.25,7.875,3.0625,7.9375],"texture":"#0"}}},{"from":[8.61732,1.60685,-1.7],"to":[11.61732,4.60685,-1.7],"rotation":{"angle":0,"axis":"y","origin":[7.61732,-0.39315,-0.225]},"faces":{"north":{"uv":[7.5,4.25,7.6875,4.4375],"texture":"#0"},"east":{"uv":[1.375,2,1.375,2.1875],"texture":"#0"},"south":{"uv":[4.4375,7.5625,4.625,7.75],"texture":"#0"},"west":{"uv":[1.75,4.125,1.75,4.3125],"texture":"#0"},"up":{"uv":[1.25,2.3125,1.0625,2.3125],"texture":"#0"},"down":{"uv":[2.625,3.1875,2.4375,3.1875],"texture":"#0"}}},{"from":[4.38268,1.60685,-1.675],"to":[7.38268,4.60685,-1.675],"rotation":{"angle":0,"axis":"y","origin":[8.38268,-0.39315,-0.2]},"faces":{"north":{"uv":[7.5625,4.625,7.75,4.8125],"texture":"#0"},"east":{"uv":[4.1875,6.125,4.1875,6.3125],"texture":"#0"},"south":{"uv":[5.5,7.5625,5.6875,7.75],"texture":"#0"},"west":{"uv":[1.375,7.3125,1.375,7.5],"texture":"#0"},"up":{"uv":[3.625,0.875,3.4375,0.875],"texture":"#0"},"down":{"uv":[3.875,0.875,3.6875,0.875],"texture":"#0"}}},{"from":[6.43626,6.05233,-1.725],"to":[14.43626,9.05233,-0.75],"rotation":{"angle":45,"axis":"z","origin":[4.43626,4.05233,-0.25]},"faces":{"north":{"uv":[6.8125,5.25,7.3125,5.4375],"texture":"#0"},"east":{"uv":[0.1875,7.875,0.25,8.0625],"texture":"#0"},"south":{"uv":[2.8125,6.875,3.3125,7.0625],"texture":"#0"},"west":{"uv":[1.5625,7.875,1.625,8.0625],"texture":"#0"},"up":{"uv":[6.0625,4.6875,5.5625,4.625],"texture":"#0"},"down":{"uv":[8,6.25,7.5,6.3125],"texture":"#0"}}},{"from":[3.92388,4.91342,-1.7],"to":[6.92388,10.91342,-0.75],"rotation":{"angle":22.5,"axis":"z","origin":[7.92388,5.91342,-0.25]},"faces":{"north":{"uv":[1.9375,7.25,2.125,7.625],"texture":"#0"},"east":{"uv":[1.1875,4.625,1.25,5],"texture":"#0"},"south":{"uv":[3.0625,7.25,3.25,7.625],"texture":"#0"},"west":{"uv":[0.6875,7.5,0.75,7.875],"texture":"#0"},"up":{"uv":[8.0625,5.0625,7.875,5],"texture":"#0"},"down":{"uv":[8.0625,6.6875,7.875,6.75],"texture":"#0"}}},{"from":[-0.35188,1.01911,0.975],"to":[1.64812,7.01911,2.975],"rotation":{"angle":22.5,"axis":"z","origin":[0.97312,3.34411,1.975]},"faces":{"north":{"uv":[2.1875,7.5,2.3125,7.875],"texture":"#0"},"east":{"uv":[2.375,7.5,2.5,7.875],"texture":"#0"},"south":{"uv":[7.5,2.5,7.625,2.875],"texture":"#0"},"west":{"uv":[3.3125,7.5,3.4375,7.875],"texture":"#0"},"up":{"uv":[7.875,0.625,7.75,0.5],"texture":"#0"},"down":{"uv":[7.875,0.6875,7.75,0.8125],"texture":"#0"}}},{"from":[-0.5,1,0.5],"to":[2.5,2,3.5],"faces":{"north":{"uv":[7.875,7,8.0625,7.0625],"texture":"#0"},"east":{"uv":[7.875,7.125,8.0625,7.1875],"texture":"#0"},"south":{"uv":[7.875,7.25,8.0625,7.3125],"texture":"#0"},"west":{"uv":[7.6875,7.875,7.875,7.9375],"texture":"#0"},"up":{"uv":[5.9375,7.75,5.75,7.5625],"texture":"#0"},"down":{"uv":[6.1875,7.5625,6,7.75],"texture":"#0"}}},{"from":[-1,0,0],"to":[3,1,4],"faces":{"north":{"uv":[1.375,7.75,1.625,7.8125],"texture":"#0"},"east":{"uv":[7.75,1.8125,8,1.875],"texture":"#0"},"south":{"uv":[7.75,1.9375,8,2],"texture":"#0"},"west":{"uv":[7.75,4.1875,8,4.25],"texture":"#0"},"up":{"uv":[6.1875,7.5,5.9375,7.25],"texture":"#0"},"down":{"uv":[6.5,7.25,6.25,7.5],"texture":"#0"}}},{"from":[-3,9.68089,-1.95042],"to":[19,12.68089,-0.95042],"rotation":{"angle":22.5,"axis":"x","origin":[3,2.68089,-4.95042]},"faces":{"north":{"uv":[5.5625,3.5625,6.9375,3.75],"texture":"#0"},"east":{"uv":[2.875,7.9375,2.9375,8.125],"texture":"#0"},"south":{"uv":[3.6875,5.5625,5.0625,5.75],"texture":"#0"},"west":{"uv":[3.3125,7.9375,3.375,8.125],"texture":"#0"},"up":{"uv":[4.4375,7.1875,3.0625,7.125],"texture":"#0"},"down":{"uv":[7.25,7.125,5.875,7.1875],"texture":"#0"}}},{"from":[-4,10.1397,-1.49162],"to":[20,12.1397,-0.49162],"rotation":{"angle":22.5,"axis":"x","origin":[8,2.1397,-5.49162]},"faces":{"north":{"uv":[5.125,5.875,6.625,6],"texture":"#0"},"east":{"uv":[7.375,7.9375,7.4375,8.0625],"texture":"#0"},"south":{"uv":[0,6,1.5,6.125],"texture":"#0"},"west":{"uv":[7.5,7.9375,7.5625,8.0625],"texture":"#0"},"up":{"uv":[7.5625,6.9375,6.0625,6.875],"texture":"#0"},"down":{"uv":[1.5,6.9375,0,7],"texture":"#0"}}},{"from":[-5,8.84776,2.03073],"to":[21,9.84776,4.03073],"rotation":{"angle":-22.5,"axis":"x","origin":[9.5,9.84776,2.03073]},"faces":{"north":{"uv":[6.6875,6,8.3125,6.0625],"texture":"#0"},"east":{"uv":[7.9375,7.875,8.0625,7.9375],"texture":"#0"},"south":{"uv":[6.6875,6.125,8.3125,6.1875],"texture":"#0"},"west":{"uv":[8,1,8.125,1.0625],"texture":"#0"},"up":{"uv":[7.1875,5.1875,5.5625,5.0625],"texture":"#0"},"down":{"uv":[7.25,1.6875,5.625,1.8125],"texture":"#0"}}},{"from":[-5,9.84776,2.03073],"to":[21,10.84776,8.90573],"rotation":{"angle":-22.5,"axis":"x","origin":[9.5,9.84776,2.03073]},"faces":{"north":{"uv":[2.5,4.625,4.125,4.6875],"texture":"#0"},"east":{"uv":[0.5625,3.5625,1,3.625],"texture":"#0"},"south":{"uv":[6.6875,5.875,8.3125,5.9375],"texture":"#0"},"west":{"uv":[1.3125,4.375,1.75,4.4375],"texture":"#0"},"up":{"uv":[4,1.375,2.375,0.9375],"texture":"#0"},"down":{"uv":[2.6875,2.375,1.0625,2.8125],"texture":"#0"}}},{"from":[-7,8.84776,4.03073],"to":[23,9.84776,8.03073],"rotation":{"angle":-22.5,"axis":"x","origin":[9.5,9.84776,2.03073]},"faces":{"north":{"uv":[6.5,4.5,8.375,4.5625],"texture":"#0"},"east":{"uv":[7.8125,3,8.0625,3.0625],"texture":"#0"},"south":{"uv":[1,6.5625,2.875,6.625],"texture":"#0"},"west":{"uv":[7.1875,7.8125,7.4375,7.875],"texture":"#0"},"up":{"uv":[6.5,2.75,4.625,2.5],"texture":"#0"},"down":{"uv":[6.5,2.8125,4.625,3.0625],"texture":"#0"}}},{"from":[-2,10.02928,1.36806],"to":[18,12.02928,8.21806],"rotation":{"angle":-22.5,"axis":"x","origin":[14,15.02928,-9.63194]},"faces":{"north":{"uv":[6.1875,0.1875,7.4375,0.3125],"texture":"#0"},"east":{"uv":[7.25,6.5625,7.6875,6.6875],"texture":"#0"},"south":{"uv":[5.125,6.25,6.375,6.375],"texture":"#0"},"west":{"uv":[0.3125,7.3125,0.75,7.4375],"texture":"#0"},"up":{"uv":[1.25,4.5625,0,4.125],"texture":"#0"},"down":{"uv":[5.5,3.25,4.25,3.6875],"texture":"#0"}}},{"from":[-6,9.02928,1.36806],"to":[22,10.02928,7.36806],"rotation":{"angle":-22.5,"axis":"x","origin":[14,15.02928,-9.63194]},"faces":{"north":{"uv":[6.625,2.0625,8.375,2.125],"texture":"#0"},"east":{"uv":[7.5625,4.875,7.9375,4.9375],"texture":"#0"},"south":{"uv":[6.625,2.1875,8.375,2.25],"texture":"#0"},"west":{"uv":[7.625,6.875,8,6.9375],"texture":"#0"},"up":{"uv":[3.75,3.625,2,3.25],"texture":"#0"},"down":{"uv":[5.1875,0,3.4375,0.375],"texture":"#0"}}},{"from":[-4,14.21582,-2.60894],"to":[20,17.21582,-1.60894],"rotation":{"angle":22.5,"axis":"x","origin":[12,3.21582,-6.60894]},"faces":{"north":{"uv":[2.125,5.3125,3.625,5.5],"texture":"#0"},"east":{"uv":[1.6875,7.9375,1.75,8.125],"texture":"#0"},"south":{"uv":[3.6875,5.3125,5.1875,5.5],"texture":"#0"},"west":{"uv":[7.9375,2.5,8,2.6875],"texture":"#0"},"up":{"uv":[6.25,6.6875,4.75,6.625],"texture":"#0"},"down":{"uv":[6,6.875,4.5,6.9375],"texture":"#0"}}},{"from":[-1,11.68089,-3.45042],"to":[17,18.68089,-1.45042],"rotation":{"angle":22.5,"axis":"x","origin":[14,4.68089,-6.45042]},"faces":{"north":{"uv":[4.4375,1.5,5.5625,1.9375],"texture":"#0"},"east":{"uv":[0.8125,7.3125,0.9375,7.75],"texture":"#0"},"south":{"uv":[1.3125,4.5,2.4375,4.9375],"texture":"#0"},"west":{"uv":[1,7.3125,1.125,7.75],"texture":"#0"},"up":{"uv":[7.5,3.4375,6.375,3.3125],"texture":"#0"},"down":{"uv":[7.5,4.625,6.375,4.75],"texture":"#0"}}},{"from":[-8,15,7],"to":[24,16,10],"rotation":{"angle":0,"axis":"y","origin":[23.75,17.5,8.5]},"faces":{"north":{"uv":[6.0625,5.75,8.0625,5.8125],"texture":"#0"},"east":{"uv":[2.625,7.9375,2.8125,8],"texture":"#0"},"south":{"uv":[6.3125,6.4375,8.3125,6.5],"texture":"#0"},"west":{"uv":[7.9375,2.75,8.125,2.8125],"texture":"#0"},"up":{"uv":[7.125,1.0625,5.125,0.875],"texture":"#0"},"down":{"uv":[7.125,1.125,5.125,1.3125],"texture":"#0"}}},{"from":[21.86,15.8235,7.025],"to":[24.86,17.8235,9.975],"rotation":{"angle":-22.5,"axis":"z","origin":[22.36,17.5735,1.5]},"faces":{"north":{"uv":[0.9375,5.125,1.125,5.25],"texture":"#0"},"east":{"uv":[1.3125,6.375,1.5,6.5],"texture":"#0"},"south":{"uv":[1.9375,7.6875,2.125,7.8125],"texture":"#0"},"west":{"uv":[7.6875,2.5,7.875,2.625],"texture":"#0"},"up":{"uv":[7.4375,7.75,7.25,7.5625],"texture":"#0"},"down":{"uv":[0.1875,7.625,0,7.8125],"texture":"#0"}}},{"from":[22.86,17.8235,7.5],"to":[24.86,19.8235,9.5],"rotation":{"angle":-22.5,"axis":"z","origin":[22.36,17.5735,1.5]},"faces":{"north":{"uv":[4.4375,7.8125,4.5625,7.9375],"texture":"#0"},"east":{"uv":[7.8125,4.625,7.9375,4.75],"texture":"#0"},"south":{"uv":[7.8125,5.1875,7.9375,5.3125],"texture":"#0"},"west":{"uv":[7.8125,5.375,7.9375,5.5],"texture":"#0"},"up":{"uv":[5.625,7.9375,5.5,7.8125],"texture":"#0"},"down":{"uv":[7.9375,5.5625,7.8125,5.6875],"texture":"#0"}}},{"from":[23.86,19.8235,8],"to":[24.86,21.8235,9],"rotation":{"angle":-22.5,"axis":"z","origin":[22.36,17.5735,1.5]},"faces":{"north":{"uv":[1.4375,6.1875,1.5,6.3125],"texture":"#0"},"east":{"uv":[7.5,0.1875,7.5625,0.3125],"texture":"#0"},"south":{"uv":[7.9375,3.75,8,3.875],"texture":"#0"},"west":{"uv":[4.1875,7.9375,4.25,8.0625],"texture":"#0"},"up":{"uv":[3.375,6.0625,3.3125,6],"texture":"#0"},"down":{"uv":[1.625,6.9375,1.5625,7],"texture":"#0"}}},{"from":[-8.86,15.8235,7.025],"to":[-5.86,17.8235,9.975],"rotation":{"angle":22.5,"axis":"z","origin":[-6.36,17.5735,1.5]},"faces":{"north":{"uv":[7.6875,2.6875,7.875,2.8125],"texture":"#0"},"east":{"uv":[3.0625,7.6875,3.25,7.8125],"texture":"#0"},"south":{"uv":[7.6875,3.125,7.875,3.25],"texture":"#0"},"west":{"uv":[7.6875,3.75,7.875,3.875],"texture":"#0"},"up":{"uv":[7.8125,0.1875,7.625,0],"texture":"#0"},"down":{"uv":[7.8125,0.25,7.625,0.4375],"texture":"#0"}}},{"from":[-8.86,17.8235,7.5],"to":[-6.86,19.8235,9.5],"rotation":{"angle":22.5,"axis":"z","origin":[-6.36,17.5735,1.5]},"faces":{"north":{"uv":[5.6875,7.8125,5.8125,7.9375],"texture":"#0"},"east":{"uv":[5.875,7.8125,6,7.9375],"texture":"#0"},"south":{"uv":[6.0625,7.8125,6.1875,7.9375],"texture":"#0"},"west":{"uv":[6.25,7.8125,6.375,7.9375],"texture":"#0"},"up":{"uv":[6.5625,7.9375,6.4375,7.8125],"texture":"#0"},"down":{"uv":[6.75,7.8125,6.625,7.9375],"texture":"#0"}}},{"from":[-8.86,19.8235,8],"to":[-7.86,21.8235,9],"rotation":{"angle":22.5,"axis":"z","origin":[-6.36,17.5735,1.5]},"faces":{"north":{"uv":[4.3125,7.9375,4.375,8.0625],"texture":"#0"},"east":{"uv":[4.75,7.9375,4.8125,8.0625],"texture":"#0"},"south":{"uv":[4.875,7.9375,4.9375,8.0625],"texture":"#0"},"west":{"uv":[5,7.9375,5.0625,8.0625],"texture":"#0"},"up":{"uv":[7.375,7.1875,7.3125,7.125],"texture":"#0"},"down":{"uv":[3.25,8,3.1875,8.0625],"texture":"#0"}}},{"from":[-9,11.15,6.5],"to":[25,12.15,9.5],"rotation":{"angle":0,"axis":"y","origin":[27.75,13.65,8]},"faces":{"north":{"uv":[5.25,0.75,7.375,0.8125],"texture":"#0"},"east":{"uv":[7.9375,3.125,8.125,3.1875],"texture":"#0"},"south":{"uv":[5.8125,2.375,7.9375,2.4375],"texture":"#0"},"west":{"uv":[3.4375,7.9375,3.625,8],"texture":"#0"},"up":{"uv":[3.3125,5.25,1.1875,5.0625],"texture":"#0"},"down":{"uv":[5.5,5.0625,3.375,5.25],"texture":"#0"}}},{"from":[23.47731,12.04962,7],"to":[25.47731,13.04962,9],"rotation":{"angle":-22.5,"axis":"z","origin":[22.97731,12.79962,1]},"faces":{"north":{"uv":[5.625,1.875,5.75,1.9375],"texture":"#0"},"east":{"uv":[5.125,7.9375,5.25,8],"texture":"#0"},"south":{"uv":[5.3125,7.9375,5.4375,8],"texture":"#0"},"west":{"uv":[7.1875,7.9375,7.3125,8],"texture":"#0"},"up":{"uv":[6.9375,7.9375,6.8125,7.8125],"texture":"#0"},"down":{"uv":[7.125,7.8125,7,7.9375],"texture":"#0"}}},{"from":[24.47731,13.04962,7.5],"to":[25.47731,14.04962,8.5],"rotation":{"angle":-22.5,"axis":"z","origin":[22.97731,12.79962,1]},"faces":{"north":{"uv":[8,4.625,8.0625,4.6875],"texture":"#0"},"east":{"uv":[8,4.75,8.0625,4.8125],"texture":"#0"},"south":{"uv":[8,4.875,8.0625,4.9375],"texture":"#0"},"west":{"uv":[8,5.125,8.0625,5.1875],"texture":"#0"},"up":{"uv":[8.0625,5.3125,8,5.25],"texture":"#0"},"down":{"uv":[8.0625,5.375,8,5.4375],"texture":"#0"}}},{"from":[-9.47731,12.04962,7],"to":[-7.47731,13.04962,9],"rotation":{"angle":22.5,"axis":"z","origin":[-6.97731,12.79962,1]},"faces":{"north":{"uv":[1.0625,8,1.1875,8.0625],"texture":"#0"},"east":{"uv":[1.25,8,1.375,8.0625],"texture":"#0"},"south":{"uv":[1.8125,8,1.9375,8.0625],"texture":"#0"},"west":{"uv":[8,2.3125,8.125,2.375],"texture":"#0"},"up":{"uv":[0.125,8,0,7.875],"texture":"#0"},"down":{"uv":[8,0,7.875,0.125],"texture":"#0"}}},{"from":[-9.47731,13.04962,7.5],"to":[-8.47731,14.04962,8.5],"rotation":{"angle":22.5,"axis":"z","origin":[-6.97731,12.79962,1]},"faces":{"north":{"uv":[5.5,8,5.5625,8.0625],"texture":"#0"},"east":{"uv":[8,5.5,8.0625,5.5625],"texture":"#0"},"south":{"uv":[5.625,8,5.6875,8.0625],"texture":"#0"},"west":{"uv":[8,5.625,8.0625,5.6875],"texture":"#0"},"up":{"uv":[5.8125,8.0625,5.75,8],"texture":"#0"},"down":{"uv":[5.9375,8,5.875,8.0625],"texture":"#0"}}},{"from":[-2,10.02928,7.78194],"to":[18,12.02928,14.63194],"rotation":{"angle":22.5,"axis":"x","origin":[14,15.02928,25.63194]},"faces":{"north":{"uv":[6.375,6.25,5.125,6.375],"texture":"#0"},"east":{"uv":[7.6875,6.5625,7.25,6.6875],"texture":"#0"},"south":{"uv":[7.4375,0.1875,6.1875,0.3125],"texture":"#0"},"west":{"uv":[0.75,7.3125,0.3125,7.4375],"texture":"#0"},"up":{"uv":[1.25,4.125,0,4.5625],"texture":"#0"},"down":{"uv":[5.5,3.6875,4.25,3.25],"texture":"#0"}}},{"from":[-6,9.02928,8.63194],"to":[22,10.02928,14.63194],"rotation":{"angle":22.5,"axis":"x","origin":[14,15.02928,25.63194]},"faces":{"north":{"uv":[8.375,2.1875,6.625,2.25],"texture":"#0"},"east":{"uv":[7.9375,4.875,7.5625,4.9375],"texture":"#0"},"south":{"uv":[8.375,2.0625,6.625,2.125],"texture":"#0"},"west":{"uv":[8,6.875,7.625,6.9375],"texture":"#0"},"up":{"uv":[3.75,3.25,2,3.625],"texture":"#0"},"down":{"uv":[5.1875,0.375,3.4375,0],"texture":"#0"}}},{"from":[-4,14.21582,17.60894],"to":[20,17.21582,18.60894],"rotation":{"angle":-22.5,"axis":"x","origin":[12,3.21582,22.60894]},"faces":{"north":{"uv":[5.1875,5.3125,3.6875,5.5],"texture":"#0"},"east":{"uv":[1.75,7.9375,1.6875,8.125],"texture":"#0"},"south":{"uv":[3.625,5.3125,2.125,5.5],"texture":"#0"},"west":{"uv":[8,2.5,7.9375,2.6875],"texture":"#0"},"up":{"uv":[6.25,6.625,4.75,6.6875],"texture":"#0"},"down":{"uv":[6,6.9375,4.5,6.875],"texture":"#0"}}},{"from":[-1,11.68089,17.45042],"to":[17,18.68089,19.45042],"rotation":{"angle":-22.5,"axis":"x","origin":[14,4.68089,22.45042]},"faces":{"north":{"uv":[2.4375,4.5,1.3125,4.9375],"texture":"#0"},"east":{"uv":[0.9375,7.3125,0.8125,7.75],"texture":"#0"},"south":{"uv":[5.5625,1.5,4.4375,1.9375],"texture":"#0"},"west":{"uv":[1.125,7.3125,1,7.75],"texture":"#0"},"up":{"uv":[7.5,3.3125,6.375,3.4375],"texture":"#0"},"down":{"uv":[7.5,4.75,6.375,4.625],"texture":"#0"}}},{"from":[-3,9.68089,16.95042],"to":[19,12.68089,17.95042],"rotation":{"angle":-22.5,"axis":"x","origin":[3,2.68089,20.95042]},"faces":{"north":{"uv":[5.0625,5.5625,3.6875,5.75],"texture":"#0"},"east":{"uv":[2.9375,7.9375,2.875,8.125],"texture":"#0"},"south":{"uv":[6.9375,3.5625,5.5625,3.75],"texture":"#0"},"west":{"uv":[3.375,7.9375,3.3125,8.125],"texture":"#0"},"up":{"uv":[4.4375,7.125,3.0625,7.1875],"texture":"#0"},"down":{"uv":[7.25,7.1875,5.875,7.125],"texture":"#0"}}},{"from":[-4,10.1397,16.49162],"to":[20,12.1397,17.49162],"rotation":{"angle":-22.5,"axis":"x","origin":[8,2.1397,21.49162]},"faces":{"north":{"uv":[1.5,6,0,6.125],"texture":"#0"},"east":{"uv":[7.4375,7.9375,7.375,8.0625],"texture":"#0"},"south":{"uv":[6.625,5.875,5.125,6],"texture":"#0"},"west":{"uv":[7.5625,7.9375,7.5,8.0625],"texture":"#0"},"up":{"uv":[7.5625,6.875,6.0625,6.9375],"texture":"#0"},"down":{"uv":[1.5,7,0,6.9375],"texture":"#0"}}},{"from":[-5,8.84776,11.96927],"to":[21,9.84776,13.96927],"rotation":{"angle":22.5,"axis":"x","origin":[9.5,9.84776,13.96927]},"faces":{"north":{"uv":[8.3125,6.125,6.6875,6.1875],"texture":"#0"},"east":{"uv":[8.0625,7.875,7.9375,7.9375],"texture":"#0"},"south":{"uv":[8.3125,6,6.6875,6.0625],"texture":"#0"},"west":{"uv":[8.125,1,8,1.0625],"texture":"#0"},"up":{"uv":[7.1875,5.0625,5.5625,5.1875],"texture":"#0"},"down":{"uv":[7.25,1.8125,5.625,1.6875],"texture":"#0"}}},{"from":[-5,9.84776,7.09427],"to":[21,10.84776,13.96927],"rotation":{"angle":22.5,"axis":"x","origin":[9.5,9.84776,13.96927]},"faces":{"north":{"uv":[8.3125,5.875,6.6875,5.9375],"texture":"#0"},"east":{"uv":[1,3.5625,0.5625,3.625],"texture":"#0"},"south":{"uv":[4.125,4.625,2.5,4.6875],"texture":"#0"},"west":{"uv":[1.75,4.375,1.3125,4.4375],"texture":"#0"},"up":{"uv":[4,0.9375,2.375,1.375],"texture":"#0"},"down":{"uv":[2.6875,2.8125,1.0625,2.375],"texture":"#0"}}},{"from":[-7,8.84776,7.96927],"to":[23,9.84776,11.96927],"rotation":{"angle":22.5,"axis":"x","origin":[9.5,9.84776,13.96927]},"faces":{"north":{"uv":[2.875,6.5625,1,6.625],"texture":"#0"},"east":{"uv":[8.0625,3,7.8125,3.0625],"texture":"#0"},"south":{"uv":[8.375,4.5,6.5,4.5625],"texture":"#0"},"west":{"uv":[7.4375,7.8125,7.1875,7.875],"texture":"#0"},"up":{"uv":[6.5,2.5,4.625,2.75],"texture":"#0"},"down":{"uv":[6.5,3.0625,4.625,2.8125],"texture":"#0"}}},{"from":[-0.35188,1.01911,13.025],"to":[1.64812,7.01911,15.025],"rotation":{"angle":22.5,"axis":"z","origin":[0.97312,3.34411,14.025]},"faces":{"north":{"uv":[7.625,2.5,7.5,2.875],"texture":"#0"},"east":{"uv":[2.5,7.5,2.375,7.875],"texture":"#0"},"south":{"uv":[2.3125,7.5,2.1875,7.875],"texture":"#0"},"west":{"uv":[3.4375,7.5,3.3125,7.875],"texture":"#0"},"up":{"uv":[7.875,0.5,7.75,0.625],"texture":"#0"},"down":{"uv":[7.875,0.8125,7.75,0.6875],"texture":"#0"}}},{"from":[-0.5,1,12.5],"to":[2.5,2,15.5],"rotation":{"angle":0,"axis":"y","origin":[0,0,16]},"faces":{"north":{"uv":[8.0625,7.25,7.875,7.3125],"texture":"#0"},"east":{"uv":[8.0625,7.125,7.875,7.1875],"texture":"#0"},"south":{"uv":[8.0625,7,7.875,7.0625],"texture":"#0"},"west":{"uv":[7.875,7.875,7.6875,7.9375],"texture":"#0"},"up":{"uv":[5.9375,7.5625,5.75,7.75],"texture":"#0"},"down":{"uv":[6.1875,7.75,6,7.5625],"texture":"#0"}}},{"from":[-1,0,12],"to":[3,1,16],"rotation":{"angle":0,"axis":"y","origin":[0,0,16]},"faces":{"north":{"uv":[8,1.9375,7.75,2],"texture":"#0"},"east":{"uv":[8,1.8125,7.75,1.875],"texture":"#0"},"south":{"uv":[1.625,7.75,1.375,7.8125],"texture":"#0"},"west":{"uv":[8,4.1875,7.75,4.25],"texture":"#0"},"up":{"uv":[6.1875,7.25,5.9375,7.5],"texture":"#0"},"down":{"uv":[6.5,7.5,6.25,7.25],"texture":"#0"}}},{"from":[14.35188,1.01911,13.025],"to":[16.35188,7.01911,15.025],"rotation":{"angle":-22.5,"axis":"z","origin":[15.02688,3.34411,14.025]},"faces":{"north":{"uv":[0.4375,7.5,0.3125,7.875],"texture":"#0"},"east":{"uv":[3,7.3125,2.875,7.6875],"texture":"#0"},"south":{"uv":[4.5625,2,4.4375,2.375],"texture":"#0"},"west":{"uv":[0.625,7.5,0.5,7.875],"texture":"#0"},"up":{"uv":[7.8125,5,7.6875,5.125],"texture":"#0"},"down":{"uv":[7.8125,7.3125,7.6875,7.1875],"texture":"#0"}}},{"from":[13.5,1,12.5],"to":[16.5,2,15.5],"rotation":{"angle":0,"axis":"y","origin":[16,0,16]},"faces":{"north":{"uv":[7.5625,5.4375,7.375,5.5],"texture":"#0"},"east":{"uv":[6.3125,4.625,6.125,4.6875],"texture":"#0"},"south":{"uv":[2.6875,4.5,2.5,4.5625],"texture":"#0"},"west":{"uv":[1.5,7.875,1.3125,7.9375],"texture":"#0"},"up":{"uv":[7.6875,0.5625,7.5,0.75],"texture":"#0"},"down":{"uv":[7.6875,2,7.5,1.8125],"texture":"#0"}}},{"from":[13,0,12],"to":[17,1,16],"rotation":{"angle":0,"axis":"y","origin":[16,0,16]},"faces":{"north":{"uv":[7.9375,7.5,7.6875,7.5625],"texture":"#0"},"east":{"uv":[7.9375,7.375,7.6875,7.4375],"texture":"#0"},"south":{"uv":[5.4375,3.125,5.1875,3.1875],"texture":"#0"},"west":{"uv":[7.9375,7.625,7.6875,7.6875],"texture":"#0"},"up":{"uv":[1.3125,2,1.0625,2.25],"texture":"#0"},"down":{"uv":[2.6875,3.125,2.4375,2.875],"texture":"#0"}}}],"gui_light":"front","display":{"thirdperson_righthand":{"scale":[0.3,0.3,0.3]},"thirdperson_lefthand":{"scale":[0.3,0.3,0.3]},"firstperson_righthand":{"scale":[0.3,0.3,0.3]},"firstperson_lefthand":{"scale":[0.3,0.3,0.3]},"ground":{"scale":[0.3,0.3,0.3]},"gui":{"rotation":[7,-165,0],"translation":[0,-1.5,0],"scale":[0.4,0.4,0.4]},"head":{"translation":[0,-30.75,0],"scale":[1.5,1.5,1.5]},"fixed":{"rotation":[-90,0,0],"translation":[0,0,-78],"scale":[2,2,2]}},"groups":[0,1,2,3,4,5,6,7,8,9,10,11,12,13,{"name":"group","origin":[16,0,0],"color":0,"children":[14,15,16]},{"name":"group","origin":[7.5412,1.69344,1],"color":0,"children":[17,18,19,20]},{"name":"group","origin":[7.5412,1.69344,1],"color":0,"children":[21,22]},{"name":"group","origin":[16,0,0],"color":0,"children":[23,24,25]},{"name":"group","origin":[9.5,10.84776,2.03073],"color":0,"children":[26,27,28,29,30]},{"name":"group","origin":[14,4.68089,21.45042],"color":0,"children":[31,32,33,34]},{"name":"group","origin":[-6.36,18.5735,1.5],"color":0,"children":[35,36,37,38,39,40,41]},{"name":"group","origin":[-6.36,18.5735,1.5],"color":0,"children":[42,43,44,45,46]},{"name":"group","origin":[14,4.68089,21.45042],"color":0,"children":[47,48,49,50]},{"name":"group","origin":[9.5,10.84776,2.03073],"color":0,"children":[51,52,53,54,55]},{"name":"group","origin":[16,0,0],"color":0,"children":[56,57,58]},{"name":"group","origin":[16,0,0],"color":0,"children":[59,60,61]}]}