{"credit":"MadebyJeqo","texture_size":[32,32],"textures":{"0":"jeqo:gem_set/blue_gem_pickaxe"},"elements":[{"from":[6.499,8.749,6.999],"to":[9.501,12.751,9.001],"rotation":{"angle":0,"axis":"y","origin":[7.5,11.75,8.5]},"faces":{"north":{"uv":[6,3,7.5,5],"texture":"#0"},"east":{"uv":[3,8.5,4,10.5],"texture":"#0"},"south":{"uv":[4,6,5.5,8],"texture":"#0"},"west":{"uv":[9,9.5,10,11.5],"texture":"#0"},"up":{"uv":[13,6,11.5,5],"texture":"#0"},"down":{"uv":[10.5,11.5,9,12.5],"texture":"#0"}}},{"from":[7,-8.2,7],"to":[9,5.8,9],"rotation":{"angle":0,"axis":"y","origin":[0,21.8,0]},"faces":{"north":{"uv":[0,0,1,7],"texture":"#0"},"east":{"uv":[1,0,2,7],"texture":"#0"},"south":{"uv":[2,0,3,7],"texture":"#0"},"west":{"uv":[3,0,4,7],"texture":"#0"},"up":{"uv":[9,3,8,2],"texture":"#0"},"down":{"uv":[13.5,2.5,12.5,3.5],"texture":"#0"}}},{"from":[6.5,-9.2,6.5],"to":[9.5,-8.2,9.5],"rotation":{"angle":0,"axis":"y","origin":[0,20.8,0]},"faces":{"north":{"uv":[4,10,5.5,10.5],"texture":"#0"},"east":{"uv":[10.5,9,12,9.5],"texture":"#0"},"south":{"uv":[13,5,14.5,5.5],"texture":"#0"},"west":{"uv":[13,5.5,14.5,6],"texture":"#0"},"up":{"uv":[9.5,6.5,8,5],"texture":"#0"},"down":{"uv":[1.5,8.5,0,10],"texture":"#0"}}},{"from":[7,-10.2,7],"to":[9,-9.2,9],"rotation":{"angle":0,"axis":"y","origin":[0,19.8,0]},"faces":{"north":{"uv":[9.5,6,10.5,6.5],"texture":"#0"},"east":{"uv":[2,10,3,10.5],"texture":"#0"},"south":{"uv":[11.5,1.5,12.5,2],"texture":"#0"},"west":{"uv":[10.5,13,11.5,13.5],"texture":"#0"},"up":{"uv":[13.5,4.5,12.5,3.5],"texture":"#0"},"down":{"uv":[5,12.5,4,13.5],"texture":"#0"}}},{"from":[6.501,-7.199,6.501],"to":[9.499,-5.201,9.499],"rotation":{"angle":0,"axis":"y","origin":[0,19.8,0]},"faces":{"north":{"uv":[7.5,10,9,11],"texture":"#0"},"east":{"uv":[6,10.5,7.5,11.5],"texture":"#0"},"south":{"uv":[10.5,6,12,7],"texture":"#0"},"west":{"uv":[10.5,7,12,8],"texture":"#0"},"up":{"uv":[3,10,1.5,8.5],"texture":"#0"},"down":{"uv":[9,8.5,7.5,10],"texture":"#0"}}},{"from":[6.501,1.801,6.501],"to":[9.499,3.799,9.499],"rotation":{"angle":0,"axis":"y","origin":[0,21.8,0]},"faces":{"north":{"uv":[10.5,8,12,9],"texture":"#0"},"east":{"uv":[10,10.5,11.5,11.5],"texture":"#0"},"south":{"uv":[0,11,1.5,12],"texture":"#0"},"west":{"uv":[7.5,11,9,12],"texture":"#0"},"up":{"uv":[10.5,3.5,9,2],"texture":"#0"},"down":{"uv":[10.5,3.5,9,5],"texture":"#0"}}},{"from":[6.751,-4.199,6.751],"to":[9.249,1.799,9.249],"rotation":{"angle":0,"axis":"y","origin":[0,19.8,0]},"faces":{"north":{"uv":[4,0,5,3],"texture":"#0"},"east":{"uv":[4,3,5,6],"texture":"#0"},"south":{"uv":[5,0,6,3],"texture":"#0"},"west":{"uv":[5,3,6,6],"texture":"#0"},"up":{"uv":[9.5,13.5,8.5,12.5],"texture":"#0"},"down":{"uv":[10.5,12.5,9.5,13.5],"texture":"#0"}}},{"from":[5.999,5.749,6.999],"to":[10.001,8.751,9.001],"rotation":{"angle":0,"axis":"y","origin":[8,7.75,8.5]},"faces":{"north":{"uv":[6,0,8,1.5],"texture":"#0"},"east":{"uv":[11.5,0,12.5,1.5],"texture":"#0"},"south":{"uv":[6,1.5,8,3],"texture":"#0"},"west":{"uv":[1.5,11.5,2.5,13],"texture":"#0"},"up":{"uv":[11.5,1,9.5,0],"texture":"#0"},"down":{"uv":[11.5,1,9.5,2],"texture":"#0"}}},{"from":[6.999,6.249,6.499],"to":[9.001,8.251,9.501],"rotation":{"angle":45,"axis":"z","origin":[8,7.25,8]},"faces":{"north":{"uv":[12.5,10.5,13.5,11.5],"texture":"#0"},"east":{"uv":[2.5,11.5,4,12.5],"texture":"#0"},"south":{"uv":[12.5,11.5,13.5,12.5],"texture":"#0"},"west":{"uv":[4,11.5,5.5,12.5],"texture":"#0"},"up":{"uv":[6.5,13,5.5,11.5],"texture":"#0"},"down":{"uv":[7.5,11.5,6.5,13],"texture":"#0"}}},{"from":[6.998,11.548,6.998],"to":[10.002,14.552,9.002],"rotation":{"angle":45,"axis":"z","origin":[8,12.55,8]},"faces":{"north":{"uv":[9,6.5,10.5,8],"texture":"#0"},"east":{"uv":[10.5,11.5,11.5,13],"texture":"#0"},"south":{"uv":[9,8,10.5,9.5],"texture":"#0"},"west":{"uv":[11.5,10.5,12.5,12],"texture":"#0"},"up":{"uv":[1.5,13,0,12],"texture":"#0"},"down":{"uv":[13.5,6,12,7],"texture":"#0"}}},{"from":[2.5,10.25,7],"to":[6.5,13.25,9],"rotation":{"angle":0,"axis":"y","origin":[8.51,10.74,7.99]},"faces":{"north":{"uv":[6,5,8,6.5],"texture":"#0"},"east":{"uv":[12,7,13,8.5],"texture":"#0"},"south":{"uv":[5.5,6.5,7.5,8],"texture":"#0"},"west":{"uv":[7.5,12,8.5,13.5],"texture":"#0"},"up":{"uv":[11.5,6,9.5,5],"texture":"#0"},"down":{"uv":[2,10,0,11],"texture":"#0"}}},{"from":[3.8898,9.52743,7.001],"to":[6.8878,10.52543,8.999],"rotation":{"angle":-22.5,"axis":"z","origin":[5.8888,10.02643,8]},"faces":{"north":{"uv":[13,7,14.5,7.5],"texture":"#0"},"east":{"uv":[13.5,3.5,14.5,4],"texture":"#0"},"south":{"uv":[13,7.5,14.5,8],"texture":"#0"},"west":{"uv":[13.5,4,14.5,4.5],"texture":"#0"},"up":{"uv":[13.5,9.5,12,8.5],"texture":"#0"},"down":{"uv":[13.5,9.5,12,10.5],"texture":"#0"}}},{"from":[-1.5,10.75,7.5],"to":[2.5,12.75,8.5],"rotation":{"angle":22.5,"axis":"z","origin":[2.5,12.75,8]},"faces":{"north":{"uv":[10,9.5,12,10.5],"texture":"#0"},"east":{"uv":[7,13,7.5,14],"texture":"#0"},"south":{"uv":[2,10.5,4,11.5],"texture":"#0"},"west":{"uv":[4.5,13.5,5,14.5],"texture":"#0"},"up":{"uv":[14.5,5,12.5,4.5],"texture":"#0"},"down":{"uv":[14.5,12.5,12.5,13],"texture":"#0"}}},{"from":[-4.02377,9.85505,7.501],"to":[-1.02577,10.85305,8.499],"rotation":{"angle":45,"axis":"z","origin":[-1.02477,10.85405,8]},"faces":{"north":{"uv":[13,8,14.5,8.5],"texture":"#0"},"east":{"uv":[5.5,6,6,6.5],"texture":"#0"},"south":{"uv":[12.5,13,14,13.5],"texture":"#0"},"west":{"uv":[1.5,11,2,11.5],"texture":"#0"},"up":{"uv":[1.5,14,0,13.5],"texture":"#0"},"down":{"uv":[15,0,13.5,0.5],"texture":"#0"}}},{"from":[9.5,10.25,7],"to":[13.5,13.25,9],"rotation":{"angle":0,"axis":"y","origin":[7.49,10.74,7.99]},"faces":{"north":{"uv":[0,7,2,8.5],"texture":"#0"},"east":{"uv":[11.5,12,12.5,13.5],"texture":"#0"},"south":{"uv":[2,7,4,8.5],"texture":"#0"},"west":{"uv":[12.5,0,13.5,1.5],"texture":"#0"},"up":{"uv":[12.5,3,10.5,2],"texture":"#0"},"down":{"uv":[12.5,3,10.5,4],"texture":"#0"}}},{"from":[9.1122,9.52743,7.001],"to":[12.1102,10.52543,8.999],"rotation":{"angle":22.5,"axis":"z","origin":[10.1112,10.02643,8]},"faces":{"north":{"uv":[13.5,0.5,15,1],"texture":"#0"},"east":{"uv":[5,13.5,6,14],"texture":"#0"},"south":{"uv":[13.5,1,15,1.5],"texture":"#0"},"west":{"uv":[6,13.5,7,14],"texture":"#0"},"up":{"uv":[14,2.5,12.5,1.5],"texture":"#0"},"down":{"uv":[4,12.5,2.5,13.5],"texture":"#0"}}},{"from":[13.5,10.75,7.5],"to":[17.5,12.75,8.5],"rotation":{"angle":-22.5,"axis":"z","origin":[13.5,12.75,8]},"faces":{"north":{"uv":[4,10.5,6,11.5],"texture":"#0"},"east":{"uv":[13.5,6,14,7],"texture":"#0"},"south":{"uv":[10.5,4,12.5,5],"texture":"#0"},"west":{"uv":[7.5,13.5,8,14.5],"texture":"#0"},"up":{"uv":[2,13.5,0,13],"texture":"#0"},"down":{"uv":[7,13,5,13.5],"texture":"#0"}}},{"from":[17.02577,9.85505,7.501],"to":[20.02377,10.85305,8.499],"rotation":{"angle":-45,"axis":"z","origin":[17.02477,10.85405,8]},"faces":{"north":{"uv":[1.5,13.5,3,14],"texture":"#0"},"east":{"uv":[8.5,12,9,12.5],"texture":"#0"},"south":{"uv":[13.5,2.5,15,3],"texture":"#0"},"west":{"uv":[5,12.5,5.5,13],"texture":"#0"},"up":{"uv":[4.5,14,3,13.5],"texture":"#0"},"down":{"uv":[15,3,13.5,3.5],"texture":"#0"}}},{"from":[4.75,12.5,8],"to":[7.75,16.5,8],"rotation":{"angle":22.5,"axis":"z","origin":[4.5,11.75,8]},"faces":{"north":{"uv":[7.5,3,9,5],"texture":"#0"},"east":{"uv":[0,0,0,2],"texture":"#0"},"south":{"uv":[7.5,6.5,9,8.5],"texture":"#0"},"west":{"uv":[0,0,0,2],"texture":"#0"},"up":{"uv":[1.5,0,0,0],"texture":"#0"},"down":{"uv":[1.5,0,0,0],"texture":"#0"}}},{"from":[8.25,12.5,8],"to":[11.25,16.5,8],"rotation":{"angle":-22.5,"axis":"z","origin":[11.5,11.75,8]},"faces":{"north":{"uv":[8,0,9.5,2],"texture":"#0"},"east":{"uv":[0,0,0,2],"texture":"#0"},"south":{"uv":[4,8,5.5,10],"texture":"#0"},"west":{"uv":[0,0,0,2],"texture":"#0"},"up":{"uv":[1.5,0,0,0],"texture":"#0"},"down":{"uv":[1.5,0,0,0],"texture":"#0"}}},{"from":[0.7187,11.21191,8],"to":[2.7187,16.21191,8],"rotation":{"angle":-22.5,"axis":"z","origin":[0.2187,15.46191,7.5]},"faces":{"north":{"uv":[5.5,8,6.5,10.5],"texture":"#0"},"east":{"uv":[0,0,0,2.5],"texture":"#0"},"south":{"uv":[6.5,8,7.5,10.5],"texture":"#0"},"west":{"uv":[0,0,0,2.5],"texture":"#0"},"up":{"uv":[1,0,0,0],"texture":"#0"},"down":{"uv":[1,0,0,0],"texture":"#0"}}},{"from":[13.2813,11.21191,8],"to":[15.2813,16.21191,8],"rotation":{"angle":22.5,"axis":"z","origin":[15.7813,15.46191,7.5]},"faces":{"north":{"uv":[6.5,8,5.5,10.5],"texture":"#0"},"east":{"uv":[0,0,0,2.5],"texture":"#0"},"south":{"uv":[7.5,8,6.5,10.5],"texture":"#0"},"west":{"uv":[0,0,0,2.5],"texture":"#0"},"up":{"uv":[0,0,1,0],"texture":"#0"},"down":{"uv":[0,0,1,0],"texture":"#0"}}}],"gui_light":"front","display":{"thirdperson_righthand":{"rotation":[0,-90,0],"translation":[0,4.75,1.75],"scale":[0.7,0.7,0.7]},"thirdperson_lefthand":{"rotation":[0,-90,0],"translation":[0,4.75,1.75],"scale":[0.7,0.7,0.7]},"firstperson_righthand":{"rotation":[5,85,0],"translation":[3,3,0.25],"scale":[0.4,0.4,0.4]},"firstperson_lefthand":{"rotation":[5,-85,0],"translation":[3,3,0.25],"scale":[0.4,0.4,0.4]},"ground":{"rotation":[0,0,-45],"translation":[2.5,7,0],"scale":[0.5,0.5,0.5]},"gui":{"rotation":[0,0,-45],"translation":[1.25,1.25,-0.75],"scale":[0.6,0.6,0.6]},"head":{"rotation":[0,0,45],"translation":[9.75,7.5,0.75],"scale":[0.6,0.6,0.6]},"fixed":{"rotation":[0,-180,-45],"translation":[-1.5,1.75,-0.75],"scale":[0.7,0.7,0.7]}},"groups":[{"name":"pickaxe","origin":[15.7813,15.46191,7.5],"color":0,"children":[0,1,2,3,4,5,6,7,8,9,10,11,12,13,14,15,16,17,18,19,20,21]}]}