{"credit":"MadewithBlockbench","texture_size":[128,128],"textures":{"0":"thor_model:thor_texture/spark_fx_a","1":"thor_model:thor_texture/2_spark_fx_a","particle":"thor_model:thor_texture/spark_fx_a"},"elements":[{"from":[-2,-1.5,9],"to":[18,18.5,9],"rotation":{"angle":0,"axis":"y","origin":[8,8.5,9]},"faces":{"north":{"uv":[5.625,2.625,3.125,5.125],"texture":"#0"},"east":{"uv":[3.375,5.5,3.375,8],"texture":"#0"},"south":{"uv":[3.125,2.625,5.625,5.125],"texture":"#0"},"west":{"uv":[3.5,5.5,3.5,8],"texture":"#0"},"up":{"uv":[6.125,5.5,3.625,5.5],"texture":"#0"},"down":{"uv":[6.125,5.625,3.625,5.625],"texture":"#0"}}},{"from":[-7.5,-14.5,2],"to":[19.5,16.5,2],"rotation":{"angle":22.5,"axis":"y","origin":[8,3,5]},"faces":{"north":{"uv":[3,2.625,12.5,12.625],"texture":"#0"},"east":{"uv":[2.5,1.375,0.75,2.875],"texture":"#0"},"south":{"uv":[12.5,2.625,3,12.625],"texture":"#0"},"west":{"uv":[2.5,1.375,0.75,2.875],"texture":"#0"},"up":{"uv":[2.5,1.375,0.75,2.875],"rotation":180,"texture":"#0"},"down":{"uv":[2.5,1.375,0.75,2.875],"rotation":180,"texture":"#0"}}},{"from":[-9.66898,-1.5,13.23252],"to":[17.33102,29.5,13.23252],"rotation":{"angle":22.5,"axis":"z","origin":[8.83102,20,12.23252]},"faces":{"north":{"uv":[3,2.625,12.5,12.625],"texture":"#1"},"east":{"uv":[2.5,1.375,0.75,2.875],"texture":"#1"},"south":{"uv":[12.5,2.625,3,12.625],"texture":"#1"},"west":{"uv":[2.5,1.375,0.75,2.875],"texture":"#1"},"up":{"uv":[2.5,1.375,0.75,2.875],"rotation":180,"texture":"#1"},"down":{"uv":[2.5,1.375,0.75,2.875],"rotation":180,"texture":"#1"}}},{"from":[5.36936,-10.86803,8.81831],"to":[27.36936,11.13197,8.81831],"rotation":{"angle":-45,"axis":"y","origin":[17.86936,2.63197,3.81831]},"faces":{"north":{"uv":[3,12.625,12.5,2.625],"rotation":270,"texture":"#1"},"east":{"uv":[2.5,1.375,0.75,2.875],"rotation":270,"texture":"#1"},"south":{"uv":[12.5,12.625,3,2.625],"rotation":90,"texture":"#1"},"west":{"uv":[2.5,1.375,0.75,2.875],"rotation":270,"texture":"#1"},"up":{"uv":[2.5,1.375,0.75,2.875],"rotation":90,"texture":"#1"},"down":{"uv":[2.5,1.375,0.75,2.875],"rotation":90,"texture":"#1"}}},{"from":[2.22393,8.13197,-5.1507],"to":[2.22393,30.13197,16.8493],"rotation":{"angle":-22.5,"axis":"y","origin":[1.32393,19.13197,5.8493]},"faces":{"north":{"uv":[2.5,1.375,0.75,2.875],"rotation":270,"texture":"#1"},"east":{"uv":[3,2.625,12.5,12.625],"rotation":270,"texture":"#1"},"south":{"uv":[2.5,1.375,0.75,2.875],"rotation":270,"texture":"#1"},"west":{"uv":[12.5,2.625,3,12.625],"rotation":90,"texture":"#1"},"up":{"uv":[2.5,1.375,0.75,2.875],"rotation":180,"texture":"#1"},"down":{"uv":[2.5,1.375,0.75,2.875],"texture":"#1"}}},{"from":[1.06001,-2.5,5.15851],"to":[28.06001,28.5,5.15851],"rotation":{"angle":-45,"axis":"y","origin":[14.56001,13,5.15851]},"faces":{"north":{"uv":[12.5,2.625,3,12.625],"rotation":180,"texture":"#0"},"east":{"uv":[2.5,1.375,0.75,2.875],"rotation":180,"texture":"#0"},"south":{"uv":[3,2.625,12.5,12.625],"rotation":180,"texture":"#0"},"west":{"uv":[2.5,1.375,0.75,2.875],"rotation":180,"texture":"#0"},"up":{"uv":[2.5,1.375,0.75,2.875],"rotation":180,"texture":"#0"},"down":{"uv":[2.5,1.375,0.75,2.875],"rotation":180,"texture":"#0"}}}],"display":{"head":{"translation":[-0.25,-52.25,-0.25],"scale":[1.5,1.5,1.5]}}}