{"credit":"MadewithBlockbench","texture_size":[128,128],"textures":{"0":"thor_model:thor_texture/hit_circle_fx_2","1":"thor_model:thor_texture/hit_sharp_fx_2","particle":"thor_model:thor_texture/hit_circle_fx_2"},"elements":[{"from":[-6.82364,-6.76,7.6818],"to":[22.69636,22.76,7.6818],"rotation":{"angle":0,"axis":"y","origin":[7.64645,8,6.23223]},"faces":{"north":{"uv":[3.25,3.125,12.75,13.125],"rotation":90,"texture":"#0"},"east":{"uv":[2.5,1.375,0.75,2.875],"rotation":90,"texture":"#0"},"south":{"uv":[3.25,13.125,12.75,3.125],"rotation":90,"texture":"#0"},"west":{"uv":[2.5,1.375,0.75,2.875],"rotation":90,"texture":"#0"},"up":{"uv":[2.5,1.375,0.75,2.875],"rotation":270,"texture":"#0"},"down":{"uv":[2.5,1.375,0.75,2.875],"rotation":270,"texture":"#0"}}},{"from":[-6.82364,-0.44621,9.49603],"to":[22.69636,29.07379,9.49603],"rotation":{"angle":-45,"axis":"x","origin":[7.64645,8,6.23223]},"faces":{"north":{"uv":[3.25,3.125,12.75,13.125],"texture":"#1"},"east":{"uv":[2.5,1.375,0.75,2.875],"texture":"#1"},"south":{"uv":[3.25,13.125,12.75,3.125],"rotation":180,"texture":"#1"},"west":{"uv":[2.5,1.375,0.75,2.875],"texture":"#1"},"up":{"uv":[2.5,1.375,0.75,2.875],"rotation":180,"texture":"#1"},"down":{"uv":[2.5,1.375,0.75,2.875],"rotation":180,"texture":"#1"}}},{"from":[-6.82364,-13.07379,9.49603],"to":[22.69636,16.44621,9.49603],"rotation":{"angle":45,"axis":"x","origin":[7.64645,8,6.23223]},"faces":{"north":{"uv":[3.25,13.125,12.75,3.125],"texture":"#1"},"east":{"uv":[2.5,2.875,0.75,1.375],"texture":"#1"},"south":{"uv":[3.25,3.125,12.75,13.125],"rotation":180,"texture":"#1"},"west":{"uv":[2.5,2.875,0.75,1.375],"texture":"#1"},"up":{"uv":[2.5,2.875,0.75,1.375],"rotation":180,"texture":"#1"},"down":{"uv":[2.5,2.875,0.75,1.375],"rotation":180,"texture":"#1"}}},{"from":[-13.17614,-6.63638,9.41965],"to":[16.34386,22.88362,9.41965],"rotation":{"angle":-45,"axis":"y","origin":[7.64645,8,6.23223]},"faces":{"north":{"uv":[3.25,3.125,12.75,13.125],"rotation":90,"texture":"#1"},"east":{"uv":[2.5,1.375,0.75,2.875],"rotation":90,"texture":"#1"},"south":{"uv":[3.25,13.125,12.75,3.125],"rotation":90,"texture":"#1"},"west":{"uv":[2.5,1.375,0.75,2.875],"rotation":90,"texture":"#1"},"up":{"uv":[2.5,1.375,0.75,2.875],"rotation":270,"texture":"#1"},"down":{"uv":[2.5,1.375,0.75,2.875],"rotation":270,"texture":"#1"}}},{"from":[-1.46097,-5.81638,9.82965],"to":[28.05903,23.70362,9.82965],"rotation":{"angle":45,"axis":"y","origin":[7.64645,8,6.23223]},"faces":{"north":{"uv":[3.25,3.125,12.75,13.125],"rotation":270,"texture":"#1"},"east":{"uv":[2.5,2.875,0.75,1.375],"rotation":270,"texture":"#1"},"south":{"uv":[3.25,13.125,12.75,3.125],"rotation":270,"texture":"#1"},"west":{"uv":[2.5,2.875,0.75,1.375],"rotation":270,"texture":"#1"},"up":{"uv":[2.5,2.875,0.75,1.375],"rotation":270,"texture":"#1"},"down":{"uv":[2.5,2.875,0.75,1.375],"rotation":270,"texture":"#1"}}}],"display":{"head":{"rotation":[0,-180,0],"translation":[-0.5,-12.5,23.5],"scale":[2.3,2.3,2.3]}}}