{"credit":"MadewithBlockbench","texture_size":[32,32],"textures":{"0":"purpleworldset:purpleworldset/purpleworld_sword","particle":"purpleworldset:purpleworldset/purpleworld_sword"},"elements":[{"from":[7.39,-1.48022,7.39336],"to":[8.61,-0.26022,8.61336],"rotation":{"angle":0,"axis":"y","origin":[8,6.9682,8.00336]},"faces":{"north":{"uv":[0.6875,0.016,1.1875,0.484],"texture":"#0"},"east":{"uv":[0.6875,0.016,1.1875,0.484],"texture":"#0"},"south":{"uv":[0.6875,0.016,1.1875,0.484],"texture":"#0"},"west":{"uv":[0.6875,0.016,1.1875,0.484],"texture":"#0"},"up":{"uv":[1.3125,0.016,1.8125,0.484],"rotation":180,"texture":"#0"},"down":{"uv":[0.016,0.016,0.484,0.484],"rotation":180,"texture":"#0"}}},{"from":[7.39,5.16863,7.39336],"to":[8.61,6.38863,8.61336],"rotation":{"angle":0,"axis":"y","origin":[8,6.9682,8.00336]},"faces":{"north":{"uv":[0.6875,0.484,1.1875,0.016],"texture":"#0"},"east":{"uv":[0.6875,0.484,1.1875,0.016],"texture":"#0"},"south":{"uv":[0.6875,0.484,1.1875,0.016],"texture":"#0"},"west":{"uv":[0.6875,0.484,1.1875,0.016],"texture":"#0"},"up":{"uv":[0.484,0.016,0.016,0.484],"texture":"#0"},"down":{"uv":[1.8125,0.016,1.3125,0.484],"texture":"#0"}}},{"from":[7.268,-1.84622,7.63736],"to":[8.732,-0.50422,8.97936],"rotation":{"angle":45,"axis":"x","origin":[8,-0.87022,8.00336]},"faces":{"north":{"uv":[0.016,0,0.559,0.56056],"rotation":90,"texture":"#0"},"east":{"uv":[0.016,0,0.559,0.56056],"rotation":90,"texture":"#0"},"south":{"uv":[0.016,0,0.559,0.56056],"rotation":90,"texture":"#0"},"west":{"uv":[0.016,0,0.559,0.56056],"rotation":90,"texture":"#0"},"up":{"uv":[0.016,0,0.559,0.56056],"rotation":90,"texture":"#0"},"down":{"uv":[0.016,0,0.559,0.56056],"rotation":90,"texture":"#0"}}},{"from":[7.268,5.71778,7.63736],"to":[8.732,7.05978,8.97936],"rotation":{"angle":45,"axis":"x","origin":[8,6.69378,8.00336]},"faces":{"north":{"uv":[0.016,0,0.559,0.56056],"rotation":90,"texture":"#0"},"east":{"uv":[0.016,0,0.559,0.56056],"rotation":90,"texture":"#0"},"south":{"uv":[0.016,0,0.559,0.56056],"rotation":90,"texture":"#0"},"west":{"uv":[0.016,0,0.559,0.56056],"rotation":90,"texture":"#0"},"up":{"uv":[0.016,0,0.559,0.56056],"rotation":90,"texture":"#0"},"down":{"uv":[0.016,0,0.559,0.56056],"rotation":90,"texture":"#0"}}},{"from":[7.512,16.27063,5.32936],"to":[8.488,17.00263,7.03736],"rotation":{"angle":22.5,"axis":"x","origin":[8,9.43863,8.00336]},"faces":{"north":{"uv":[6.19375,0.6875,6.49375,0.75],"rotation":90,"texture":"#0"},"east":{"uv":[6.19375,0.0625,6.49375,0.75],"rotation":90,"texture":"#0"},"south":{"uv":[6.19375,0.6875,6.49375,0.75],"rotation":90,"texture":"#0"},"west":{"uv":[6.19375,0.75,6.49375,0.0625],"rotation":90,"texture":"#0"},"up":{"uv":[6.19375,0.0625,6.24375,0.75],"rotation":180,"texture":"#0"},"down":{"uv":[6.44375,0.0625,6.49375,0.75],"texture":"#0"}}},{"from":[7.512,15.14213,5.78686],"to":[8.488,15.87413,7.49486],"rotation":{"angle":22.5,"axis":"x","origin":[8,9.43863,8.00336]},"faces":{"north":{"uv":[6.19375,0.6875,6.49375,0.75],"rotation":90,"texture":"#0"},"east":{"uv":[6.19375,0.0625,6.49375,0.75],"rotation":90,"texture":"#0"},"south":{"uv":[6.19375,0.6875,6.49375,0.75],"rotation":90,"texture":"#0"},"west":{"uv":[6.19375,0.75,6.49375,0.0625],"rotation":90,"texture":"#0"},"up":{"uv":[6.19375,0.0625,6.24375,0.75],"rotation":180,"texture":"#0"},"down":{"uv":[6.44375,0.0625,6.49375,0.75],"texture":"#0"}}},{"from":[7.512,12.88513,6.73236],"to":[8.488,13.61713,8.44036],"rotation":{"angle":22.5,"axis":"x","origin":[8,9.43863,8.00336]},"faces":{"north":{"uv":[6.19375,0.6875,6.49375,0.75],"rotation":90,"texture":"#0"},"east":{"uv":[6.19375,0.0625,6.49375,0.75],"rotation":90,"texture":"#0"},"south":{"uv":[6.19375,0.6875,6.49375,0.75],"rotation":90,"texture":"#0"},"west":{"uv":[6.19375,0.75,6.49375,0.0625],"rotation":90,"texture":"#0"},"up":{"uv":[6.19375,0.0625,6.24375,0.75],"rotation":180,"texture":"#0"},"down":{"uv":[6.44375,0.0625,6.49375,0.75],"texture":"#0"}}},{"from":[7.512,14.01363,6.27486],"to":[8.488,14.74563,7.98286],"rotation":{"angle":22.5,"axis":"x","origin":[8,9.43863,8.00336]},"faces":{"north":{"uv":[6.19375,0.6875,6.49375,0.75],"rotation":90,"texture":"#0"},"east":{"uv":[6.19375,0.0625,6.49375,0.75],"rotation":90,"texture":"#0"},"south":{"uv":[6.19375,0.6875,6.49375,0.75],"rotation":90,"texture":"#0"},"west":{"uv":[6.19375,0.75,6.49375,0.0625],"rotation":90,"texture":"#0"},"up":{"uv":[6.19375,0.0625,6.24375,0.75],"rotation":180,"texture":"#0"},"down":{"uv":[6.44375,0.0625,6.49375,0.75],"texture":"#0"}}},{"from":[7.3595,1.69178,7.39336],"to":[8.6405,2.05778,8.61336],"rotation":{"angle":0,"axis":"y","origin":[8,6.9682,8.00336]},"faces":{"north":{"uv":[0.6875,0.0625,1.1875,0.016],"texture":"#0"},"east":{"uv":[0.6875,0.0625,1.1875,0.016],"texture":"#0"},"south":{"uv":[0.6875,0.0625,1.1875,0.016],"texture":"#0"},"west":{"uv":[0.6875,0.0625,1.1875,0.016],"texture":"#0"},"up":{"uv":[0.6875,0.0625,1.1875,0.016],"rotation":90,"texture":"#0"},"down":{"uv":[0.6875,0.0625,1.1875,0.016],"rotation":270,"texture":"#0"}}},{"from":[7.3595,2.17978,7.39336],"to":[8.6405,2.54578,8.61336],"rotation":{"angle":0,"axis":"y","origin":[8,6.9682,8.00336]},"faces":{"north":{"uv":[0.6875,0.0625,1.1875,0.016],"texture":"#0"},"east":{"uv":[0.6875,0.0625,1.1875,0.016],"texture":"#0"},"south":{"uv":[0.6875,0.0625,1.1875,0.016],"texture":"#0"},"west":{"uv":[0.6875,0.0625,1.1875,0.016],"texture":"#0"},"up":{"uv":[0.6875,0.0625,1.1875,0.016],"rotation":90,"texture":"#0"},"down":{"uv":[0.6875,0.0625,1.1875,0.016],"rotation":270,"texture":"#0"}}},{"from":[7.3595,3.15578,7.39336],"to":[8.6405,3.52178,8.61336],"rotation":{"angle":0,"axis":"y","origin":[8,6.9682,8.00336]},"faces":{"north":{"uv":[0.6875,0.0625,1.1875,0.016],"texture":"#0"},"east":{"uv":[0.6875,0.0625,1.1875,0.016],"texture":"#0"},"south":{"uv":[0.6875,0.0625,1.1875,0.016],"texture":"#0"},"west":{"uv":[0.6875,0.0625,1.1875,0.016],"texture":"#0"},"up":{"uv":[0.6875,0.0625,1.1875,0.016],"rotation":90,"texture":"#0"},"down":{"uv":[0.6875,0.0625,1.1875,0.016],"rotation":270,"texture":"#0"}}},{"from":[7.3595,2.66778,7.39336],"to":[8.6405,3.03378,8.61336],"rotation":{"angle":0,"axis":"y","origin":[8,6.9682,8.00336]},"faces":{"north":{"uv":[0.6875,0.0625,1.1875,0.016],"texture":"#0"},"east":{"uv":[0.6875,0.0625,1.1875,0.016],"texture":"#0"},"south":{"uv":[0.6875,0.0625,1.1875,0.016],"texture":"#0"},"west":{"uv":[0.6875,0.0625,1.1875,0.016],"texture":"#0"},"up":{"uv":[0.6875,0.0625,1.1875,0.016],"rotation":90,"texture":"#0"},"down":{"uv":[0.6875,0.0625,1.1875,0.016],"rotation":270,"texture":"#0"}}},{"from":[7.512,-0.26022,7.51536],"to":[8.488,5.83978,8.49136],"rotation":{"angle":0,"axis":"y","origin":[8,6.9682,8.00336]},"faces":{"north":{"uv":[0.016,0.6875,0.4375,3.1875],"texture":"#0"},"east":{"uv":[0.016,0.6875,0.4375,3.1875],"texture":"#0"},"south":{"uv":[0.016,0.6875,0.4375,3.1875],"texture":"#0"},"west":{"uv":[0.016,0.6875,0.4375,3.1875],"texture":"#0"},"up":{"uv":[0.016,0.016,0.984,0.984],"rotation":180,"texture":"#0"},"down":{"uv":[0.016,0.016,0.984,0.984],"rotation":180,"texture":"#0"}}},{"from":[7.634,6.1142,5.28893],"to":[8.366,6.8462,7.72893],"rotation":{"angle":-22.5,"axis":"x","origin":[8,6.9682,8.00336]},"faces":{"north":{"uv":[1.875,0.9375,2.1875,1],"rotation":270,"texture":"#0"},"east":{"uv":[1.875,0.016,2.1875,1],"rotation":270,"texture":"#0"},"south":{"uv":[0.016,0.016,0.984,0.984],"rotation":180,"texture":"#0"},"west":{"uv":[1.875,1,2.1875,0.016],"rotation":270,"texture":"#0"},"up":{"uv":[2.125,0.016,2.1875,1],"rotation":180,"texture":"#0"},"down":{"uv":[1.875,0.016,1.9375,1],"texture":"#0"}}},{"from":[7.6645,0.93673,5.57274],"to":[8.3355,5.81673,6.24374],"rotation":{"angle":0,"axis":"y","origin":[8,6.09115,8.59224]},"faces":{"north":{"uv":[0.516,1.516,2.5,1.5625],"rotation":270,"texture":"#0"},"east":{"uv":[0.516,1.25,2.5,1.5625],"rotation":270,"texture":"#0"},"south":{"uv":[0.516,1.25,2.5,1.3125],"rotation":270,"texture":"#0"},"west":{"uv":[0.516,1.5625,2.5,1.25],"rotation":270,"texture":"#0"},"up":{"uv":[0.016,0.016,0.984,0.984],"rotation":180,"texture":"#0"},"down":{"uv":[0.516,1.5625,0.5625,1.25],"rotation":180,"texture":"#0"}}},{"from":[7.634,20.84578,9.34536],"to":[8.366,23.89578,10.68736],"rotation":{"angle":0,"axis":"y","origin":[8,8.1882,10.19936]},"faces":{"north":{"uv":[5.875,2.75,5.925,3.984],"texture":"#0"},"east":{"uv":[5.375,2.75,5.925,3.984],"texture":"#0"},"south":{"uv":[5.375,2.75,5.425,3.984],"texture":"#0"},"west":{"uv":[5.925,2.75,5.375,3.984],"texture":"#0"},"up":{"uv":[5.375,2.75,5.925,2.8125],"rotation":270,"texture":"#0"},"down":{"uv":[0.016,0.016,0.984,0.984],"rotation":180,"texture":"#0"}}},{"from":[7.634,17.76528,8.00336],"to":[8.366,20.84578,9.34536],"rotation":{"angle":0,"axis":"y","origin":[8,5.1382,11.29736]},"faces":{"north":{"uv":[5.83125,0.016,5.8625,1.2625],"texture":"#0"},"east":{"uv":[5.3125,0.016,5.8625,1.2625],"texture":"#0"},"south":{"uv":[5.3125,0.016,5.35625,1.2625],"texture":"#0"},"west":{"uv":[5.8625,0.016,5.3125,1.2625],"texture":"#0"},"up":{"uv":[0.016,0.016,0.984,0.984],"rotation":180,"texture":"#0"},"down":{"uv":[5.3125,1.1875,5.8625,1.2625],"rotation":90,"texture":"#0"}}},{"from":[7.634,9.28628,8.00336],"to":[8.366,12.36678,9.34536],"rotation":{"angle":0,"axis":"y","origin":[8,5.1382,11.29736]},"faces":{"north":{"uv":[3.58125,1.0625,3.625,2.325],"texture":"#0"},"east":{"uv":[3.0625,1.0625,3.625,2.325],"texture":"#0"},"south":{"uv":[3.0625,1.0625,3.09375,2.325],"texture":"#0"},"west":{"uv":[3.625,1.0625,3.0625,2.325],"texture":"#0"},"up":{"uv":[3.0625,1.0625,3.625,1.09375],"rotation":90,"texture":"#0"},"down":{"uv":[3.0625,2.26875,3.625,2.3],"rotation":90,"texture":"#0"}}},{"from":[7.756,11.23828,8.12536],"to":[8.244,17.97878,9.22336],"rotation":{"angle":0,"axis":"y","origin":[8,5.1382,11.29736]},"faces":{"north":{"uv":[4.8875,0.016,4.95,2.7625],"texture":"#0"},"east":{"uv":[4.516,0.016,4.95,2.7625],"texture":"#0"},"south":{"uv":[4.516,0.016,4.5625,2.7625],"texture":"#0"},"west":{"uv":[4.95,0.016,4.516,2.7625],"texture":"#0"},"up":{"uv":[0.016,0.016,0.984,0.984],"rotation":180,"texture":"#0"},"down":{"uv":[0.016,0.016,0.984,0.984],"rotation":180,"texture":"#0"}}},{"from":[7.6035,19.87591,7.91455],"to":[8.3965,21.76691,9.80555],"rotation":{"angle":45,"axis":"x","origin":[8,20.24191,9.13455]},"faces":{"north":{"uv":[6.125,1.625,6.15,2.4],"texture":"#0"},"east":{"uv":[5.375,1.625,6.15,2.4],"texture":"#0"},"south":{"uv":[5.375,1.625,5.43125,2.4],"texture":"#0"},"west":{"uv":[6.15,1.625,5.375,2.4],"texture":"#0"},"up":{"uv":[5.375,1.625,6.15,1.65],"rotation":270,"texture":"#0"},"down":{"uv":[5.375,2.3125,6.15,2.4],"rotation":90,"texture":"#0"}}},{"from":[7.573,11.73241,16.11905],"to":[8.427,13.62341,18.01005],"rotation":{"angle":45,"axis":"x","origin":[8,20.24191,9.13455]},"faces":{"north":{"uv":[3.6875,0.016,3.7125,0.75],"texture":"#0"},"east":{"uv":[2.9375,0.016,3.7125,0.75],"texture":"#0"},"south":{"uv":[2.9375,0.016,2.99375,0.75],"texture":"#0"},"west":{"uv":[3.7125,0.016,2.9375,0.75],"texture":"#0"},"up":{"uv":[2.9375,0.016,3.7125,-0.016],"rotation":270,"texture":"#0"},"down":{"uv":[2.9375,0.7,3.7125,0.75],"rotation":90,"texture":"#0"}}},{"from":[7.634,7.42578,9.34536],"to":[8.366,9.25578,10.68736],"rotation":{"angle":0,"axis":"y","origin":[8,8.1882,10.19936]},"faces":{"north":{"uv":[0.016,0.016,0.984,0.984],"texture":"#0"},"east":{"uv":[1.25,1.6875,1.8,2.4375],"texture":"#0"},"south":{"uv":[1.25,1.6875,1.3,2.4375],"texture":"#0"},"west":{"uv":[1.8,1.6875,1.25,2.4375],"texture":"#0"},"up":{"uv":[0.016,0.016,0.984,0.984],"rotation":180,"texture":"#0"},"down":{"uv":[0.016,0.016,0.984,0.984],"rotation":180,"texture":"#0"}}},{"from":[7.6035,9.07749,-1.74065],"to":[8.3965,12.37149,-0.27665],"rotation":{"angle":45,"axis":"x","origin":[8,-3.33608,-0.76465]},"faces":{"north":{"uv":[1.125,1.6875,1.1875,2.984],"texture":"#0"},"east":{"uv":[0.5625,1.6875,1.1875,2.984],"texture":"#0"},"south":{"uv":[0.5625,1.6875,0.625,2.984],"texture":"#0"},"west":{"uv":[1.1875,1.6875,0.5625,2.984],"texture":"#0"},"up":{"uv":[0.5625,1.6875,1.1875,1.725],"rotation":90,"texture":"#0"},"down":{"uv":[0.016,0.016,0.984,0.984],"rotation":180,"texture":"#0"}}},{"from":[7.6645,23.54056,6.76406],"to":[8.3355,26.59056,8.07556],"rotation":{"angle":-45,"axis":"x","origin":[8,26.86428,8.92956]},"faces":{"north":{"uv":[5.1875,2.75,5.225,3.984],"texture":"#0"},"east":{"uv":[4.6875,2.75,5.225,3.984],"texture":"#0"},"south":{"uv":[4.6875,2.75,4.725,3.984],"texture":"#0"},"west":{"uv":[5.225,2.75,4.6875,3.984],"texture":"#0"},"up":{"uv":[4.6875,2.75,5.225,2.8125],"rotation":90,"texture":"#0"},"down":{"uv":[0.016,0.016,0.984,0.984],"rotation":180,"texture":"#0"}}},{"from":[7.7865,24.43369,7.99553],"to":[8.2135,25.50119,11.04553],"rotation":{"angle":-45,"axis":"x","origin":[8,26.47719,7.72182]},"faces":{"north":{"uv":[0.016,0.016,0.984,0.984],"texture":"#0"},"east":{"uv":[3.125,2.8125,4.375,3.25],"texture":"#0"},"south":{"uv":[3.125,2.8125,3.1875,3.25],"texture":"#0"},"west":{"uv":[4.375,2.8125,3.125,3.25],"texture":"#0"},"up":{"uv":[3.125,2.8125,4.375,2.875],"rotation":270,"texture":"#0"},"down":{"uv":[3.125,3.1875,4.375,3.25],"rotation":90,"texture":"#0"}}},{"from":[8,5.7582,2.43336],"to":[8,31.1582,11.97336],"rotation":{"angle":0,"axis":"y","origin":[8,6.9682,8.00336]},"faces":{"north":{"uv":[0.016,0.016,0.016,9.984],"texture":"#0"},"east":{"uv":[7.391,0,10.891,10],"texture":"#0"},"south":{"uv":[0.016,0.016,0.016,9.984],"texture":"#0"},"west":{"uv":[10.891,0,7.391,10],"texture":"#0"},"up":{"uv":[0.016,0.016,3.484,0.016],"rotation":90,"texture":"#0"},"down":{"uv":[0.016,0.016,3.484,0.016],"rotation":270,"texture":"#0"}}},{"from":[8,-3.9418,0.23336],"to":[8,1.4582,2.77336],"rotation":{"angle":-45,"axis":"x","origin":[8,6.9682,8.00336]},"faces":{"north":{"uv":[0.016,0.016,0.016,9.984],"texture":"#0"},"east":{"uv":[11.266,0,12.536,2.7],"texture":"#0"},"south":{"uv":[0.016,0.016,0.016,9.984],"texture":"#0"},"west":{"uv":[12.536,0,11.266,2.7],"texture":"#0"},"up":{"uv":[0.016,0.016,3.484,0.016],"rotation":90,"texture":"#0"},"down":{"uv":[0.016,0.016,3.484,0.016],"rotation":270,"texture":"#0"}}}],"gui_light":"front","display":{"thirdperson_righthand":{"translation":[0,3.25,1.25]},"thirdperson_lefthand":{"translation":[0,3.5,1.25]},"firstperson_righthand":{"rotation":[-12.75,0,0],"translation":[1.5,3,1.5],"scale":[0.71,0.71,0.71]},"firstperson_lefthand":{"rotation":[-12.75,0,0],"translation":[1.5,3,1.5],"scale":[0.71,0.71,0.71]},"ground":{"rotation":[0,0,42],"translation":[-1,1,0.5],"scale":[0.41,0.41,0.4]},"gui":{"rotation":[80,47,-91],"translation":[-2.75,-1.25,0],"scale":[0.58102,0.58102,0.58102]},"fixed":{"rotation":[-90,58.5,90],"translation":[4.5,-7.25,-1.75],"scale":[1.77539,1.77539,1.77539]}}}