{"credit":"MadewithBlockbench","texture_size":[128,128],"textures":{"3":"verdure:crate_nature"},"elements":[{"from":[1,11,-0.5],"to":[2,12,16.5],"rotation":{"angle":0,"axis":"y","origin":[-4.5,5.49264,23.99475]},"faces":{"north":{"uv":[6,4.125,6.125,4.25],"texture":"#3"},"east":{"uv":[6,3.75,8.125,3.875],"texture":"#3"},"south":{"uv":[7,5.625,7.125,5.75],"texture":"#3"},"west":{"uv":[6,3.875,8.125,4],"texture":"#3"},"up":{"uv":[4,8.125,3.875,6],"texture":"#3"},"down":{"uv":[6.25,4,6.125,6.125],"texture":"#3"}}},{"from":[3,11,-2.5],"to":[14,12,-1.5],"rotation":{"angle":0,"axis":"y","origin":[-2.5,5.49264,21.99475]},"faces":{"north":{"uv":[7.375,5.875,8.75,6],"texture":"#3"},"east":{"uv":[7.125,5.625,7.25,5.75],"texture":"#3"},"south":{"uv":[7.875,5.5,9.25,5.625],"texture":"#3"},"west":{"uv":[7.25,5.625,7.375,5.75],"texture":"#3"},"up":{"uv":[9.375,3.25,8,3.125],"texture":"#3"},"down":{"uv":[9.5,2.875,8.125,3],"texture":"#3"}}},{"from":[6,10.4,-3.9],"to":[11,12.4,-1.9],"rotation":{"angle":45,"axis":"x","origin":[8.5,11,-6]},"faces":{"north":{"uv":[2.5,8.375,3.125,8.625],"texture":"#3"},"east":{"uv":[9.75,9.125,10,9.375],"texture":"#3"},"south":{"uv":[3.125,8.375,3.75,8.625],"texture":"#3"},"west":{"uv":[9.75,9.375,10,9.625],"texture":"#3"},"up":{"uv":[9,3.5,8.375,3.25],"texture":"#3"},"down":{"uv":[4.375,8.375,3.75,8.625],"texture":"#3"}}},{"from":[6,10.4,17.9],"to":[11,12.4,19.9],"rotation":{"angle":-45,"axis":"x","origin":[8.5,11,22]},"faces":{"north":{"uv":[8.375,7.875,9,8.125],"texture":"#3"},"east":{"uv":[9.875,7.875,10.125,8.125],"texture":"#3"},"south":{"uv":[8.5,1.25,9.125,1.5],"texture":"#3"},"west":{"uv":[8.125,9.875,8.375,10.125],"texture":"#3"},"up":{"uv":[9.125,2.625,8.5,2.375],"texture":"#3"},"down":{"uv":[9.125,2.625,8.5,2.875],"texture":"#3"}}},{"from":[4,10.4,-3.9],"to":[6,14.4,-1.9],"rotation":{"angle":45,"axis":"x","origin":[8.5,11,-6]},"faces":{"north":{"uv":[5.625,7.375,5.875,7.875],"texture":"#3"},"east":{"uv":[0.375,7.75,0.625,8.25],"texture":"#3"},"south":{"uv":[8.875,9.25,9.125,9.75],"texture":"#3"},"west":{"uv":[2.375,9.375,2.625,9.875],"texture":"#3"},"up":{"uv":[1.75,10.125,1.5,9.875],"texture":"#3"},"down":{"uv":[2,9.875,1.75,10.125],"texture":"#3"}}},{"from":[11,10.4,-3.9],"to":[13,14.4,-1.9],"rotation":{"angle":45,"axis":"x","origin":[8.5,11,-6]},"faces":{"north":{"uv":[2.625,9.375,2.875,9.875],"texture":"#3"},"east":{"uv":[2.875,9.375,3.125,9.875],"texture":"#3"},"south":{"uv":[3.125,9.375,3.375,9.875],"texture":"#3"},"west":{"uv":[3.375,9.375,3.625,9.875],"texture":"#3"},"up":{"uv":[2.5,10.125,2.25,9.875],"texture":"#3"},"down":{"uv":[2.75,9.875,2.5,10.125],"texture":"#3"}}},{"from":[4,10.4,17.9],"to":[6,14.4,19.9],"rotation":{"angle":-45,"axis":"x","origin":[8.5,11,22]},"faces":{"north":{"uv":[4.625,9.375,4.875,9.875],"texture":"#3"},"east":{"uv":[9.375,4.75,9.625,5.25],"texture":"#3"},"south":{"uv":[4.875,9.375,5.125,9.875],"texture":"#3"},"west":{"uv":[5.125,9.375,5.375,9.875],"texture":"#3"},"up":{"uv":[10.125,3.25,9.875,3],"texture":"#3"},"down":{"uv":[3.5,9.875,3.25,10.125],"texture":"#3"}}},{"from":[11,10.4,17.9],"to":[13,14.4,19.9],"rotation":{"angle":-45,"axis":"x","origin":[8.5,11,22]},"faces":{"north":{"uv":[3.625,9.375,3.875,9.875],"texture":"#3"},"east":{"uv":[3.875,9.375,4.125,9.875],"texture":"#3"},"south":{"uv":[4.125,9.375,4.375,9.875],"texture":"#3"},"west":{"uv":[4.375,9.375,4.625,9.875],"texture":"#3"},"up":{"uv":[3,10.125,2.75,9.875],"texture":"#3"},"down":{"uv":[3.25,9.875,3,10.125],"texture":"#3"}}},{"from":[1,5,-0.5],"to":[2,6,16.5],"rotation":{"angle":0,"axis":"y","origin":[-4.5,5.49264,23.99475]},"faces":{"north":{"uv":[7.875,2,8,2.125],"texture":"#3"},"east":{"uv":[6.375,2.375,8.5,2.5],"texture":"#3"},"south":{"uv":[3.5,7.875,3.625,8],"texture":"#3"},"west":{"uv":[6.375,2.5,8.5,2.625],"texture":"#3"},"up":{"uv":[6.125,8.5,6,6.375],"texture":"#3"},"down":{"uv":[6.375,6.375,6.25,8.5],"texture":"#3"}}},{"from":[15,5,-0.5],"to":[16,6,16.5],"rotation":{"angle":0,"axis":"y","origin":[21.5,5.49264,23.99475]},"faces":{"north":{"uv":[3.25,8.125,3.375,8.25],"texture":"#3"},"east":{"uv":[6.375,2.625,8.5,2.75],"texture":"#3"},"south":{"uv":[3.375,8.125,3.5,8.25],"texture":"#3"},"west":{"uv":[6.375,2.75,8.5,2.875],"texture":"#3"},"up":{"uv":[6.5,8.5,6.375,6.375],"texture":"#3"},"down":{"uv":[0.75,6.5,0.625,8.625],"texture":"#3"}}},{"from":[3,5,-2.5],"to":[14,6,-1.5],"rotation":{"angle":0,"axis":"y","origin":[-2.5,5.49264,21.99475]},"faces":{"north":{"uv":[8.125,3.875,9.5,4],"texture":"#3"},"east":{"uv":[3.5,7.75,3.625,7.875],"texture":"#3"},"south":{"uv":[8.125,5.625,9.5,5.75],"texture":"#3"},"west":{"uv":[7.75,4.75,7.875,4.875],"texture":"#3"},"up":{"uv":[9.5,5.875,8.125,5.75],"texture":"#3"},"down":{"uv":[9.5,6,8.125,6.125],"texture":"#3"}}},{"from":[1,5,16.5],"to":[3,12,18.5],"rotation":{"angle":0,"axis":"y","origin":[-3.5,5.49264,9.00525]},"faces":{"north":{"uv":[4.25,7.375,4.5,8.25],"texture":"#3"},"east":{"uv":[4.5,7.375,4.75,8.25],"texture":"#3"},"south":{"uv":[4.75,7.375,5,8.25],"texture":"#3"},"west":{"uv":[5,7.375,5.25,8.25],"texture":"#3"},"up":{"uv":[9,10,8.75,9.75],"texture":"#3"},"down":{"uv":[10,8.875,9.75,9.125],"texture":"#3"}}},{"from":[3,5,17.5],"to":[14,6,18.5],"rotation":{"angle":0,"axis":"y","origin":[-2.5,5.49264,-5.99475]},"faces":{"north":{"uv":[8.25,6.125,9.625,6.25],"texture":"#3"},"east":{"uv":[3,8.125,3.125,8.25],"texture":"#3"},"south":{"uv":[8.25,6.875,9.625,7],"texture":"#3"},"west":{"uv":[3.125,8.125,3.25,8.25],"texture":"#3"},"up":{"uv":[9.625,7.125,8.25,7],"texture":"#3"},"down":{"uv":[9.625,7.125,8.25,7.25],"texture":"#3"}}},{"from":[14,5,16.5],"to":[16,12,18.5],"rotation":{"angle":0,"axis":"y","origin":[9.5,5.49264,9.00525]},"faces":{"north":{"uv":[7.25,4,7.5,4.875],"texture":"#3"},"east":{"uv":[6.5,7.25,6.75,8.125],"texture":"#3"},"south":{"uv":[6.75,7.25,7,8.125],"texture":"#3"},"west":{"uv":[4,7.375,4.25,8.25],"texture":"#3"},"up":{"uv":[10,8.625,9.75,8.375],"texture":"#3"},"down":{"uv":[10,8.625,9.75,8.875],"texture":"#3"}}},{"from":[3,11,17.5],"to":[14,12,18.5],"rotation":{"angle":0,"axis":"y","origin":[-2.5,5.49264,-5.99475]},"faces":{"north":{"uv":[4.375,8.25,5.75,8.375],"texture":"#3"},"east":{"uv":[3.5,8,3.625,8.125],"texture":"#3"},"south":{"uv":[8.25,4.375,9.625,4.5],"texture":"#3"},"west":{"uv":[5.75,8,5.875,8.125],"texture":"#3"},"up":{"uv":[9.625,4.625,8.25,4.5],"texture":"#3"},"down":{"uv":[9.625,4.625,8.25,4.75],"texture":"#3"}}},{"from":[1,5,-2.5],"to":[3,12,-0.5],"rotation":{"angle":0,"axis":"y","origin":[-3.5,5.49264,6.99475]},"faces":{"north":{"uv":[6.75,4.875,7,5.75],"texture":"#3"},"east":{"uv":[6.75,6.375,7,7.25],"texture":"#3"},"south":{"uv":[3.25,6.875,3.5,7.75],"texture":"#3"},"west":{"uv":[7,4,7.25,4.875],"texture":"#3"},"up":{"uv":[9.875,5.625,9.625,5.375],"texture":"#3"},"down":{"uv":[9.875,6.375,9.625,6.625],"texture":"#3"}}},{"from":[14,5,-2.5],"to":[16,12,-0.5],"rotation":{"angle":0,"axis":"y","origin":[9.5,5.49264,6.99475]},"faces":{"north":{"uv":[6.5,4,6.75,4.875],"texture":"#3"},"east":{"uv":[6.5,4.875,6.75,5.75],"texture":"#3"},"south":{"uv":[6.5,6.375,6.75,7.25],"texture":"#3"},"west":{"uv":[6.75,4,7,4.875],"texture":"#3"},"up":{"uv":[6.5,8.75,6.25,8.5],"texture":"#3"},"down":{"uv":[7.25,9,7,9.25],"texture":"#3"}}},{"from":[14.98528,11,-0.5],"to":[15.98528,12,16.5],"rotation":{"angle":0,"axis":"y","origin":[8.98528,5.49264,23.99475]},"faces":{"north":{"uv":[5.625,1.625,5.75,1.75],"texture":"#3"},"east":{"uv":[6,3.5,8.125,3.625],"texture":"#3"},"south":{"uv":[6,4,6.125,4.125],"texture":"#3"},"west":{"uv":[6,3.625,8.125,3.75],"texture":"#3"},"up":{"uv":[3.75,8.125,3.625,6],"texture":"#3"},"down":{"uv":[3.875,6,3.75,8.125],"texture":"#3"}}},{"from":[2,5,-1.5],"to":[15,11.975,17.5],"rotation":{"angle":0,"axis":"y","origin":[9.5,8.65,9]},"faces":{"north":{"uv":[0,4.75,1.625,5.625],"texture":"#3"},"east":{"uv":[3.25,0,5.625,0.875],"texture":"#3"},"south":{"uv":[1.625,4.75,3.25,5.625],"texture":"#3"},"west":{"uv":[3.25,0.875,5.625,1.75],"texture":"#3"},"up":{"uv":[1.625,2.375,0,0],"texture":"#3"},"down":{"uv":[3.25,0,1.625,2.375],"texture":"#3"}}},{"from":[0.4625,3.9892,15.04161],"to":[3.4625,6.9892,18.04161],"rotation":{"angle":22.5,"axis":"x","origin":[1.9625,3.06197,18.94298]},"faces":{"north":{"uv":[7.625,8.875,8,9.25],"texture":"#3"},"east":{"uv":[8,8.875,8.375,9.25],"texture":"#3"},"south":{"uv":[8.375,8.875,8.75,9.25],"texture":"#3"},"west":{"uv":[8.375,8.875,8,9.25],"texture":"#3"},"up":{"uv":[0.875,9.375,0.5,9],"texture":"#3"},"down":{"uv":[1.25,9,0.875,9.375],"texture":"#3"}}},{"from":[0.4625,0.15053,17.98269],"to":[3.4625,3.15053,20.98269],"rotation":{"angle":0,"axis":"y","origin":[1.9625,1.65053,19.48269]},"faces":{"north":{"uv":[1.25,9,1.625,9.375],"texture":"#3"},"east":{"uv":[9,1.5,9.375,1.875],"texture":"#3"},"south":{"uv":[9,1.875,9.375,2.25],"texture":"#3"},"west":{"uv":[9.375,1.5,9,1.875],"texture":"#3"},"up":{"uv":[3.25,9.375,2.875,9],"texture":"#3"},"down":{"uv":[3.625,9,3.25,9.375],"texture":"#3"}}},{"from":[0.9625,2.48159,17.93637],"to":[2.9625,7.48159,19.93637],"rotation":{"angle":-22.5,"axis":"x","origin":[1.9625,3.06197,18.94298]},"faces":{"north":{"uv":[6.5,8.125,6.75,8.75],"texture":"#3"},"east":{"uv":[6.75,8.125,7,8.75],"texture":"#3"},"south":{"uv":[1.375,8.375,1.625,9],"texture":"#3"},"west":{"uv":[4.375,8.375,4.625,9],"texture":"#3"},"up":{"uv":[10.125,7.125,9.875,6.875],"texture":"#3"},"down":{"uv":[7.375,9.875,7.125,10.125],"texture":"#3"}}},{"from":[0.9625,2.48159,-3.93637],"to":[2.9625,7.48159,-1.93637],"rotation":{"angle":22.5,"axis":"x","origin":[1.9625,3.06197,-2.94298]},"faces":{"north":{"uv":[1.625,8.375,1.375,9],"texture":"#3"},"east":{"uv":[7,8.125,6.75,8.75],"texture":"#3"},"south":{"uv":[6.75,8.125,6.5,8.75],"texture":"#3"},"west":{"uv":[4.625,8.375,4.375,9],"texture":"#3"},"up":{"uv":[10.125,6.875,9.875,7.125],"texture":"#3"},"down":{"uv":[7.375,10.125,7.125,9.875],"texture":"#3"}}},{"from":[0.4625,3.9892,-2.04161],"to":[3.4625,6.9892,0.95839],"rotation":{"angle":-22.5,"axis":"x","origin":[1.9625,3.06197,-2.94298]},"faces":{"north":{"uv":[8.75,8.875,8.375,9.25],"texture":"#3"},"east":{"uv":[8.375,8.875,8,9.25],"texture":"#3"},"south":{"uv":[8,8.875,7.625,9.25],"texture":"#3"},"west":{"uv":[8,8.875,8.375,9.25],"texture":"#3"},"up":{"uv":[0.875,9,0.5,9.375],"texture":"#3"},"down":{"uv":[1.25,9.375,0.875,9],"texture":"#3"}}},{"from":[0.4625,0.15053,-4.98269],"to":[3.4625,3.15053,-1.98269],"rotation":{"angle":0,"axis":"y","origin":[1.9625,1.65053,-3.48269]},"faces":{"north":{"uv":[9.375,1.875,9,2.25],"texture":"#3"},"east":{"uv":[9.375,1.5,9,1.875],"texture":"#3"},"south":{"uv":[1.625,9,1.25,9.375],"texture":"#3"},"west":{"uv":[9,1.5,9.375,1.875],"texture":"#3"},"up":{"uv":[3.25,9,2.875,9.375],"texture":"#3"},"down":{"uv":[3.625,9.375,3.25,9],"texture":"#3"}}},{"from":[14.0375,2.48159,-3.93637],"to":[16.0375,7.48159,-1.93637],"rotation":{"angle":22.5,"axis":"x","origin":[15.0375,3.06197,-2.94298]},"faces":{"north":{"uv":[1.375,8.375,1.625,9],"texture":"#3"},"east":{"uv":[4.375,8.375,4.625,9],"texture":"#3"},"south":{"uv":[6.5,8.125,6.75,8.75],"texture":"#3"},"west":{"uv":[6.75,8.125,7,8.75],"texture":"#3"},"up":{"uv":[9.875,6.875,10.125,7.125],"texture":"#3"},"down":{"uv":[7.125,10.125,7.375,9.875],"texture":"#3"}}},{"from":[13.5375,3.9892,-2.04161],"to":[16.5375,6.9892,0.95839],"rotation":{"angle":-22.5,"axis":"x","origin":[15.0375,3.06197,-2.94298]},"faces":{"north":{"uv":[8.375,8.875,8.75,9.25],"texture":"#3"},"east":{"uv":[8.375,8.875,8,9.25],"texture":"#3"},"south":{"uv":[7.625,8.875,8,9.25],"texture":"#3"},"west":{"uv":[8,8.875,8.375,9.25],"texture":"#3"},"up":{"uv":[0.5,9,0.875,9.375],"texture":"#3"},"down":{"uv":[0.875,9.375,1.25,9],"texture":"#3"}}},{"from":[13.5375,0.15053,-4.98269],"to":[16.5375,3.15053,-1.98269],"rotation":{"angle":0,"axis":"y","origin":[15.0375,1.65053,-3.48269]},"faces":{"north":{"uv":[9,1.875,9.375,2.25],"texture":"#3"},"east":{"uv":[9.375,1.5,9,1.875],"texture":"#3"},"south":{"uv":[1.25,9,1.625,9.375],"texture":"#3"},"west":{"uv":[9,1.5,9.375,1.875],"texture":"#3"},"up":{"uv":[2.875,9,3.25,9.375],"texture":"#3"},"down":{"uv":[3.25,9.375,3.625,9],"texture":"#3"}}},{"from":[13.5375,3.9892,15.04161],"to":[16.5375,6.9892,18.04161],"rotation":{"angle":22.5,"axis":"x","origin":[15.0375,3.06197,18.94298]},"faces":{"north":{"uv":[8,8.875,7.625,9.25],"texture":"#3"},"east":{"uv":[8,8.875,8.375,9.25],"texture":"#3"},"south":{"uv":[8.75,8.875,8.375,9.25],"texture":"#3"},"west":{"uv":[8.375,8.875,8,9.25],"texture":"#3"},"up":{"uv":[0.5,9.375,0.875,9],"texture":"#3"},"down":{"uv":[0.875,9,1.25,9.375],"texture":"#3"}}},{"from":[14.0375,2.48159,17.93637],"to":[16.0375,7.48159,19.93637],"rotation":{"angle":-22.5,"axis":"x","origin":[15.0375,3.06197,18.94298]},"faces":{"north":{"uv":[6.75,8.125,6.5,8.75],"texture":"#3"},"east":{"uv":[4.625,8.375,4.375,9],"texture":"#3"},"south":{"uv":[1.625,8.375,1.375,9],"texture":"#3"},"west":{"uv":[7,8.125,6.75,8.75],"texture":"#3"},"up":{"uv":[9.875,7.125,10.125,6.875],"texture":"#3"},"down":{"uv":[7.125,9.875,7.375,10.125],"texture":"#3"}}},{"from":[13.5375,0.15053,17.98269],"to":[16.5375,3.15053,20.98269],"rotation":{"angle":0,"axis":"y","origin":[15.0375,1.65053,19.48269]},"faces":{"north":{"uv":[1.625,9,1.25,9.375],"texture":"#3"},"east":{"uv":[9,1.5,9.375,1.875],"texture":"#3"},"south":{"uv":[9.375,1.875,9,2.25],"texture":"#3"},"west":{"uv":[9.375,1.5,9,1.875],"texture":"#3"},"up":{"uv":[2.875,9.375,3.25,9],"texture":"#3"},"down":{"uv":[3.25,9,3.625,9.375],"texture":"#3"}}},{"from":[1.5,12,-1.5],"to":[15.5,19,-1.5],"rotation":{"angle":0,"axis":"y","origin":[15.99264,12.01798,8]},"faces":{"north":{"uv":[4,1.75,5.75,2.625],"texture":"#3"},"east":{"uv":[0,0,0,0.875],"texture":"#3"},"south":{"uv":[4,2.625,5.75,3.5],"texture":"#3"},"west":{"uv":[0,0,0,0.875],"texture":"#3"},"up":{"uv":[1.75,0,0,0],"texture":"#3"},"down":{"uv":[1.75,0,0,0],"texture":"#3"}}},{"from":[1.5,12,17.5],"to":[15.5,19,17.5],"rotation":{"angle":0,"axis":"y","origin":[15.99264,12.01798,8]},"faces":{"north":{"uv":[4,3.5,5.75,4.375],"texture":"#3"},"east":{"uv":[0,0,0,0.875],"texture":"#3"},"south":{"uv":[4,4.375,5.75,5.25],"texture":"#3"},"west":{"uv":[0,0,0,0.875],"texture":"#3"},"up":{"uv":[1.75,0,0,0],"texture":"#3"},"down":{"uv":[1.75,0,0,0],"texture":"#3"}}},{"from":[1,12,-2.5],"to":[3,15,-0.5],"rotation":{"angle":0,"axis":"y","origin":[15.99264,12.01798,8]},"faces":{"north":{"uv":[9.5,2.25,9.75,2.625],"texture":"#3"},"east":{"uv":[9.5,2.625,9.75,3],"texture":"#3"},"south":{"uv":[9.5,3.5,9.75,3.875],"texture":"#3"},"west":{"uv":[9.5,5.625,9.75,6],"texture":"#3"},"up":{"uv":[8,9.875,7.75,9.625],"texture":"#3"},"down":{"uv":[9.875,7.875,9.625,8.125],"texture":"#3"}}},{"from":[13.98528,12,-2.5],"to":[15.98528,15,-0.5],"rotation":{"angle":0,"axis":"y","origin":[15.99264,12.01798,8]},"faces":{"north":{"uv":[9.375,3.125,9.625,3.5],"texture":"#3"},"east":{"uv":[9.375,5.25,9.625,5.625],"texture":"#3"},"south":{"uv":[1.5,9.5,1.75,9.875],"texture":"#3"},"west":{"uv":[1.75,9.5,2,9.875],"texture":"#3"},"up":{"uv":[7.75,9.875,7.5,9.625],"texture":"#3"},"down":{"uv":[9.875,7.625,9.625,7.875],"texture":"#3"}}},{"from":[7.87883,12.12138,-2.499],"to":[13.87883,14.12138,-0.501],"rotation":{"angle":-45,"axis":"z","origin":[15.99264,12.01798,8]},"faces":{"north":{"uv":[7.5,4,8.25,4.25],"texture":"#3"},"east":{"uv":[7.25,9.625,7.5,9.875],"texture":"#3"},"south":{"uv":[7.5,4.25,8.25,4.5],"texture":"#3"},"west":{"uv":[9.625,7.375,9.875,7.625],"texture":"#3"},"up":{"uv":[8.25,4.75,7.5,4.5],"texture":"#3"},"down":{"uv":[7.75,7.625,7,7.875],"texture":"#3"}}},{"from":[5.24264,17.24264,-2.5],"to":[11.74264,19.24264,-0.5],"rotation":{"angle":0,"axis":"y","origin":[15.99264,12.01798,8]},"faces":{"north":{"uv":[6.375,2.875,7.25,3.125],"texture":"#3"},"east":{"uv":[7,9.625,7.25,9.875],"texture":"#3"},"south":{"uv":[6.5,5.75,7.375,6],"texture":"#3"},"west":{"uv":[9.625,7.125,9.875,7.375],"texture":"#3"},"up":{"uv":[7.875,5.125,7,4.875],"texture":"#3"},"down":{"uv":[7.875,5.125,7,5.375],"texture":"#3"}}},{"from":[5.24264,17.24264,4.5],"to":[7.74264,19.24264,11.5],"rotation":{"angle":0,"axis":"y","origin":[15.99264,12.01798,8]},"faces":{"north":{"uv":[2.25,7.5,2.625,7.75],"texture":"#3"},"east":{"uv":[7,5.375,7.875,5.625],"texture":"#3"},"south":{"uv":[8.5,7.625,8.875,7.875],"texture":"#3"},"west":{"uv":[7,6.375,7.875,6.625],"texture":"#3"},"up":{"uv":[6.375,3.25,6,2.375],"texture":"#3"},"down":{"uv":[3.625,6,3.25,6.875],"texture":"#3"}}},{"from":[7.49985,22.72798,-2.499],"to":[13.49985,24.72798,-0.501],"rotation":{"angle":45,"axis":"z","origin":[15.99264,12.01798,8]},"faces":{"north":{"uv":[7.375,5.625,8.125,5.875],"texture":"#3"},"east":{"uv":[9.625,6.625,9.875,6.875],"texture":"#3"},"south":{"uv":[7,7.375,7.75,7.625],"texture":"#3"},"west":{"uv":[9.625,6.875,9.875,7.125],"texture":"#3"},"up":{"uv":[1.5,7.75,0.75,7.5],"texture":"#3"},"down":{"uv":[2.25,7.5,1.5,7.75],"texture":"#3"}}},{"from":[13.98528,12,16.5],"to":[15.98528,15,18.5],"rotation":{"angle":0,"axis":"y","origin":[15.99264,12.01798,8]},"faces":{"north":{"uv":[2,9.625,2.25,10],"texture":"#3"},"east":{"uv":[9.625,3,9.875,3.375],"texture":"#3"},"south":{"uv":[9.625,3.875,9.875,4.25],"texture":"#3"},"west":{"uv":[9.625,4.25,9.875,4.625],"texture":"#3"},"up":{"uv":[10,5.875,9.75,5.625],"texture":"#3"},"down":{"uv":[10,8.125,9.75,8.375],"texture":"#3"}}},{"from":[7.87883,12.12138,16.501],"to":[13.87883,14.12138,18.499],"rotation":{"angle":-45,"axis":"z","origin":[15.99264,12.01798,8]},"faces":{"north":{"uv":[7.875,5,8.625,5.25],"texture":"#3"},"east":{"uv":[9.75,3.375,10,3.625],"texture":"#3"},"south":{"uv":[7.875,5.25,8.625,5.5],"texture":"#3"},"west":{"uv":[9.75,3.625,10,3.875],"texture":"#3"},"up":{"uv":[8.625,6.625,7.875,6.375],"texture":"#3"},"down":{"uv":[8.625,6.625,7.875,6.875],"texture":"#3"}}},{"from":[5.24264,17.24264,16.5],"to":[11.74264,19.24264,18.5],"rotation":{"angle":0,"axis":"y","origin":[15.99264,12.01798,8]},"faces":{"north":{"uv":[7,6.625,7.875,6.875],"texture":"#3"},"east":{"uv":[9.75,2.5,10,2.75],"texture":"#3"},"south":{"uv":[7,6.875,7.875,7.125],"texture":"#3"},"west":{"uv":[9.75,2.75,10,3],"texture":"#3"},"up":{"uv":[7.875,7.375,7,7.125],"texture":"#3"},"down":{"uv":[8.125,2.875,7.25,3.125],"texture":"#3"}}},{"from":[7.49985,22.72798,16.501],"to":[13.49985,24.72798,18.499],"rotation":{"angle":45,"axis":"z","origin":[15.99264,12.01798,8]},"faces":{"north":{"uv":[7.75,7.625,8.5,7.875],"texture":"#3"},"east":{"uv":[9.75,2,10,2.25],"texture":"#3"},"south":{"uv":[7.875,1.5,8.625,1.75],"texture":"#3"},"west":{"uv":[9.75,2.25,10,2.5],"texture":"#3"},"up":{"uv":[8.625,2,7.875,1.75],"texture":"#3"},"down":{"uv":[8.625,4.75,7.875,5],"texture":"#3"}}},{"from":[1,12,16.5],"to":[3,15,18.5],"rotation":{"angle":0,"axis":"y","origin":[15.99264,12.01798,8]},"faces":{"north":{"uv":[9.5,8.5,9.75,8.875],"texture":"#3"},"east":{"uv":[9.5,8.875,9.75,9.25],"texture":"#3"},"south":{"uv":[9.125,9.5,9.375,9.875],"texture":"#3"},"west":{"uv":[9.5,9.25,9.75,9.625],"texture":"#3"},"up":{"uv":[10,1.75,9.75,1.5],"texture":"#3"},"down":{"uv":[10,1.75,9.75,2],"texture":"#3"}}},{"from":[1,13,4.5],"to":[3,15,6.5],"rotation":{"angle":0,"axis":"y","origin":[15.99264,12.01798,8]},"faces":{"north":{"uv":[8.5,9.625,8.75,9.875],"texture":"#3"},"east":{"uv":[9.375,9.625,9.625,9.875],"texture":"#3"},"south":{"uv":[9.625,9.625,9.875,9.875],"texture":"#3"},"west":{"uv":[9.75,0,10,0.25],"texture":"#3"},"up":{"uv":[0.5,10,0.25,9.75],"texture":"#3"},"down":{"uv":[10,0.25,9.75,0.5],"texture":"#3"}}},{"from":[7.49985,22.72798,4.501],"to":[13.49985,24.72798,6.499],"rotation":{"angle":45,"axis":"z","origin":[15.99264,12.01798,8]},"faces":{"north":{"uv":[7.75,0.5,8.5,0.75],"texture":"#3"},"east":{"uv":[8,9.625,8.25,9.875],"texture":"#3"},"south":{"uv":[0.75,7.75,1.5,8],"texture":"#3"},"west":{"uv":[8.25,9.625,8.5,9.875],"texture":"#3"},"up":{"uv":[8.5,1,7.75,0.75],"texture":"#3"},"down":{"uv":[8.5,1,7.75,1.25],"texture":"#3"}}},{"from":[1,13,9.5],"to":[3,15,11.5],"rotation":{"angle":0,"axis":"y","origin":[15.99264,12.01798,8]},"faces":{"north":{"uv":[0.75,9.75,1,10],"texture":"#3"},"east":{"uv":[9.75,0.75,10,1],"texture":"#3"},"south":{"uv":[1,9.75,1.25,10],"texture":"#3"},"west":{"uv":[9.75,1,10,1.25],"texture":"#3"},"up":{"uv":[1.5,10,1.25,9.75],"texture":"#3"},"down":{"uv":[10,1.25,9.75,1.5],"texture":"#3"}}},{"from":[7.49985,22.72798,9.501],"to":[13.49985,24.72798,11.499],"rotation":{"angle":45,"axis":"z","origin":[15.99264,12.01798,8]},"faces":{"north":{"uv":[7.75,1.25,8.5,1.5],"texture":"#3"},"east":{"uv":[0.5,9.75,0.75,10],"texture":"#3"},"south":{"uv":[1.5,7.75,2.25,8],"texture":"#3"},"west":{"uv":[9.75,0.5,10,0.75],"texture":"#3"},"up":{"uv":[3,8,2.25,7.75],"texture":"#3"},"down":{"uv":[8.5,7.375,7.75,7.625],"texture":"#3"}}},{"from":[2.21447,12.0375,-0.5],"to":[4.21447,15,16.5],"rotation":{"angle":0,"axis":"y","origin":[15.99264,12.01798,8]},"faces":{"north":{"uv":[6.25,9.5,6.5,9.875],"texture":"#3"},"east":{"uv":[5.625,0,7.75,0.375],"texture":"#3"},"south":{"uv":[6.5,9.5,6.75,9.875],"texture":"#3"},"west":{"uv":[5.625,0.375,7.75,0.75],"texture":"#3"},"up":{"uv":[3,7.75,2.75,5.625],"texture":"#3"},"down":{"uv":[3.25,5.625,3,7.75],"texture":"#3"}}},{"from":[8.35861,21.86923,-0.5],"to":[13.35861,23.86923,16.5],"rotation":{"angle":45,"axis":"z","origin":[15.99264,12.01798,8]},"faces":{"north":{"uv":[0,8.25,0.625,8.5],"texture":"#3"},"east":{"uv":[5.75,1.625,7.875,1.875],"texture":"#3"},"south":{"uv":[7.375,8.25,8,8.5],"texture":"#3"},"west":{"uv":[5.75,1.875,7.875,2.125],"texture":"#3"},"up":{"uv":[4.625,7.375,4,5.25],"texture":"#3"},"down":{"uv":[5.25,5.25,4.625,7.375],"texture":"#3"}}},{"from":[5.75,16.53553,-0.5],"to":[11.25,18.53553,16.5],"rotation":{"angle":0,"axis":"y","origin":[15.99264,12.01798,8]},"faces":{"north":{"uv":[7.75,0,8.5,0.25],"texture":"#3"},"east":{"uv":[5.625,1.125,7.75,1.375],"texture":"#3"},"south":{"uv":[7.75,0.25,8.5,0.5],"texture":"#3"},"west":{"uv":[5.625,1.375,7.75,1.625],"texture":"#3"},"up":{"uv":[4,3.875,3.25,1.75],"texture":"#3"},"down":{"uv":[4,3.875,3.25,6],"texture":"#3"}}},{"from":[8.03048,11.27303,-0.5],"to":[13.03048,13.27303,16.5],"rotation":{"angle":-45,"axis":"z","origin":[15.99264,12.01798,8]},"faces":{"north":{"uv":[8,8.25,8.625,8.5],"texture":"#3"},"east":{"uv":[0.625,6,2.75,6.25],"texture":"#3"},"south":{"uv":[0.75,8.375,1.375,8.625],"texture":"#3"},"west":{"uv":[6,2.125,8.125,2.375],"texture":"#3"},"up":{"uv":[5.875,7.375,5.25,5.25],"texture":"#3"},"down":{"uv":[0.625,5.625,0,7.75],"texture":"#3"}}},{"from":[12.78553,12.0125,-0.5],"to":[14.78553,15,16.5],"rotation":{"angle":0,"axis":"y","origin":[15.99264,12.01798,8]},"faces":{"north":{"uv":[6.75,9.5,7,9.875],"texture":"#3"},"east":{"uv":[0.625,5.625,2.75,6],"texture":"#3"},"south":{"uv":[9.5,8.125,9.75,8.5],"texture":"#3"},"west":{"uv":[5.625,0.75,7.75,1.125],"texture":"#3"},"up":{"uv":[6,4.25,5.75,2.125],"texture":"#3"},"down":{"uv":[6.125,4.25,5.875,6.375],"texture":"#3"}}},{"from":[14.98528,12,-0.5],"to":[15.98528,13,16.5],"rotation":{"angle":0,"axis":"y","origin":[15.99264,12.01798,8]},"faces":{"north":{"uv":[2.625,7.5,2.75,7.625],"texture":"#3"},"east":{"uv":[6.125,6.125,8.25,6.25],"texture":"#3"},"south":{"uv":[7.5,4.75,7.625,4.875],"texture":"#3"},"west":{"uv":[0.625,6.25,2.75,6.375],"texture":"#3"},"up":{"uv":[6.375,6.125,6.25,4],"texture":"#3"},"down":{"uv":[6.25,6.25,6.125,8.375],"texture":"#3"}}},{"from":[0,10,6.5],"to":[1,14,9.5],"rotation":{"angle":0,"axis":"y","origin":[15.99264,12.01798,8]},"faces":{"north":{"uv":[5.75,4.25,5.875,4.75],"texture":"#3"},"east":{"uv":[5.25,7.375,5.625,7.875],"texture":"#3"},"south":{"uv":[5.75,4.75,5.875,5.25],"texture":"#3"},"west":{"uv":[0,7.75,0.375,8.25],"texture":"#3"},"up":{"uv":[3.625,7.25,3.5,6.875],"texture":"#3"},"down":{"uv":[3.625,7.25,3.5,7.625],"texture":"#3"}}},{"from":[1,12,-0.5],"to":[2,13,16.5],"rotation":{"angle":0,"axis":"y","origin":[15.99264,12.01798,8]},"faces":{"north":{"uv":[7.625,4.75,7.75,4.875],"texture":"#3"},"east":{"uv":[6.25,6.25,8.375,6.375],"texture":"#3"},"south":{"uv":[7.75,1.5,7.875,1.625],"texture":"#3"},"west":{"uv":[0.625,6.375,2.75,6.5],"texture":"#3"},"up":{"uv":[6.5,6.125,6.375,4],"texture":"#3"},"down":{"uv":[6,6.375,5.875,8.5],"texture":"#3"}}},{"from":[3,12,-2.5],"to":[14,13,-1.5],"rotation":{"angle":0,"axis":"y","origin":[15.99264,12.01798,8]},"faces":{"north":{"uv":[8.125,3,9.5,3.125],"texture":"#3"},"east":{"uv":[2.625,7.625,2.75,7.75],"texture":"#3"},"south":{"uv":[8.125,3.5,9.5,3.625],"texture":"#3"},"west":{"uv":[3.5,7.625,3.625,7.75],"texture":"#3"},"up":{"uv":[9.5,3.75,8.125,3.625],"texture":"#3"},"down":{"uv":[9.5,3.75,8.125,3.875],"texture":"#3"}}},{"from":[3,12,17.5],"to":[14,13,18.5],"rotation":{"angle":0,"axis":"y","origin":[15.99264,12.01798,8]},"faces":{"north":{"uv":[3,8.25,4.375,8.375],"texture":"#3"},"east":{"uv":[5.75,7.875,5.875,8],"texture":"#3"},"south":{"uv":[8.25,4,9.625,4.125],"texture":"#3"},"west":{"uv":[8,2,8.125,2.125],"texture":"#3"},"up":{"uv":[9.625,4.25,8.25,4.125],"texture":"#3"},"down":{"uv":[9.625,4.25,8.25,4.375],"texture":"#3"}}},{"from":[6.95625,14.06974,8.35385],"to":[8.95625,22.10724,10.35385],"rotation":{"angle":22.5,"axis":"x","origin":[15.99264,12.01798,8]},"faces":{"north":{"uv":[0.75,6.5,1,7.5],"texture":"#3"},"east":{"uv":[1,6.5,1.25,7.5],"texture":"#3"},"south":{"uv":[1.25,6.5,1.5,7.5],"texture":"#3"},"west":{"uv":[1.5,6.5,1.75,7.5],"texture":"#3"},"up":{"uv":[3.75,10.125,3.5,9.875],"texture":"#3"},"down":{"uv":[4,9.875,3.75,10.125],"texture":"#3"}}},{"from":[8.04375,15.31277,13.13318],"to":[8.04375,18.31277,17.13318],"rotation":{"angle":-45,"axis":"x","origin":[15.99264,12.01798,8]},"faces":{"north":{"uv":[0,0,0,0.375],"texture":"#3"},"east":{"uv":[3,7.75,3.5,8.125],"texture":"#3"},"south":{"uv":[0,0,0,0.375],"texture":"#3"},"west":{"uv":[3.5,7.75,3,8.125],"texture":"#3"},"up":{"uv":[0,0.5,0,0],"texture":"#3"},"down":{"uv":[0,0,0,0.5],"texture":"#3"}}},{"from":[6.95625,21.94555,3.32259],"to":[8.95625,23.94555,6.32259],"rotation":{"angle":22.5,"axis":"x","origin":[15.99264,12.01798,8]},"faces":{"north":{"uv":[9.875,3.875,10.125,4.125],"texture":"#3"},"east":{"uv":[8.625,6.625,9,6.875],"texture":"#3"},"south":{"uv":[4,9.875,4.25,10.125],"texture":"#3"},"west":{"uv":[9,3.25,9.375,3.5],"texture":"#3"},"up":{"uv":[9.875,5,9.625,4.625],"texture":"#3"},"down":{"uv":[9.875,5,9.625,5.375],"texture":"#3"}}},{"from":[8.04375,22.26175,10.84713],"to":[8.04375,26.26175,13.84713],"rotation":{"angle":0,"axis":"y","origin":[15.99264,12.01798,8]},"faces":{"north":{"uv":[0,0,0,0.5],"texture":"#3"},"east":{"uv":[7.875,6.875,8.25,7.375],"texture":"#3"},"south":{"uv":[0,0,0,0.5],"texture":"#3"},"west":{"uv":[7,7.875,7.375,8.375],"texture":"#3"},"up":{"uv":[0,0.375,0,0],"texture":"#3"},"down":{"uv":[0,0,0,0.375],"texture":"#3"}}},{"from":[6.95625,14.13218,16.37773],"to":[8.95625,18.13218,18.37773],"rotation":{"angle":-45,"axis":"x","origin":[15.99264,12.01798,8]},"faces":{"north":{"uv":[5.375,9.375,5.625,9.875],"texture":"#3"},"east":{"uv":[9.625,7.625,9.375,8.125],"texture":"#3"},"south":{"uv":[9.375,6.25,9.625,6.75],"texture":"#3"},"west":{"uv":[9.375,7.625,9.625,8.125],"texture":"#3"},"up":{"uv":[10.125,4.375,9.875,4.125],"texture":"#3"},"down":{"uv":[4.5,9.875,4.25,10.125],"texture":"#3"}}},{"from":[6.45625,16.85426,14.71569],"to":[9.45625,19.85426,17.71569],"rotation":{"angle":-22.5,"axis":"x","origin":[15.99264,12.01798,8]},"faces":{"north":{"uv":[2.125,8.5,2.5,8.875],"texture":"#3"},"east":{"uv":[5.875,8.5,6.25,8.875],"texture":"#3"},"south":{"uv":[7.25,8.5,7.625,8.875],"texture":"#3"},"west":{"uv":[8.5,7.25,8.875,7.625],"texture":"#3"},"up":{"uv":[8,8.875,7.625,8.5],"texture":"#3"},"down":{"uv":[8.375,8.5,8,8.875],"texture":"#3"}}},{"from":[6.45625,21.44242,14.51883],"to":[9.45625,24.44242,17.51883],"rotation":{"angle":0,"axis":"y","origin":[15.99264,12.01798,8]},"faces":{"north":{"uv":[8.375,8.5,8.75,8.875],"texture":"#3"},"east":{"uv":[0.5,8.625,0.875,9],"texture":"#3"},"south":{"uv":[0.875,8.625,1.25,9],"texture":"#3"},"west":{"uv":[8.625,1.5,9,1.875],"texture":"#3"},"up":{"uv":[9,2.25,8.625,1.875],"texture":"#3"},"down":{"uv":[2.875,8.625,2.5,9],"texture":"#3"}}},{"from":[6.95625,13.07034,18.31861],"to":[8.95625,15.07034,20.31861],"rotation":{"angle":-45,"axis":"x","origin":[15.99264,12.01798,8]},"faces":{"north":{"uv":[9.875,4.375,10.125,4.625],"texture":"#3"},"east":{"uv":[4.5,9.875,4.75,10.125],"texture":"#3"},"south":{"uv":[9.875,4.625,10.125,4.875],"texture":"#3"},"west":{"uv":[4.75,9.875,5,10.125],"texture":"#3"},"up":{"uv":[10.125,5.125,9.875,4.875],"texture":"#3"},"down":{"uv":[5.25,9.875,5,10.125],"texture":"#3"}}},{"from":[6.45625,21.44242,-1.51883],"to":[9.45625,24.44242,1.48117],"rotation":{"angle":0,"axis":"y","origin":[15.99264,12.01798,8]},"faces":{"north":{"uv":[6.625,8.75,7,9.125],"texture":"#3"},"east":{"uv":[8.75,8.5,9.125,8.875],"texture":"#3"},"south":{"uv":[2.125,8.875,2.5,9.25],"texture":"#3"},"west":{"uv":[5.875,8.875,6.25,9.25],"texture":"#3"},"up":{"uv":[7.625,9.25,7.25,8.875],"texture":"#3"},"down":{"uv":[9.25,7.25,8.875,7.625],"texture":"#3"}}},{"from":[6.95625,13.07034,-4.31861],"to":[8.95625,15.07034,-2.31861],"rotation":{"angle":45,"axis":"x","origin":[15.99264,12.01798,8]},"faces":{"north":{"uv":[9.875,6.125,10.125,6.375],"texture":"#3"},"east":{"uv":[6.375,9.875,6.625,10.125],"texture":"#3"},"south":{"uv":[9.875,6.375,10.125,6.625],"texture":"#3"},"west":{"uv":[6.625,9.875,6.875,10.125],"texture":"#3"},"up":{"uv":[10.125,6.875,9.875,6.625],"texture":"#3"},"down":{"uv":[7.125,9.875,6.875,10.125],"texture":"#3"}}},{"from":[8.04375,15.79045,17.49599],"to":[8.04375,18.79045,21.49599],"rotation":{"angle":-22.5,"axis":"x","origin":[15.99264,12.01798,8]},"faces":{"north":{"uv":[0,0,0,0.375],"texture":"#3"},"east":{"uv":[7.375,7.875,7.875,8.25],"texture":"#3"},"south":{"uv":[0,0,0,0.375],"texture":"#3"},"west":{"uv":[7.875,7.875,8.375,8.25],"texture":"#3"},"up":{"uv":[0,0.5,0,0],"texture":"#3"},"down":{"uv":[0,0,0,0.5],"texture":"#3"}}},{"from":[6.95625,14.06974,5.64615],"to":[8.95625,22.10724,7.64615],"rotation":{"angle":-22.5,"axis":"x","origin":[15.99264,12.01798,8]},"faces":{"north":{"uv":[1.75,6.5,2,7.5],"texture":"#3"},"east":{"uv":[2,6.5,2.25,7.5],"texture":"#3"},"south":{"uv":[2.25,6.5,2.5,7.5],"texture":"#3"},"west":{"uv":[2.5,6.5,2.75,7.5],"texture":"#3"},"up":{"uv":[10.125,5.375,9.875,5.125],"texture":"#3"},"down":{"uv":[5.5,9.875,5.25,10.125],"texture":"#3"}}},{"from":[8.04375,15.31277,-1.13318],"to":[8.04375,18.31277,2.86682],"rotation":{"angle":45,"axis":"x","origin":[15.99264,12.01798,8]},"faces":{"north":{"uv":[0,0,0,0.375],"texture":"#3"},"east":{"uv":[1.75,8,1.25,8.375],"texture":"#3"},"south":{"uv":[0,0,0,0.375],"texture":"#3"},"west":{"uv":[1.25,8,1.75,8.375],"texture":"#3"},"up":{"uv":[0,0.5,0,0],"texture":"#3"},"down":{"uv":[0,0,0,0.5],"texture":"#3"}}},{"from":[6.45625,19.36168,-2.07655],"to":[9.45625,22.36168,0.92345],"rotation":{"angle":45,"axis":"x","origin":[15.99264,12.01798,8]},"faces":{"north":{"uv":[2.875,8.625,3.25,9],"texture":"#3"},"east":{"uv":[3.25,8.625,3.625,9],"texture":"#3"},"south":{"uv":[3.625,8.625,4,9],"texture":"#3"},"west":{"uv":[4,8.625,4.375,9],"texture":"#3"},"up":{"uv":[9,5.125,8.625,4.75],"texture":"#3"},"down":{"uv":[9,5.125,8.625,5.5],"texture":"#3"}}},{"from":[6.95625,21.94555,9.67741],"to":[8.95625,23.94555,12.67741],"rotation":{"angle":-22.5,"axis":"x","origin":[15.99264,12.01798,8]},"faces":{"north":{"uv":[9.875,5.375,10.125,5.625],"texture":"#3"},"east":{"uv":[9,6.625,9.375,6.875],"texture":"#3"},"south":{"uv":[5.5,9.875,5.75,10.125],"texture":"#3"},"west":{"uv":[9.125,2.625,9.5,2.875],"texture":"#3"},"up":{"uv":[6.125,10,5.875,9.625],"texture":"#3"},"down":{"uv":[9.875,6,9.625,6.375],"texture":"#3"}}},{"from":[8.04375,22.26175,2.15287],"to":[8.04375,26.26175,5.15287],"rotation":{"angle":0,"axis":"y","origin":[15.99264,12.01798,8]},"faces":{"north":{"uv":[0,0,0,0.5],"texture":"#3"},"east":{"uv":[1.75,8,2.125,8.5],"texture":"#3"},"south":{"uv":[0,0,0,0.5],"texture":"#3"},"west":{"uv":[2.125,8,2.5,8.5],"texture":"#3"},"up":{"uv":[0,0.375,0,0],"texture":"#3"},"down":{"uv":[0,0,0,0.375],"texture":"#3"}}},{"from":[6.95625,14.13218,-2.37773],"to":[8.95625,18.13218,-0.37773],"rotation":{"angle":45,"axis":"x","origin":[15.99264,12.01798,8]},"faces":{"north":{"uv":[0,9.5,0.25,10],"texture":"#3"},"east":{"uv":[9.5,0,9.75,0.5],"texture":"#3"},"south":{"uv":[9.5,0.5,9.75,1],"texture":"#3"},"west":{"uv":[9.625,7.625,9.375,8.125],"texture":"#3"},"up":{"uv":[10.125,6.125,9.875,5.875],"texture":"#3"},"down":{"uv":[6.375,9.875,6.125,10.125],"texture":"#3"}}},{"from":[6.45625,16.85426,-1.71569],"to":[9.45625,19.85426,1.28431],"rotation":{"angle":22.5,"axis":"x","origin":[15.99264,12.01798,8]},"faces":{"north":{"uv":[8.625,6.25,9,6.625],"texture":"#3"},"east":{"uv":[8.625,8.125,9,8.5],"texture":"#3"},"south":{"uv":[8.75,0,9.125,0.375],"texture":"#3"},"west":{"uv":[8.75,0.375,9.125,0.75],"texture":"#3"},"up":{"uv":[9.125,1.125,8.75,0.75],"texture":"#3"},"down":{"uv":[6.625,8.75,6.25,9.125],"texture":"#3"}}},{"from":[8.04375,15.79045,-5.49599],"to":[8.04375,18.79045,-1.49599],"rotation":{"angle":22.5,"axis":"x","origin":[15.99264,12.01798,8]},"faces":{"north":{"uv":[0,0,0,0.375],"texture":"#3"},"east":{"uv":[3,7.75,3.5,8.125],"texture":"#3"},"south":{"uv":[0,0,0,0.375],"texture":"#3"},"west":{"uv":[3.5,8.125,3,7.75],"texture":"#3"},"up":{"uv":[0,0.5,0,0],"texture":"#3"},"down":{"uv":[0,0,0,0.5],"texture":"#3"}}},{"from":[2,12.00044,-1.5],"to":[15,12.87456,17.5],"rotation":{"angle":0,"axis":"y","origin":[15.99264,12.01798,8]},"faces":{"north":{"uv":[6.375,3.125,8,3.25],"texture":"#3"},"east":{"uv":[6,3.25,8.375,3.375],"texture":"#3"},"south":{"uv":[6.5,6,8.125,6.125],"texture":"#3"},"west":{"uv":[6,3.375,8.375,3.5],"texture":"#3"},"up":{"uv":[1.625,4.75,0,2.375],"texture":"#3"},"down":{"uv":[3.25,2.375,1.625,4.75],"texture":"#3"}}}],"gui_light":"front","display":{"thirdperson_righthand":{"rotation":[59.45,15.87,2.22],"translation":[0,2,0.5],"scale":[0.5,0.5,0.5]},"thirdperson_lefthand":{"rotation":[59.45,15.87,2.22],"translation":[0,2,0.5],"scale":[0.5,0.5,0.5]},"firstperson_righthand":{"rotation":[-167.36,55.77,164.26],"translation":[2,2,0],"scale":[0.4,0.4,0.4]},"firstperson_lefthand":{"rotation":[-167.36,55.77,164.26],"translation":[2,2,0],"scale":[0.4,0.4,0.4]},"ground":{"translation":[0,2.5,0],"scale":[0.5,0.5,0.5]},"gui":{"rotation":[0,-180,0],"scale":[0.7,0.7,0.7]},"head":{"translation":[0,-30.45,0],"scale":[1.6,1.6,1.6]},"fixed":{"rotation":[-90,-180,0],"translation":[0,0,-17],"scale":[2,2,2]}},"groups":[{"name":"Chest","origin":[8.5,8,16],"color":0,"children":[{"name":"Base","origin":[10,3.65,17],"color":6,"children":[0,1,2,3,4,5,6,7,8,9,10,11,12,13,14,15,16,17,18,{"name":"Legs","origin":[8.5,7.2162,13.96762],"color":0,"children":[19,20,21,22,23,24,25,26,27,28,29,30]}]},{"name":"Lid","origin":[7.73528,12.99264,15.50525],"color":6,"children":[31,32,33,34,35,36,37,38,39,40,41,42,43,44,45,46,47,{"name":"Topmat","origin":[15.28553,8.5,17],"color":0,"children":[48,49,50,51,52]},53,54,55,56,57,{"name":"Bow","origin":[8.99375,0,21.17393],"color":0,"children":[{"name":"group","origin":[9.49375,21.5,16.5],"color":0,"children":[58,59,60,61,62,63,64,65,66,67,68]},{"name":"group","origin":[9.49375,21.5,16.5],"color":0,"children":[69,70,71,72,73,74,75,76]}]},77]}]}]}