{
	"credit": "Made with Blockbench",
	"texture_size": [64, 64],
	"textures": {
		"0": "verdure:nature_bow_1",
		"particle": "verdure:nature_bow_1"
	},
	"elements": [
		{
			"from": [8, 3, -3],
			"to": [8, 6, 18],
			"rotation": {"angle": -22.5, "axis": "z", "origin": [8, 4.5, 7.5]},
			"faces": {
				"north": {"uv": [0, 0, 0, 0.75], "texture": "#0"},
				"east": {"uv": [0, 0, 5.25, 0.75], "texture": "#0"},
				"south": {"uv": [0, 0, 0, 0.75], "texture": "#0"},
				"west": {"uv": [0, 0.75, 5.25, 1.5], "texture": "#0"},
				"up": {"uv": [0, 5.25, 0, 0], "texture": "#0"},
				"down": {"uv": [0, 0, 0, 5.25], "texture": "#0"}
			}
		},
		{
			"from": [8, -9, 12],
			"to": [8, 6, 13],
			"rotation": {"angle": 22.5, "axis": "x", "origin": [8, -8, 12.5]},
			"faces": {
				"north": {"uv": [0, 0, 0, 6.5], "texture": "#0"},
				"east": {"uv": [0.5, 4.25, 0.75, 8], "texture": "#0"},
				"south": {"uv": [0, 0, 0, 6.5], "texture": "#0"},
				"west": {"uv": [0.75, 4.25, 1, 8], "texture": "#0"},
				"up": {"uv": [0, 0.25, 0, 0], "texture": "#0"},
				"down": {"uv": [0, 0, 0, 0.25], "texture": "#0"}
			}
		},
		{
			"from": [8, 3, 12],
			"to": [8, 18, 13],
			"rotation": {"angle": -22.5, "axis": "x", "origin": [8, 17, 12.5]},
			"faces": {
				"north": {"uv": [0, 0, 0, 6.5], "texture": "#0"},
				"east": {"uv": [0, 1.5, 0.25, 5.25], "texture": "#0"},
				"south": {"uv": [0, 0, 0, 6.5], "texture": "#0"},
				"west": {"uv": [0.25, 1.5, 0.5, 5.25], "texture": "#0"},
				"up": {"uv": [0, 0.25, 0, 0], "texture": "#0"},
				"down": {"uv": [0, 0, 0, 0.25], "texture": "#0"}
			}
		},
		{
			"from": [6.4625, -0.0237, 6.53873],
			"to": [9.4625, 2.9763, 9.53873],
			"rotation": {"angle": -45, "axis": "x", "origin": [7.9625, 1.4763, 8.03873]},
			"faces": {
				"north": {"uv": [4, 7.5, 4.75, 8.25], "texture": "#0"},
				"east": {"uv": [4.75, 7.5, 5.5, 8.25], "texture": "#0"},
				"south": {"uv": [6.25, 7.5, 7, 8.25], "texture": "#0"},
				"west": {"uv": [7, 7.5, 7.75, 8.25], "texture": "#0"},
				"up": {"uv": [8.5, 5.25, 7.75, 4.5], "texture": "#0"},
				"down": {"uv": [8.5, 5.25, 7.75, 6], "texture": "#0"}
			}
		},
		{
			"from": [8.05, -7.9648, 0.19021],
			"to": [8.05, -4.9648, 4.19021],
			"rotation": {"angle": -22.5, "axis": "x", "origin": [8.05, -6.4648, 1.69021]},
			"faces": {
				"north": {"uv": [0, 0, 0, 0.75], "texture": "#0"},
				"east": {"uv": [5.5, 3, 6.5, 3.75], "texture": "#0"},
				"south": {"uv": [0, 0, 0, 0.75], "texture": "#0"},
				"west": {"uv": [5.75, 3.75, 6.75, 4.5], "texture": "#0"},
				"up": {"uv": [0, 1, 0, 0], "texture": "#0"},
				"down": {"uv": [0, 0, 0, 1], "texture": "#0"}
			}
		},
		{
			"from": [6.4625, -4.60573, 1.23497],
			"to": [9.4625, -1.60573, 4.23497],
			"rotation": {"angle": 0, "axis": "y", "origin": [7.9625, -4.0158, 3.64661]},
			"faces": {
				"north": {"uv": [7.5, 1.5, 8.25, 2.25], "texture": "#0"},
				"east": {"uv": [1.75, 7.5, 2.5, 8.25], "texture": "#0"},
				"south": {"uv": [7.5, 2.25, 8.25, 3], "texture": "#0"},
				"west": {"uv": [2.5, 7.5, 3.25, 8.25], "texture": "#0"},
				"up": {"uv": [4, 8.25, 3.25, 7.5], "texture": "#0"},
				"down": {"uv": [8.25, 3.75, 7.5, 4.5], "texture": "#0"}
			}
		},
		{
			"from": [6.9635, -5.92488, 3.05976],
			"to": [8.9615, -3.92688, 6.05676],
			"rotation": {"angle": 45, "axis": "x", "origin": [7.9625, -4.92588, 4.55826]},
			"faces": {
				"north": {"uv": [6, 8.75, 6.5, 9.25], "texture": "#0"},
				"east": {"uv": [8.25, 4, 9, 4.5], "texture": "#0"},
				"south": {"uv": [8.75, 6, 9.25, 6.5], "texture": "#0"},
				"west": {"uv": [6, 8.25, 6.75, 8.75], "texture": "#0"},
				"up": {"uv": [5.5, 9, 5, 8.25], "texture": "#0"},
				"down": {"uv": [7.25, 8.25, 6.75, 9], "texture": "#0"}
			}
		},
		{
			"from": [8.05, -11.24677, 4.90824],
			"to": [8.05, -7.24677, 7.90824],
			"rotation": {"angle": 0, "axis": "y", "origin": [8.05, -9.99677, 6.40824]},
			"faces": {
				"north": {"uv": [0, 0, 0, 1], "texture": "#0"},
				"east": {"uv": [1, 5.5, 1.75, 6.5], "texture": "#0"},
				"south": {"uv": [0, 0, 0, 1], "texture": "#0"},
				"west": {"uv": [5.5, 4.75, 6.25, 5.75], "texture": "#0"},
				"up": {"uv": [0, 0.75, 0, 0], "texture": "#0"},
				"down": {"uv": [0, 0, 0, 0.75], "texture": "#0"}
			}
		},
		{
			"from": [8.05, -7.19022, 6.44336],
			"to": [8.05, -3.19022, 9.44336],
			"rotation": {"angle": 45, "axis": "x", "origin": [8, -5.00513, 8.9314]},
			"faces": {
				"north": {"uv": [0, 0, 0, 1], "texture": "#0"},
				"east": {"uv": [5.25, 1, 6, 2], "texture": "#0"},
				"south": {"uv": [0, 0, 0, 1], "texture": "#0"},
				"west": {"uv": [5.25, 2, 6, 3], "texture": "#0"},
				"up": {"uv": [0, 0.75, 0, 0], "texture": "#0"},
				"down": {"uv": [0, 0, 0, 0.75], "texture": "#0"}
			}
		},
		{
			"from": [7.95, -7.34712, 6.9805],
			"to": [7.95, -4.34712, 11.9805],
			"rotation": {"angle": -22.5, "axis": "x", "origin": [8, -5.00513, 8.9314]},
			"faces": {
				"north": {"uv": [0, 0, 0, 0.75], "texture": "#0"},
				"east": {"uv": [4, 1.5, 5.25, 2.25], "texture": "#0"},
				"south": {"uv": [0, 0, 0, 0.75], "texture": "#0"},
				"west": {"uv": [4, 2.25, 5.25, 3], "texture": "#0"},
				"up": {"uv": [0, 1.25, 0, 0], "texture": "#0"},
				"down": {"uv": [0, 0, 0, 1.25], "texture": "#0"}
			}
		},
		{
			"from": [6.4625, -12.19454, 8.62165],
			"to": [9.4625, -9.19454, 11.62165],
			"rotation": {"angle": -22.5, "axis": "x", "origin": [7.9625, -5.4263, 7.5803]},
			"faces": {
				"north": {"uv": [7, 6.75, 7.75, 7.5], "texture": "#0"},
				"east": {"uv": [1, 7.25, 1.75, 8], "texture": "#0"},
				"south": {"uv": [7.25, 3, 8, 3.75], "texture": "#0"},
				"west": {"uv": [5.5, 7.25, 6.25, 8], "texture": "#0"},
				"up": {"uv": [8.25, 0.75, 7.5, 0], "texture": "#0"},
				"down": {"uv": [8.25, 0.75, 7.5, 1.5], "texture": "#0"}
			}
		},
		{
			"from": [6.9625, -7.60275, 5.98344],
			"to": [8.9625, -5.60275, 9.98344],
			"rotation": {"angle": 45, "axis": "x", "origin": [7.9625, -5.4263, 7.5803]},
			"faces": {
				"north": {"uv": [8.75, 2.25, 9.25, 2.75], "texture": "#0"},
				"east": {"uv": [0.5, 8, 1.5, 8.5], "texture": "#0"},
				"south": {"uv": [3.25, 8.75, 3.75, 9.25], "texture": "#0"},
				"west": {"uv": [8, 3, 9, 3.5], "texture": "#0"},
				"up": {"uv": [6, 9, 5.5, 8], "texture": "#0"},
				"down": {"uv": [8.25, 8, 7.75, 9], "texture": "#0"}
			}
		},
		{
			"from": [6.9625, -8.35672, 8.96762],
			"to": [8.9625, -6.35672, 11.96762],
			"rotation": {"angle": 22.5, "axis": "x", "origin": [7.9625, -5.4263, 7.5803]},
			"faces": {
				"north": {"uv": [8.75, 1, 9.25, 1.5], "texture": "#0"},
				"east": {"uv": [3.25, 8.25, 4, 8.75], "texture": "#0"},
				"south": {"uv": [2, 8.75, 2.5, 9.25], "texture": "#0"},
				"west": {"uv": [8.25, 3.5, 9, 4], "texture": "#0"},
				"up": {"uv": [4.5, 9, 4, 8.25], "texture": "#0"},
				"down": {"uv": [5, 8.25, 4.5, 9], "texture": "#0"}
			}
		},
		{
			"from": [6.4625, -6.69551, 4.02144],
			"to": [9.4625, -3.69551, 7.02144],
			"rotation": {"angle": -22.5, "axis": "x", "origin": [7.9625, -5.4263, 7.5803]},
			"faces": {
				"north": {"uv": [4, 6.75, 4.75, 7.5], "texture": "#0"},
				"east": {"uv": [4.75, 6.75, 5.5, 7.5], "texture": "#0"},
				"south": {"uv": [6.25, 6.75, 7, 7.5], "texture": "#0"},
				"west": {"uv": [7, 4.5, 7.75, 5.25], "texture": "#0"},
				"up": {"uv": [7.75, 6, 7, 5.25], "texture": "#0"},
				"down": {"uv": [7.75, 6, 7, 6.75], "texture": "#0"}
			}
		},
		{
			"from": [6.9625, -6.51841, 4.93637],
			"to": [8.9625, 1.51909, 6.93637],
			"rotation": {"angle": 22.5, "axis": "x", "origin": [7.9625, -5.4263, 7.5803]},
			"faces": {
				"north": {"uv": [3, 1.5, 3.5, 3.5], "texture": "#0"},
				"east": {"uv": [1, 3.5, 1.5, 5.5], "texture": "#0"},
				"south": {"uv": [1.5, 3.5, 2, 5.5], "texture": "#0"},
				"west": {"uv": [3.5, 1.5, 4, 3.5], "texture": "#0"},
				"up": {"uv": [9, 6, 8.5, 5.5], "texture": "#0"},
				"down": {"uv": [8.75, 8.5, 8.25, 9], "texture": "#0"}
			}
		},
		{
			"from": [8.05, 16.24677, 4.90824],
			"to": [8.05, 20.24677, 7.90824],
			"rotation": {"angle": 0, "axis": "y", "origin": [8.05, 18.99677, 6.40824]},
			"faces": {
				"north": {"uv": [0, 0, 0, 1], "texture": "#0"},
				"east": {"uv": [4.75, 5, 5.5, 6], "texture": "#0"},
				"south": {"uv": [0, 0, 0, 1], "texture": "#0"},
				"west": {"uv": [5.25, 0, 6, 1], "texture": "#0"},
				"up": {"uv": [0, 0.75, 0, 0], "texture": "#0"},
				"down": {"uv": [0, 0, 0, 0.75], "texture": "#0"}
			}
		},
		{
			"from": [8.05, 12.19022, 6.44336],
			"to": [8.05, 16.19022, 9.44336],
			"rotation": {"angle": -45, "axis": "x", "origin": [8, 14.00513, 8.9314]},
			"faces": {
				"north": {"uv": [0, 0, 0, 1], "texture": "#0"},
				"east": {"uv": [5, 3.75, 5.75, 4.75], "texture": "#0"},
				"south": {"uv": [0, 0, 0, 1], "texture": "#0"},
				"west": {"uv": [4, 5, 4.75, 6], "texture": "#0"},
				"up": {"uv": [0, 0.75, 0, 0], "texture": "#0"},
				"down": {"uv": [0, 0, 0, 0.75], "texture": "#0"}
			}
		},
		{
			"from": [6.9625, 14.60275, 5.98344],
			"to": [8.9625, 16.60275, 9.98344],
			"rotation": {"angle": -45, "axis": "x", "origin": [7.9625, 14.4263, 7.5803]},
			"faces": {
				"north": {"uv": [8.5, 4.5, 9, 5], "texture": "#0"},
				"east": {"uv": [7.75, 6, 8.75, 6.5], "texture": "#0"},
				"south": {"uv": [8.5, 5, 9, 5.5], "texture": "#0"},
				"west": {"uv": [7.75, 6.5, 8.75, 7], "texture": "#0"},
				"up": {"uv": [8.25, 8, 7.75, 7], "texture": "#0"},
				"down": {"uv": [0.5, 8, 0, 9], "texture": "#0"}
			}
		},
		{
			"from": [6.9625, 15.35672, 8.96762],
			"to": [8.9625, 17.35672, 11.96762],
			"rotation": {"angle": -22.5, "axis": "x", "origin": [7.9625, 14.4263, 7.5803]},
			"faces": {
				"north": {"uv": [0.5, 8.5, 1, 9], "texture": "#0"},
				"east": {"uv": [8.25, 1.75, 9, 2.25], "texture": "#0"},
				"south": {"uv": [1, 8.5, 1.5, 9], "texture": "#0"},
				"west": {"uv": [2, 8.25, 2.75, 8.75], "texture": "#0"},
				"up": {"uv": [8.75, 3, 8.25, 2.25], "texture": "#0"},
				"down": {"uv": [3.25, 8.25, 2.75, 9], "texture": "#0"}
			}
		},
		{
			"from": [6.4625, 18.19454, 8.62165],
			"to": [9.4625, 21.19454, 11.62165],
			"rotation": {"angle": 22.5, "axis": "x", "origin": [7.9625, 14.4263, 7.5803]},
			"faces": {
				"north": {"uv": [6.75, 1.5, 7.5, 2.25], "texture": "#0"},
				"east": {"uv": [1.75, 6.75, 2.5, 7.5], "texture": "#0"},
				"south": {"uv": [6.75, 2.25, 7.5, 3], "texture": "#0"},
				"west": {"uv": [2.5, 6.75, 3.25, 7.5], "texture": "#0"},
				"up": {"uv": [4, 7.5, 3.25, 6.75], "texture": "#0"},
				"down": {"uv": [7.5, 3.75, 6.75, 4.5], "texture": "#0"}
			}
		},
		{
			"from": [6.9635, 12.92688, 3.05976],
			"to": [8.9615, 14.92488, 6.05676],
			"rotation": {"angle": -45, "axis": "x", "origin": [7.9625, 13.92588, 4.55826]},
			"faces": {
				"north": {"uv": [8.25, 7.5, 8.75, 8], "texture": "#0"},
				"east": {"uv": [8.25, 0, 9, 0.5], "texture": "#0"},
				"south": {"uv": [8.25, 8, 8.75, 8.5], "texture": "#0"},
				"west": {"uv": [8.25, 0.5, 9, 1], "texture": "#0"},
				"up": {"uv": [8.75, 1.75, 8.25, 1], "texture": "#0"},
				"down": {"uv": [2, 8.25, 1.5, 9], "texture": "#0"}
			}
		},
		{
			"from": [6.4625, 10.60573, 1.23497],
			"to": [9.4625, 13.60573, 4.23497],
			"rotation": {"angle": 0, "axis": "y", "origin": [7.9625, 13.0158, 3.64661]},
			"faces": {
				"north": {"uv": [6.25, 6, 7, 6.75], "texture": "#0"},
				"east": {"uv": [1, 6.5, 1.75, 7.25], "texture": "#0"},
				"south": {"uv": [6.5, 3, 7.25, 3.75], "texture": "#0"},
				"west": {"uv": [5.5, 6.5, 6.25, 7.25], "texture": "#0"},
				"up": {"uv": [7.5, 0.75, 6.75, 0], "texture": "#0"},
				"down": {"uv": [7.5, 0.75, 6.75, 1.5], "texture": "#0"}
			}
		},
		{
			"from": [6.9625, 1.48159, 7.06363],
			"to": [8.9625, 8.48159, 9.06363],
			"rotation": {"angle": 0, "axis": "y", "origin": [7.9625, 11.38801, 7.33632]},
			"faces": {
				"north": {"uv": [2, 4.25, 2.5, 6], "texture": "#0"},
				"east": {"uv": [2.5, 4.25, 3, 6], "texture": "#0"},
				"south": {"uv": [3, 4.25, 3.5, 6], "texture": "#0"},
				"west": {"uv": [3.5, 4.25, 4, 6], "texture": "#0"},
				"up": {"uv": [8.75, 7.5, 8.25, 7], "texture": "#0"},
				"down": {"uv": [7.75, 8.25, 7.25, 8.75], "texture": "#0"}
			}
		},
		{
			"from": [7.95, 13.34712, 6.9805],
			"to": [7.95, 16.34712, 11.9805],
			"rotation": {"angle": 22.5, "axis": "x", "origin": [8, 14.00513, 8.9314]},
			"faces": {
				"north": {"uv": [0, 0, 0, 0.75], "texture": "#0"},
				"east": {"uv": [2, 3.5, 3.25, 4.25], "texture": "#0"},
				"south": {"uv": [0, 0, 0, 0.75], "texture": "#0"},
				"west": {"uv": [3.25, 3.5, 4.5, 4.25], "texture": "#0"},
				"up": {"uv": [0, 1.25, 0, 0], "texture": "#0"},
				"down": {"uv": [0, 0, 0, 1.25], "texture": "#0"}
			}
		},
		{
			"from": [8.05, 13.9648, 0.19021],
			"to": [8.05, 16.9648, 4.19021],
			"rotation": {"angle": 22.5, "axis": "x", "origin": [8.05, 15.4648, 1.69021]},
			"faces": {
				"north": {"uv": [0, 0, 0, 0.75], "texture": "#0"},
				"east": {"uv": [4, 4.25, 5, 5], "texture": "#0"},
				"south": {"uv": [0, 0, 0, 0.75], "texture": "#0"},
				"west": {"uv": [4.5, 3, 5.5, 3.75], "texture": "#0"},
				"up": {"uv": [0, 1, 0, 0], "texture": "#0"},
				"down": {"uv": [0, 0, 0, 1], "texture": "#0"}
			}
		},
		{
			"from": [6.4625, 5.9763, 6.53873],
			"to": [9.4625, 8.9763, 9.53873],
			"rotation": {"angle": 45, "axis": "x", "origin": [7.9625, 7.4763, 8.03873]},
			"faces": {
				"north": {"uv": [2.5, 6, 3.25, 6.75], "texture": "#0"},
				"east": {"uv": [3.25, 6, 4, 6.75], "texture": "#0"},
				"south": {"uv": [4, 6, 4.75, 6.75], "texture": "#0"},
				"west": {"uv": [4.75, 6, 5.5, 6.75], "texture": "#0"},
				"up": {"uv": [7, 5.25, 6.25, 4.5], "texture": "#0"},
				"down": {"uv": [7, 5.25, 6.25, 6], "texture": "#0"}
			}
		},
		{
			"from": [6.4625, 12.69551, 4.02144],
			"to": [9.4625, 15.69551, 7.02144],
			"rotation": {"angle": 22.5, "axis": "x", "origin": [7.9625, 14.4263, 7.5803]},
			"faces": {
				"north": {"uv": [5.5, 5.75, 6.25, 6.5], "texture": "#0"},
				"east": {"uv": [6, 0, 6.75, 0.75], "texture": "#0"},
				"south": {"uv": [6, 0.75, 6.75, 1.5], "texture": "#0"},
				"west": {"uv": [6, 1.5, 6.75, 2.25], "texture": "#0"},
				"up": {"uv": [2.5, 6.75, 1.75, 6], "texture": "#0"},
				"down": {"uv": [6.75, 2.25, 6, 3], "texture": "#0"}
			}
		},
		{
			"from": [6.9625, 7.48091, 4.93637],
			"to": [8.9625, 15.51841, 6.93637],
			"rotation": {"angle": -22.5, "axis": "x", "origin": [7.9625, 14.4263, 7.5803]},
			"faces": {
				"north": {"uv": [1, 1.5, 1.5, 3.5], "texture": "#0"},
				"east": {"uv": [1.5, 1.5, 2, 3.5], "texture": "#0"},
				"south": {"uv": [2, 1.5, 2.5, 3.5], "texture": "#0"},
				"west": {"uv": [2.5, 1.5, 3, 3.5], "texture": "#0"},
				"up": {"uv": [4.5, 3.5, 4, 3], "texture": "#0"},
				"down": {"uv": [5, 3.75, 4.5, 4.25], "texture": "#0"}
			}
		}
	],
	"gui_light": "front",
	"display": {
		"thirdperson_righthand": {
			"translation": [0, 1.25, 2],
			"scale": [0.9, 0.9, 0.9]
		},
		"thirdperson_lefthand": {
			"translation": [0, 1.25, 2],
			"scale": [0.9, 0.9, 0.9]
		},
		"firstperson_righthand": {
			"rotation": [19.53, 15.08, 1.3],
			"translation": [2.5, 7, 0],
			"scale": [0.8, 0.8, 0.8]
		},
		"firstperson_lefthand": {
			"rotation": [23.46, -11.46, 3.18],
			"translation": [6, 6, 1.75],
			"scale": [0.8, 0.8, 0.8]
		},
		"ground": {
			"translation": [0, 15.75, 0]
		},
		"gui": {
			"rotation": [90, 45, 90],
			"translation": [-2, -0.75, -0.75],
			"scale": [0.65, 0.65, 0.65]
		},
		"fixed": {
			"rotation": [90, -45, -90],
			"translation": [2.25, -1, -1],
			"scale": [0.8, 0.8, 0.8]
		}
	}
}