{
	"credit": "Made with Blockbench",
	"texture_size": [32, 32],
	"textures": {
		"1": "verdure:rod_nature",
		"particle": "verdure:rod_nature"
	},
	"elements": [
		{
			"from": [7.0375, 7.41018, 6.93943],
			"to": [9.0375, 15.44768, 8.93943],
			"rotation": {"angle": 0, "axis": "y", "origin": [8.0375, 16.79615, 7.74778]},
			"faces": {
				"north": {"uv": [0, 0, 1, 4], "texture": "#1"},
				"east": {"uv": [1, 0, 2, 4], "texture": "#1"},
				"south": {"uv": [2, 0, 3, 4], "texture": "#1"},
				"west": {"uv": [3, 0, 4, 4], "texture": "#1"},
				"up": {"uv": [13, 1, 12, 0], "texture": "#1"},
				"down": {"uv": [2.5, 12, 1.5, 13], "texture": "#1"}
			}
		},
		{
			"from": [6.5375, 14.14822, 6.41453],
			"to": [9.5375, 17.14822, 9.41453],
			"rotation": {"angle": -45, "axis": "x", "origin": [8.0375, 15.64822, 7.91453]},
			"faces": {
				"north": {"uv": [0, 7.5, 1.5, 9], "texture": "#1"},
				"east": {"uv": [1.5, 7.5, 3, 9], "texture": "#1"},
				"south": {"uv": [3, 7.5, 4.5, 9], "texture": "#1"},
				"west": {"uv": [4.5, 7.5, 6, 9], "texture": "#1"},
				"up": {"uv": [9, 6.5, 7.5, 5], "texture": "#1"},
				"down": {"uv": [7.5, 7.5, 6, 9], "texture": "#1"}
			}
		},
		{
			"from": [6.5375, 5.9763, 6.46127],
			"to": [9.5375, 8.9763, 9.46127],
			"rotation": {"angle": 22.5, "axis": "x", "origin": [8.0375, 7.4763, 7.96127]},
			"faces": {
				"north": {"uv": [7.5, 6.5, 9, 8], "texture": "#1"},
				"east": {"uv": [8, 1.5, 9.5, 3], "texture": "#1"},
				"south": {"uv": [7.5, 8, 9, 9.5], "texture": "#1"},
				"west": {"uv": [8.5, 3, 10, 4.5], "texture": "#1"},
				"up": {"uv": [1.5, 10.5, 0.5, 9], "texture": "#1"},
				"down": {"uv": [10.5, 0, 9, 1.5], "texture": "#1"}
			}
		},
		{
			"from": [7.95, 16.39478, 8.97653],
			"to": [7.95, 19.39478, 12.97653],
			"rotation": {"angle": -45, "axis": "x", "origin": [7.95, 17.89478, 11.47653]},
			"faces": {
				"north": {"uv": [0, 0, 0.5, 1.5], "texture": "#1"},
				"east": {"uv": [3, 4, 5, 5.5], "texture": "#1"},
				"south": {"uv": [0, 0, 0.5, 1.5], "texture": "#1"},
				"west": {"uv": [5, 4, 3, 5.5], "texture": "#1"},
				"up": {"uv": [0, 2, 0.5, 0], "texture": "#1"},
				"down": {"uv": [0, 0, 0.5, 2], "texture": "#1"}
			}
		},
		{
			"from": [7.0375, 1.48159, 6.96127],
			"to": [9.0375, 8.48159, 8.96127],
			"rotation": {"angle": -22.5, "axis": "x", "origin": [8.0375, 7.52895, 7.94882]},
			"faces": {
				"north": {"uv": [0, 4, 1, 7.5], "texture": "#1"},
				"east": {"uv": [4, 0, 5, 3.5], "texture": "#1"},
				"south": {"uv": [1, 4, 2, 7.5], "texture": "#1"},
				"west": {"uv": [2, 4, 3, 7.5], "texture": "#1"},
				"up": {"uv": [3.5, 13, 2.5, 12], "texture": "#1"},
				"down": {"uv": [4.5, 12, 3.5, 13], "texture": "#1"}
			}
		},
		{
			"from": [6.5375, 11.77654, 8.81741],
			"to": [9.5375, 14.77654, 11.81741],
			"rotation": {"angle": -22.5, "axis": "x", "origin": [8.0375, 17.29615, 7.74778]},
			"faces": {
				"north": {"uv": [1.5, 9, 3, 10.5], "texture": "#1"},
				"east": {"uv": [3, 9, 4.5, 10.5], "texture": "#1"},
				"south": {"uv": [4.5, 9, 6, 10.5], "texture": "#1"},
				"west": {"uv": [9, 4.5, 10.5, 6], "texture": "#1"},
				"up": {"uv": [7.5, 10.5, 6, 9], "texture": "#1"},
				"down": {"uv": [10.5, 6, 9, 7.5], "texture": "#1"}
			}
		},
		{
			"from": [7.0375, 15.26864, 8.33077],
			"to": [9.0375, 17.26864, 11.33077],
			"rotation": {"angle": 22.5, "axis": "x", "origin": [8.0375, 17.29615, 7.74778]},
			"faces": {
				"north": {"uv": [12, 4, 13, 5], "texture": "#1"},
				"east": {"uv": [11, 1.5, 12.5, 2.5], "texture": "#1"},
				"south": {"uv": [4.5, 12, 5.5, 13], "texture": "#1"},
				"west": {"uv": [11, 10, 12.5, 11], "texture": "#1"},
				"up": {"uv": [12, 12.5, 11, 11], "texture": "#1"},
				"down": {"uv": [12.5, 2.5, 11.5, 4], "texture": "#1"}
			}
		},
		{
			"from": [6.5375, 20.66337, 2.3355],
			"to": [9.5375, 23.66337, 5.3355],
			"rotation": {"angle": 0, "axis": "y", "origin": [8.0375, 16.79615, 7.74778]},
			"faces": {
				"north": {"uv": [9, 7.5, 10.5, 9], "texture": "#1"},
				"east": {"uv": [9, 9, 10.5, 10.5], "texture": "#1"},
				"south": {"uv": [9.5, 1.5, 11, 3], "texture": "#1"},
				"west": {"uv": [7.5, 9.5, 9, 11], "texture": "#1"},
				"up": {"uv": [11.5, 4.5, 10, 3], "texture": "#1"},
				"down": {"uv": [1.5, 10.5, 0.5, 12], "texture": "#1"}
			}
		},
		{
			"from": [7.0375, 16.82717, 2.32107],
			"to": [9.0375, 18.82717, 5.32107],
			"rotation": {"angle": 45, "axis": "x", "origin": [8.0375, 16.79615, 7.74778]},
			"faces": {
				"north": {"uv": [12, 5, 13, 6], "texture": "#1"},
				"east": {"uv": [11.5, 6, 13, 7], "texture": "#1"},
				"south": {"uv": [5.5, 12, 6.5, 13], "texture": "#1"},
				"west": {"uv": [11.5, 7, 13, 8], "texture": "#1"},
				"up": {"uv": [12.5, 9.5, 11.5, 8], "texture": "#1"},
				"down": {"uv": [1, 12, 0.5, 13.5], "texture": "#1"}
			}
		},
		{
			"from": [7.0375, 15.81538, 6.69553],
			"to": [9.0375, 19.81538, 8.69553],
			"rotation": {"angle": -22.5, "axis": "x", "origin": [8.0375, 16.79615, 7.74778]},
			"faces": {
				"north": {"uv": [10.5, 6, 11.5, 8], "texture": "#1"},
				"east": {"uv": [10.5, 8, 11.5, 10], "texture": "#1"},
				"south": {"uv": [9, 10.5, 10, 12.5], "texture": "#1"},
				"west": {"uv": [10, 10.5, 11, 12.5], "texture": "#1"},
				"up": {"uv": [7.5, 13, 6.5, 12], "texture": "#1"},
				"down": {"uv": [13, 11, 12, 12], "texture": "#1"}
			}
		},
		{
			"from": [7.95, 17.24677, 6.84176],
			"to": [7.95, 21.24677, 9.84176],
			"rotation": {"angle": 22.5, "axis": "x", "origin": [7.95, 18.24677, 9.34176]},
			"faces": {
				"north": {"uv": [0, 0, 0.5, 2], "texture": "#1"},
				"east": {"uv": [5, 1.5, 6.5, 3.5], "texture": "#1"},
				"south": {"uv": [0, 0, 0.5, 2], "texture": "#1"},
				"west": {"uv": [5, 3.5, 6.5, 5.5], "texture": "#1"},
				"up": {"uv": [0, 1.5, 0.5, 0], "texture": "#1"},
				"down": {"uv": [0, 0, 0.5, 1.5], "texture": "#1"}
			}
		},
		{
			"from": [7.95, -2.99677, 8.34176],
			"to": [7.95, 1.00323, 11.34176],
			"rotation": {"angle": 0, "axis": "y", "origin": [7.95, -9.99677, 9.59176]},
			"faces": {
				"north": {"uv": [0, 0, 0.5, 2], "texture": "#1"},
				"east": {"uv": [3, 5.5, 4.5, 7.5], "texture": "#1"},
				"south": {"uv": [0, 0, 0.5, 2], "texture": "#1"},
				"west": {"uv": [4.5, 5.5, 6, 7.5], "texture": "#1"},
				"up": {"uv": [0, 1.5, 0.5, 0], "texture": "#1"},
				"down": {"uv": [0, 0, 0.5, 1.5], "texture": "#1"}
			}
		},
		{
			"from": [7.95, -3.77346, 6.34785],
			"to": [7.95, -0.77346, 10.34785],
			"rotation": {"angle": 45, "axis": "x", "origin": [7.95, -6.27346, 13.84785]},
			"faces": {
				"north": {"uv": [0, 0, 0.5, 1.5], "texture": "#1"},
				"east": {"uv": [6.5, 3.5, 8.5, 5], "texture": "#1"},
				"south": {"uv": [0, 0, 0.5, 1.5], "texture": "#1"},
				"west": {"uv": [7, 0, 9, 1.5], "texture": "#1"},
				"up": {"uv": [0, 2, 0.5, 0], "texture": "#1"},
				"down": {"uv": [0, 0, 0.5, 2], "texture": "#1"}
			}
		},
		{
			"from": [6.5375, 1.75788, 10.73749],
			"to": [9.5375, 4.75788, 13.73749],
			"rotation": {"angle": 22.5, "axis": "x", "origin": [8.0375, 7.52895, 7.94882]},
			"faces": {
				"north": {"uv": [10.5, 0, 12, 1.5], "texture": "#1"},
				"east": {"uv": [1.5, 10.5, 3, 12], "texture": "#1"},
				"south": {"uv": [3, 10.5, 4.5, 12], "texture": "#1"},
				"west": {"uv": [4.5, 10.5, 6, 12], "texture": "#1"},
				"up": {"uv": [12, 6, 10.5, 4.5], "texture": "#1"},
				"down": {"uv": [7.5, 10.5, 6, 12], "texture": "#1"}
			}
		},
		{
			"from": [8, 9.25, 5],
			"to": [8, 16.25, 6],
			"rotation": {"angle": 0, "axis": "y", "origin": [8.5, 0, 3]},
			"faces": {
				"north": {"uv": [0, 0, 0.5, 3.5], "texture": "#1"},
				"east": {"uv": [7.5, 11, 8, 14.5], "texture": "#1"},
				"south": {"uv": [0, 0, 0.5, 3.5], "texture": "#1"},
				"west": {"uv": [8, 11, 8.5, 14.5], "texture": "#1"},
				"up": {"uv": [0, 0.5, 0.5, 0], "texture": "#1"},
				"down": {"uv": [0, 0, 0.5, 0.5], "texture": "#1"}
			}
		},
		{
			"from": [8, 7.04289, 5.91421],
			"to": [8, 10.04289, 6.91421],
			"rotation": {"angle": -45, "axis": "x", "origin": [8, 8.54289, 6.41421]},
			"faces": {
				"north": {"uv": [0, 0, 0.5, 1.5], "texture": "#1"},
				"east": {"uv": [12.5, 8, 13, 9.5], "texture": "#1"},
				"south": {"uv": [0, 0, 0.5, 1.5], "texture": "#1"},
				"west": {"uv": [9, 12.5, 9.5, 14], "texture": "#1"},
				"up": {"uv": [0, 0.5, 0.5, 0], "texture": "#1"},
				"down": {"uv": [0, 0, 0.5, 0.5], "texture": "#1"}
			}
		},
		{
			"from": [8, 18.01222, 2.85926],
			"to": [8, 24.01222, 3.85926],
			"rotation": {"angle": -22.5, "axis": "x", "origin": [8, 22.51222, 9.35926]},
			"faces": {
				"north": {"uv": [0, 0, 0.5, 3], "texture": "#1"},
				"east": {"uv": [8.5, 11, 9, 14], "texture": "#1"},
				"south": {"uv": [0, 0, 0.5, 3], "texture": "#1"},
				"west": {"uv": [1, 12, 1.5, 15], "texture": "#1"},
				"up": {"uv": [0, 0.5, 0.5, 0], "texture": "#1"},
				"down": {"uv": [0, 0, 0.5, 0.5], "texture": "#1"}
			}
		}
	],
	"gui_light": "front",
	"display": {
		"thirdperson_righthand": {
			"rotation": [26.75, 0, 0],
			"translation": [0, 1.25, 2],
			"scale": [0.9, 0.9, 0.9]
		},
		"thirdperson_lefthand": {
			"translation": [0, 1.25, 2],
			"scale": [0.9, 0.9, 0.9]
		},
		"firstperson_righthand": {
			"rotation": [-52.75, -4.75, 0],
			"translation": [2.5, 3.75, 2],
			"scale": [0.7, 0.7, 0.7]
		},
		"firstperson_lefthand": {
			"rotation": [-52.75, -4.75, 0],
			"translation": [2.5, 3.75, 2],
			"scale": [0.7, 0.7, 0.7]
		},
		"ground": {
			"translation": [0, 2, 0]
		},
		"gui": {
			"rotation": [-90, -65, -90],
			"translation": [-1, -1.5, -0.25],
			"scale": [0.75, 0.75, 0.75]
		},
		"fixed": {
			"rotation": [-90, 65, 90],
			"translation": [1.25, -1.75, -0.25],
			"scale": [0.9, 0.9, 0.9]
		}
	},
	"groups": [
		{
			"name": "Bow",
			"origin": [7.5, 0, 12],
			"color": 0,
			"children": [0, 1, 2, 3, 4, 5, 6, 7, 8, 9, 10, 11, 12, 13, 14, 15, 16]
		}
	]
}