{
	"credit": "Made with Blockbench",
	"texture_size": [64, 64],
	"textures": {
		"1": "verdure:shield_nature",
		"particle": "verdure:shield_nature"
	},
	"elements": [
		{
			"from": [7.0375, -0.51909, 7.06363],
			"to": [9.0375, 7.51841, 9.06363],
			"rotation": {"angle": 0, "axis": "y", "origin": [8.0375, 11.01841, 8.06363]},
			"faces": {
				"north": {"uv": [0, 4, 0.5, 6], "texture": "#1"},
				"east": {"uv": [0.5, 4, 1, 6], "texture": "#1"},
				"south": {"uv": [1, 4, 1.5, 6], "texture": "#1"},
				"west": {"uv": [1.5, 4, 2, 6], "texture": "#1"},
				"up": {"uv": [9, 8, 8.5, 7.5], "texture": "#1"},
				"down": {"uv": [0.5, 8.75, 0, 9.25], "texture": "#1"}
			}
		},
		{
			"from": [6.5375, 6.21894, 6.53873],
			"to": [9.5375, 9.21894, 9.53873],
			"rotation": {"angle": 45, "axis": "x", "origin": [8.0375, 7.71894, 8.03873]},
			"faces": {
				"north": {"uv": [5.25, 0, 6, 0.75], "texture": "#1"},
				"east": {"uv": [5.25, 0.75, 6, 1.5], "texture": "#1"},
				"south": {"uv": [5.25, 1.5, 6, 2.25], "texture": "#1"},
				"west": {"uv": [5.25, 2.25, 6, 3], "texture": "#1"},
				"up": {"uv": [6, 3.75, 5.25, 3], "texture": "#1"},
				"down": {"uv": [6, 3.75, 5.25, 4.5], "texture": "#1"}
			}
		},
		{
			"from": [6.5375, -3.0237, 6.53873],
			"to": [9.5375, -0.0237, 9.53873],
			"rotation": {"angle": 45, "axis": "x", "origin": [8.0375, -1.5237, 8.03873]},
			"faces": {
				"north": {"uv": [1.5, 6, 2.25, 6.75], "texture": "#1"},
				"east": {"uv": [6, 1.5, 6.75, 2.25], "texture": "#1"},
				"south": {"uv": [2.25, 6, 3, 6.75], "texture": "#1"},
				"west": {"uv": [6, 2.25, 6.75, 3], "texture": "#1"},
				"up": {"uv": [6.75, 3.75, 6, 3], "texture": "#1"},
				"down": {"uv": [6.75, 3.75, 6, 4.5], "texture": "#1"}
			}
		},
		{
			"from": [6.5375, 4.53273, 0.70107],
			"to": [9.5375, 7.53273, 3.70107],
			"rotation": {"angle": 22.5, "axis": "x", "origin": [8.0375, 7.34897, 4.30863]},
			"faces": {
				"north": {"uv": [5.25, 4.5, 6, 5.25], "texture": "#1"},
				"east": {"uv": [5.25, 5.25, 6, 6], "texture": "#1"},
				"south": {"uv": [0, 6, 0.75, 6.75], "texture": "#1"},
				"west": {"uv": [6, 0, 6.75, 0.75], "texture": "#1"},
				"up": {"uv": [1.5, 6.75, 0.75, 6], "texture": "#1"},
				"down": {"uv": [6.75, 0.75, 6, 1.5], "texture": "#1"}
			}
		},
		{
			"from": [7.9, -8.2021, 4.1824],
			"to": [7.9, 7.7979, 7.1824],
			"rotation": {"angle": 0, "axis": "y", "origin": [7.9, -2.2021, 4.6824]},
			"faces": {
				"north": {"uv": [0, 0, 0, 4], "texture": "#1"},
				"east": {"uv": [0, 0, 0.75, 4], "texture": "#1"},
				"south": {"uv": [0, 0, 0, 4], "texture": "#1"},
				"west": {"uv": [0.75, 0, 1.5, 4], "texture": "#1"},
				"up": {"uv": [0, 0.75, 0, 0], "texture": "#1"},
				"down": {"uv": [0, 0, 0, 0.75], "texture": "#1"}
			}
		},
		{
			"from": [7.9, -5.2021, 1.1824],
			"to": [7.9, 7.7979, 4.1824],
			"rotation": {"angle": 0, "axis": "y", "origin": [7.9, 1.2979, 2.6824]},
			"faces": {
				"north": {"uv": [0, 0, 0, 3.25], "texture": "#1"},
				"east": {"uv": [3, 0, 3.75, 3.25], "texture": "#1"},
				"south": {"uv": [0, 0, 0, 3.25], "texture": "#1"},
				"west": {"uv": [3, 3.25, 3.75, 6.5], "texture": "#1"},
				"up": {"uv": [0, 0.75, 0, 0], "texture": "#1"},
				"down": {"uv": [0, 0, 0, 0.75], "texture": "#1"}
			}
		},
		{
			"from": [7.9, -8.2021, 8.8176],
			"to": [7.9, 7.7979, 11.8176],
			"rotation": {"angle": 0, "axis": "y", "origin": [7.9, -2.2021, 11.3176]},
			"faces": {
				"north": {"uv": [0, 0, 0, 4], "texture": "#1"},
				"east": {"uv": [1.5, 0, 2.25, 4], "texture": "#1"},
				"south": {"uv": [0, 0, 0, 4], "texture": "#1"},
				"west": {"uv": [2.25, 0, 3, 4], "texture": "#1"},
				"up": {"uv": [0, 0.75, 0, 0], "texture": "#1"},
				"down": {"uv": [0, 0, 0, 0.75], "texture": "#1"}
			}
		},
		{
			"from": [7.9, -5.2021, 11.8176],
			"to": [7.9, 7.7979, 14.8176],
			"rotation": {"angle": 0, "axis": "y", "origin": [7.9, -2.2021, 11.3176]},
			"faces": {
				"north": {"uv": [0, 0, 0, 3.25], "texture": "#1"},
				"east": {"uv": [3.75, 0, 4.5, 3.25], "texture": "#1"},
				"south": {"uv": [0, 0, 0, 3.25], "texture": "#1"},
				"west": {"uv": [3.75, 3.25, 4.5, 6.5], "texture": "#1"},
				"up": {"uv": [0, 0.75, 0, 0], "texture": "#1"},
				"down": {"uv": [0, 0, 0, 0.75], "texture": "#1"}
			}
		},
		{
			"from": [7.0405, 6.28819, 4.86334],
			"to": [9.0345, 8.28219, 8.85134],
			"rotation": {"angle": 22.5, "axis": "x", "origin": [8.0375, 7.75849, 8]},
			"faces": {
				"north": {"uv": [7, 8.5, 7.5, 9], "texture": "#1"},
				"east": {"uv": [4.5, 7.5, 5.5, 8], "texture": "#1"},
				"south": {"uv": [7.5, 8.5, 8, 9], "texture": "#1"},
				"west": {"uv": [7.5, 4.5, 8.5, 5], "texture": "#1"},
				"up": {"uv": [8, 6, 7.5, 5], "texture": "#1"},
				"down": {"uv": [6, 7.5, 5.5, 8.5], "texture": "#1"}
			}
		},
		{
			"from": [7.0395, 6.95183, 2.79426],
			"to": [9.0355, 8.94783, 5.78826],
			"rotation": {"angle": -22.5, "axis": "x", "origin": [8.0375, 7.94983, 4.29126]},
			"faces": {
				"north": {"uv": [5.5, 8.5, 6, 9], "texture": "#1"},
				"east": {"uv": [8, 6.5, 8.75, 7], "texture": "#1"},
				"south": {"uv": [8.5, 5.75, 9, 6.25], "texture": "#1"},
				"west": {"uv": [8, 7, 8.75, 7.5], "texture": "#1"},
				"up": {"uv": [7, 8.75, 6.5, 8], "texture": "#1"},
				"down": {"uv": [8.5, 7.5, 8, 8.25], "texture": "#1"}
			}
		},
		{
			"from": [7.0405, 6.28819, 7.14866],
			"to": [9.0345, 8.28219, 11.13666],
			"rotation": {"angle": -22.5, "axis": "x", "origin": [8.0375, 7.75849, 8]},
			"faces": {
				"north": {"uv": [8.75, 1.75, 9.25, 2.25], "texture": "#1"},
				"east": {"uv": [6, 7.5, 7, 8], "texture": "#1"},
				"south": {"uv": [8.75, 3.5, 9.25, 4], "texture": "#1"},
				"west": {"uv": [7.5, 6, 8.5, 6.5], "texture": "#1"},
				"up": {"uv": [8, 7.5, 7.5, 6.5], "texture": "#1"},
				"down": {"uv": [7.5, 7.5, 7, 8.5], "texture": "#1"}
			}
		},
		{
			"from": [7.0395, 6.95183, 10.21174],
			"to": [9.0355, 8.94783, 13.20574],
			"rotation": {"angle": 22.5, "axis": "x", "origin": [8.0375, 7.94983, 11.70874]},
			"faces": {
				"north": {"uv": [8.75, 0.5, 9.25, 1], "texture": "#1"},
				"east": {"uv": [0, 8.25, 0.75, 8.75], "texture": "#1"},
				"south": {"uv": [1.25, 8.75, 1.75, 9.25], "texture": "#1"},
				"west": {"uv": [8.25, 0, 9, 0.5], "texture": "#1"},
				"up": {"uv": [8.75, 1.25, 8.25, 0.5], "texture": "#1"},
				"down": {"uv": [1.25, 8.25, 0.75, 9], "texture": "#1"}
			}
		},
		{
			"from": [6.5375, 5.43945, 12.6422],
			"to": [9.5375, 8.43945, 15.6422],
			"rotation": {"angle": -22.5, "axis": "x", "origin": [8.0375, 6.93945, 14.1422]},
			"faces": {
				"north": {"uv": [4.5, 6, 5.25, 6.75], "texture": "#1"},
				"east": {"uv": [6, 4.5, 6.75, 5.25], "texture": "#1"},
				"south": {"uv": [5.25, 6, 6, 6.75], "texture": "#1"},
				"west": {"uv": [6, 5.25, 6.75, 6], "texture": "#1"},
				"up": {"uv": [6.75, 6.75, 6, 6], "texture": "#1"},
				"down": {"uv": [3.75, 6.5, 3, 7.25], "texture": "#1"}
			}
		},
		{
			"from": [4.04544, 1.50914, 7.06608],
			"to": [7.03944, 3.50514, 9.06208],
			"rotation": {"angle": 0, "axis": "y", "origin": [4.225, 2.50714, 8.06297]},
			"faces": {
				"north": {"uv": [8, 8.25, 8.75, 8.75], "texture": "#1"},
				"east": {"uv": [9, 1, 9.5, 1.5], "texture": "#1"},
				"south": {"uv": [8.5, 4.25, 9.25, 4.75], "texture": "#1"},
				"west": {"uv": [1.75, 9, 2.25, 9.5], "texture": "#1"},
				"up": {"uv": [9.25, 5.25, 8.5, 4.75], "texture": "#1"},
				"down": {"uv": [9.25, 5.25, 8.5, 5.75], "texture": "#1"}
			}
		},
		{
			"from": [1.79421, 1.00714, 5.63061],
			"to": [4.79421, 4.00714, 8.63061],
			"rotation": {"angle": 45, "axis": "y", "origin": [4.225, 2.50714, 8.06297]},
			"faces": {
				"north": {"uv": [1.5, 7.5, 2.25, 8.25], "texture": "#1"},
				"east": {"uv": [7.5, 1.5, 8.25, 2.25], "texture": "#1"},
				"south": {"uv": [2.25, 7.5, 3, 8.25], "texture": "#1"},
				"west": {"uv": [7.5, 2.25, 8.25, 3], "texture": "#1"},
				"up": {"uv": [8.25, 3.75, 7.5, 3], "texture": "#1"},
				"down": {"uv": [8.25, 3.75, 7.5, 4.5], "texture": "#1"}
			}
		},
		{
			"from": [7.925, 7.47317, 0.0979],
			"to": [7.925, 11.47317, 3.0979],
			"rotation": {"angle": -45, "axis": "x", "origin": [7.925, 10.72317, 2.0979]},
			"faces": {
				"north": {"uv": [0, 0, 0, 1], "texture": "#1"},
				"east": {"uv": [2, 4, 2.75, 5], "texture": "#1"},
				"south": {"uv": [0, 0, 0, 1], "texture": "#1"},
				"west": {"uv": [4.5, 0, 5.25, 1], "texture": "#1"},
				"up": {"uv": [0, 0.75, 0, 0], "texture": "#1"},
				"down": {"uv": [0, 0, 0, 0.75], "texture": "#1"}
			}
		},
		{
			"from": [7.925, 7.47317, 12.6521],
			"to": [7.925, 11.47317, 15.6521],
			"rotation": {"angle": 45, "axis": "x", "origin": [7.925, 10.72317, 13.9021]},
			"faces": {
				"north": {"uv": [0, 0, 0, 1], "texture": "#1"},
				"east": {"uv": [4.5, 1, 5.25, 2], "texture": "#1"},
				"south": {"uv": [0, 0, 0, 1], "texture": "#1"},
				"west": {"uv": [4.5, 2, 5.25, 3], "texture": "#1"},
				"up": {"uv": [0, 0.75, 0, 0], "texture": "#1"},
				"down": {"uv": [0, 0, 0, 0.75], "texture": "#1"}
			}
		},
		{
			"from": [7.95, 9.36962, 3.5646],
			"to": [7.95, 13.36962, 6.5646],
			"rotation": {"angle": -22.5, "axis": "x", "origin": [7.95, 11.36962, 7.0646]},
			"faces": {
				"north": {"uv": [0, 0, 0, 1], "texture": "#1"},
				"east": {"uv": [4.5, 3, 5.25, 4], "texture": "#1"},
				"south": {"uv": [0, 0, 0, 1], "texture": "#1"},
				"west": {"uv": [4.5, 4, 5.25, 5], "texture": "#1"},
				"up": {"uv": [0, 0.75, 0, 0], "texture": "#1"},
				"down": {"uv": [0, 0, 0, 0.75], "texture": "#1"}
			}
		},
		{
			"from": [8.05, 9.36962, 9.4354],
			"to": [8.05, 13.36962, 12.4354],
			"rotation": {"angle": 22.5, "axis": "x", "origin": [8.05, 11.36962, 8.9354]},
			"faces": {
				"north": {"uv": [0, 0, 0, 1], "texture": "#1"},
				"east": {"uv": [2, 5, 2.75, 6], "texture": "#1"},
				"south": {"uv": [0, 0, 0, 1], "texture": "#1"},
				"west": {"uv": [4.5, 5, 5.25, 6], "texture": "#1"},
				"up": {"uv": [0, 0.75, 0, 0], "texture": "#1"},
				"down": {"uv": [0, 0, 0, 0.75], "texture": "#1"}
			}
		},
		{
			"from": [6.4, -10.90606, 2.72195],
			"to": [9.4, -7.90606, 5.72195],
			"rotation": {"angle": 22.5, "axis": "x", "origin": [7.9, -9.40606, 4.22195]},
			"faces": {
				"north": {"uv": [7.5, 0, 6.75, 0.75], "texture": "#1"},
				"east": {"uv": [0.75, 6.75, 0, 7.5], "texture": "#1"},
				"south": {"uv": [4.5, 6.5, 3.75, 7.25], "texture": "#1"},
				"west": {"uv": [1.5, 6.75, 0.75, 7.5], "texture": "#1"},
				"up": {"uv": [7.5, 0.75, 6.75, 1.5], "texture": "#1"},
				"down": {"uv": [2.25, 7.5, 1.5, 6.75], "texture": "#1"}
			}
		},
		{
			"from": [6.903, -9.21467, 3.21931],
			"to": [8.897, -5.22667, 5.21331],
			"rotation": {"angle": 0, "axis": "y", "origin": [7.9, -5.90408, 2.90218]},
			"faces": {
				"north": {"uv": [4, 8, 3.5, 9], "texture": "#1"},
				"east": {"uv": [3.5, 8, 3, 9], "texture": "#1"},
				"south": {"uv": [8, 7.5, 7.5, 8.5], "texture": "#1"},
				"west": {"uv": [4.5, 8, 4, 9], "texture": "#1"},
				"up": {"uv": [9.25, 6.25, 8.75, 6.75], "texture": "#1"},
				"down": {"uv": [7, 9.25, 6.5, 8.75], "texture": "#1"}
			}
		},
		{
			"from": [6.902, -5.78107, 1.05483],
			"to": [8.898, -3.78507, 4.04883],
			"rotation": {"angle": 45, "axis": "x", "origin": [7.9, -5.90408, 2.90218]},
			"faces": {
				"north": {"uv": [8.5, 8.75, 8, 9.25], "texture": "#1"},
				"east": {"uv": [2, 8.25, 1.25, 8.75], "texture": "#1"},
				"south": {"uv": [9.25, 6.75, 8.75, 7.25], "texture": "#1"},
				"west": {"uv": [9, 1.25, 8.25, 1.75], "texture": "#1"},
				"up": {"uv": [8.75, 1.75, 8.25, 2.5], "texture": "#1"},
				"down": {"uv": [2.5, 9, 2, 8.25], "texture": "#1"}
			}
		},
		{
			"from": [6.4, -4.5021, 0.0824],
			"to": [9.4, -1.5021, 3.0824],
			"rotation": {"angle": -22.5, "axis": "x", "origin": [7.9, -3.0021, 1.5824]},
			"faces": {
				"north": {"uv": [7.5, 2.25, 6.75, 3], "texture": "#1"},
				"east": {"uv": [3, 6.75, 2.25, 7.5], "texture": "#1"},
				"south": {"uv": [7.5, 1.5, 6.75, 2.25], "texture": "#1"},
				"west": {"uv": [7.5, 3, 6.75, 3.75], "texture": "#1"},
				"up": {"uv": [7.5, 3.75, 6.75, 4.5], "texture": "#1"},
				"down": {"uv": [5.25, 7.5, 4.5, 6.75], "texture": "#1"}
			}
		},
		{
			"from": [6.4, -4.5021, 12.9176],
			"to": [9.4, -1.5021, 15.9176],
			"rotation": {"angle": 22.5, "axis": "x", "origin": [7.9, -3.0021, 14.4176]},
			"faces": {
				"north": {"uv": [6.75, 1.5, 7.5, 2.25], "texture": "#1"},
				"east": {"uv": [2.25, 6.75, 3, 7.5], "texture": "#1"},
				"south": {"uv": [6.75, 2.25, 7.5, 3], "texture": "#1"},
				"west": {"uv": [6.75, 3, 7.5, 3.75], "texture": "#1"},
				"up": {"uv": [7.5, 4.5, 6.75, 3.75], "texture": "#1"},
				"down": {"uv": [5.25, 6.75, 4.5, 7.5], "texture": "#1"}
			}
		},
		{
			"from": [6.4, -10.90606, 10.27805],
			"to": [9.4, -7.90606, 13.27805],
			"rotation": {"angle": -22.5, "axis": "x", "origin": [7.9, -9.40606, 11.77805]},
			"faces": {
				"north": {"uv": [3.75, 6.5, 4.5, 7.25], "texture": "#1"},
				"east": {"uv": [0, 6.75, 0.75, 7.5], "texture": "#1"},
				"south": {"uv": [6.75, 0, 7.5, 0.75], "texture": "#1"},
				"west": {"uv": [0.75, 6.75, 1.5, 7.5], "texture": "#1"},
				"up": {"uv": [7.5, 1.5, 6.75, 0.75], "texture": "#1"},
				"down": {"uv": [2.25, 6.75, 1.5, 7.5], "texture": "#1"}
			}
		},
		{
			"from": [6.903, -9.21467, 10.78669],
			"to": [8.897, -5.22667, 12.78069],
			"rotation": {"angle": 0, "axis": "y", "origin": [7.9, -5.90408, 13.09782]},
			"faces": {
				"north": {"uv": [7.5, 7.5, 8, 8.5], "texture": "#1"},
				"east": {"uv": [3, 8, 3.5, 9], "texture": "#1"},
				"south": {"uv": [3.5, 8, 4, 9], "texture": "#1"},
				"west": {"uv": [4, 8, 4.5, 9], "texture": "#1"},
				"up": {"uv": [9.25, 6.75, 8.75, 6.25], "texture": "#1"},
				"down": {"uv": [7, 8.75, 6.5, 9.25], "texture": "#1"}
			}
		},
		{
			"from": [6.902, -5.78107, 11.95117],
			"to": [8.898, -3.78507, 14.94517],
			"rotation": {"angle": -45, "axis": "x", "origin": [7.9, -5.90408, 13.09782]},
			"faces": {
				"north": {"uv": [8.75, 6.75, 9.25, 7.25], "texture": "#1"},
				"east": {"uv": [1.25, 8.25, 2, 8.75], "texture": "#1"},
				"south": {"uv": [8, 8.75, 8.5, 9.25], "texture": "#1"},
				"west": {"uv": [8.25, 1.25, 9, 1.75], "texture": "#1"},
				"up": {"uv": [8.75, 2.5, 8.25, 1.75], "texture": "#1"},
				"down": {"uv": [2.5, 8.25, 2, 9], "texture": "#1"}
			}
		}
	],
	"gui_light": "front",
	"display": {
		"thirdperson_righthand": {
			"translation": [3.5, 3, 0.25],
			"scale": [0.9, 0.9, 0.9]
		},
		"thirdperson_lefthand": {
			"rotation": [0, -180, 0],
			"translation": [3.5, 3, 0.25],
			"scale": [0.9, 0.9, 0.9]
		},
		"firstperson_righthand": {
			"rotation": [-90, 81, 90],
			"translation": [-3, 7.5, 0.75],
			"scale": [0.8, 0.8, 0.8]
		},
		"firstperson_lefthand": {
			"rotation": [-90, 81, 90],
			"translation": [-2.25, 6.25, 0.75],
			"scale": [0.8, 0.8, 0.8]
		},
		"ground": {
			"translation": [0, 17.75, 0]
		},
		"gui": {
			"rotation": [180, -90, -180],
			"translation": [0.25, 5, -1.25],
			"scale": [0.7, 0.7, 0.7]
		},
		"fixed": {
			"rotation": [90, 90, -90],
			"translation": [0, 6.75, -1.25],
			"scale": [0.8, 0.8, 0.8]
		}
	},
	"groups": [
		{
			"name": "group",
			"origin": [7.9, -5.90408, 13.09782],
			"color": 0,
			"children": [0, 1, 2, 3, 4, 5, 6, 7, 8, 9, 10, 11, 12, 13, 14, 15, 16, 17, 18, 19, 20, 21, 22, 23, 24, 25, 26]
		}
	]
}