{"credit":"MadewithBlockbench","texture_size":[64,64],"textures":{"0":"verdure:sword_nature","particle":"verdure:sword_nature"},"elements":[{"from":[6.5,-9.85237,6.42469],"to":[9.5,-6.85237,9.42469],"rotation":{"angle":-45,"axis":"x","origin":[8,-8.35237,7.92469]},"faces":{"north":{"uv":[8,7.5,8.75,8.25],"texture":"#0"},"east":{"uv":[8.25,2.75,9,3.5],"texture":"#0"},"south":{"uv":[8.25,3.5,9,4.25],"texture":"#0"},"west":{"uv":[8,8.25,8.75,9],"texture":"#0"},"up":{"uv":[9.25,5,8.5,4.25],"texture":"#0"},"down":{"uv":[9.25,5,8.5,5.75],"texture":"#0"}}},{"from":[8.0875,-12.7838,8.53238],"to":[8.0875,-8.7838,11.53238],"rotation":{"angle":-22.5,"axis":"x","origin":[8.0875,-10.7838,10.03238]},"faces":{"north":{"uv":[0,0,0,1],"texture":"#0"},"east":{"uv":[7,5,7.75,6],"texture":"#0"},"south":{"uv":[0,0,0,1],"texture":"#0"},"west":{"uv":[7,5,7.75,6],"texture":"#0"},"up":{"uv":[0,0.75,0,0],"texture":"#0"},"down":{"uv":[0,0,0,0.75],"texture":"#0"}}},{"from":[8.0875,-12.7838,4.46762],"to":[8.0875,-8.7838,7.46762],"rotation":{"angle":22.5,"axis":"x","origin":[8.0875,-10.7838,5.96762]},"faces":{"north":{"uv":[0,0,0,1],"texture":"#0"},"east":{"uv":[7,4,7.75,5],"texture":"#0"},"south":{"uv":[0,0,0,1],"texture":"#0"},"west":{"uv":[7,4,7.75,5],"texture":"#0"},"up":{"uv":[0,0.75,0,0],"texture":"#0"},"down":{"uv":[0,0,0,0.75],"texture":"#0"}}},{"from":[6.5,1.62795,12.01881],"to":[9.5,4.62795,15.01881],"rotation":{"angle":-22.5,"axis":"x","origin":[8,3.12795,13.51881]},"faces":{"north":{"uv":[8.75,6.5,9.5,7.25],"texture":"#0"},"east":{"uv":[7,8.75,7.75,9.5],"texture":"#0"},"south":{"uv":[8.75,7.25,9.5,8],"texture":"#0"},"west":{"uv":[8.75,8,9.5,8.75],"texture":"#0"},"up":{"uv":[9.5,9.5,8.75,8.75],"texture":"#0"},"down":{"uv":[9.75,2.25,9,3],"texture":"#0"}}},{"from":[6.5,1.62795,0.98119],"to":[9.5,4.62795,3.98119],"rotation":{"angle":22.5,"axis":"x","origin":[8,3.12795,2.48119]},"faces":{"north":{"uv":[5.5,8.5,6.25,9.25],"texture":"#0"},"east":{"uv":[8.5,5.75,9.25,6.5],"texture":"#0"},"south":{"uv":[8.75,0,9.5,0.75],"texture":"#0"},"west":{"uv":[8.75,0.75,9.5,1.5],"texture":"#0"},"up":{"uv":[9.5,2.25,8.75,1.5],"texture":"#0"},"down":{"uv":[7,8.75,6.25,9.5],"texture":"#0"}}},{"from":[6.5,-1.0237,6.46127],"to":[9.5,1.9763,9.46127],"rotation":{"angle":-45,"axis":"x","origin":[8,0.4763,7.96127]},"faces":{"north":{"uv":[5.5,7.75,6.25,8.5],"texture":"#0"},"east":{"uv":[7.75,5.75,8.5,6.5],"texture":"#0"},"south":{"uv":[8,0.5,8.75,1.25],"texture":"#0"},"west":{"uv":[8,1.25,8.75,2],"texture":"#0"},"up":{"uv":[8.75,2.75,8,2],"texture":"#0"},"down":{"uv":[7,8,6.25,8.75],"texture":"#0"}}},{"from":[7.25,6.21894,6.46127],"to":[8.75,9.21894,9.46127],"rotation":{"angle":45,"axis":"x","origin":[8,7.71894,7.96127]},"faces":{"north":{"uv":[9.75,3.75,9.25,4.5],"rotation":180,"texture":"#0"},"east":{"uv":[7.75,4.25,8.5,5],"rotation":270,"texture":"#0"},"south":{"uv":[8.75,9.75,8.25,9],"texture":"#0"},"west":{"uv":[7.75,5,8.5,5.75],"rotation":90,"texture":"#0"},"up":{"uv":[7,8,7.5,8.75],"rotation":180,"texture":"#0"},"down":{"uv":[9,3,9.5,3.75],"texture":"#0"}}},{"from":[7.5,1.48159,6.93637],"to":[8.5,8.48159,8.93637],"rotation":{"angle":0,"axis":"y","origin":[8,11.38801,8.66368]},"faces":{"north":{"uv":[7.75,8.75,8,10.5],"texture":"#0"},"east":{"uv":[5.5,5,6,6.75],"texture":"#0"},"south":{"uv":[8,9,8.25,10.75],"texture":"#0"},"west":{"uv":[6,5,6.5,6.75],"texture":"#0"},"up":{"uv":[6.5,4,6.25,3.5],"texture":"#0"},"down":{"uv":[6.5,4,6.25,4.5],"texture":"#0"}}},{"from":[7,-7.51841,6.93637],"to":[9,-0.51841,8.93637],"rotation":{"angle":0,"axis":"y","origin":[8,2.38801,8.66368]},"faces":{"north":{"uv":[6.25,0,6.75,1.75],"texture":"#0"},"east":{"uv":[6.25,1.75,6.75,3.5],"texture":"#0"},"south":{"uv":[6.5,3.5,7,5.25],"texture":"#0"},"west":{"uv":[6.5,5.25,7,7],"texture":"#0"},"up":{"uv":[10,7.5,9.5,7],"texture":"#0"},"down":{"uv":[10,7.5,9.5,8],"texture":"#0"}}},{"from":[7,0.67585,3.6607],"to":[9,2.67585,8.6607],"rotation":{"angle":22.5,"axis":"x","origin":[8,2.02103,4.1784]},"faces":{"north":{"uv":[7.75,6.5,8.25,7],"texture":"#0"},"east":{"uv":[6.25,7,7.5,7.5],"texture":"#0"},"south":{"uv":[8.25,6.5,8.75,7],"texture":"#0"},"west":{"uv":[7.5,0,8.75,0.5],"texture":"#0"},"up":{"uv":[8,1.75,7.5,0.5],"texture":"#0"},"down":{"uv":[8,1.75,7.5,3],"texture":"#0"}}},{"from":[7,0.58013,2.21489],"to":[9,2.58013,4.21489],"rotation":{"angle":45,"axis":"x","origin":[8,2.02103,4.1784]},"faces":{"north":{"uv":[9.25,4.5,9.75,5],"texture":"#0"},"east":{"uv":[9.25,5,9.75,5.5],"texture":"#0"},"south":{"uv":[5.5,9.25,6,9.75],"texture":"#0"},"west":{"uv":[9.25,5.5,9.75,6],"texture":"#0"},"up":{"uv":[9.75,6.5,9.25,6],"texture":"#0"},"down":{"uv":[10,0,9.5,0.5],"texture":"#0"}}},{"from":[7.00505,2.39585,1.7764],"to":[8.99495,3.80122,3.18176],"rotation":{"angle":0,"axis":"y","origin":[8,2.02103,4.1784]},"faces":{"north":{"uv":[9.5,2,10,2.25],"texture":"#0"},"east":{"uv":[6.25,4.5,6.5,4.75],"texture":"#0"},"south":{"uv":[9.5,3.5,10,3.75],"texture":"#0"},"west":{"uv":[6.25,4.75,6.5,5],"texture":"#0"},"up":{"uv":[10,8.25,9.5,8],"texture":"#0"},"down":{"uv":[10,8.25,9.5,8.5],"texture":"#0"}}},{"from":[7,0.67585,7.3393],"to":[9,2.67585,12.3393],"rotation":{"angle":-22.5,"axis":"x","origin":[8,2.02103,11.8216]},"faces":{"north":{"uv":[9.5,6.5,10,7],"texture":"#0"},"east":{"uv":[6.25,7.5,7.5,8],"texture":"#0"},"south":{"uv":[7,9.5,7.5,10],"texture":"#0"},"west":{"uv":[7.5,7,8.75,7.5],"texture":"#0"},"up":{"uv":[8,8.75,7.5,7.5],"texture":"#0"},"down":{"uv":[8.25,3,7.75,4.25],"texture":"#0"}}},{"from":[7,0.58013,11.78511],"to":[9,2.58013,13.78511],"rotation":{"angle":-45,"axis":"x","origin":[8,2.02103,11.8216]},"faces":{"north":{"uv":[9.5,0.5,10,1],"texture":"#0"},"east":{"uv":[9.5,1,10,1.5],"texture":"#0"},"south":{"uv":[9.5,1.5,10,2],"texture":"#0"},"west":{"uv":[9.5,3,10,3.5],"texture":"#0"},"up":{"uv":[6.5,10,6,9.5],"texture":"#0"},"down":{"uv":[7,9.5,6.5,10],"texture":"#0"}}},{"from":[7.00505,2.39585,12.81824],"to":[8.99495,3.80122,14.2236],"rotation":{"angle":0,"axis":"y","origin":[8,2.02103,11.8216]},"faces":{"north":{"uv":[9.5,8.5,10,8.75],"texture":"#0"},"east":{"uv":[6.75,3,7,3.25],"texture":"#0"},"south":{"uv":[8.75,9.5,9.25,9.75],"texture":"#0"},"west":{"uv":[6.75,3.25,7,3.5],"texture":"#0"},"up":{"uv":[10,9,9.5,8.75],"texture":"#0"},"down":{"uv":[10,9,9.5,9.25],"texture":"#0"}}},{"from":[8.0875,-2.19801,12.77503],"to":[8.0875,1.80199,15.77503],"rotation":{"angle":-45,"axis":"x","origin":[8.0875,-0.19801,14.27503]},"faces":{"north":{"uv":[0,0,0,1],"texture":"#0"},"east":{"uv":[6.75,0,7.5,1],"texture":"#0"},"south":{"uv":[0,0,0,1],"texture":"#0"},"west":{"uv":[6.75,0,7.5,1],"texture":"#0"},"up":{"uv":[0,0.75,0,0],"texture":"#0"},"down":{"uv":[0,0,0,0.75],"texture":"#0"}}},{"from":[7.9875,-4.3658,9.79636],"to":[7.9875,0.6342,12.79636],"rotation":{"angle":-22.5,"axis":"x","origin":[7.9875,-1.8658,11.29636]},"faces":{"north":{"uv":[0,0,0,1.25],"texture":"#0"},"east":{"uv":[5.5,0,6.25,1.25],"texture":"#0"},"south":{"uv":[0,0,0,1.25],"texture":"#0"},"west":{"uv":[6.25,0,5.5,1.25],"texture":"#0"},"up":{"uv":[0,0.75,0,0],"texture":"#0"},"down":{"uv":[0,0,0,0.75],"texture":"#0"}}},{"from":[7.9875,-4.3658,3.20364],"to":[7.9875,0.6342,6.20364],"rotation":{"angle":22.5,"axis":"x","origin":[7.9875,-1.8658,4.70364]},"faces":{"north":{"uv":[0,0,0,1.25],"texture":"#0"},"east":{"uv":[6.25,3.75,5.5,5],"texture":"#0"},"south":{"uv":[0,0,0,1.25],"texture":"#0"},"west":{"uv":[5.5,3.75,6.25,5],"texture":"#0"},"up":{"uv":[0,0.75,0,0],"texture":"#0"},"down":{"uv":[0,0,0,0.75],"texture":"#0"}}},{"from":[8.0875,-2.19801,0.22497],"to":[8.0875,1.80199,3.22497],"rotation":{"angle":45,"axis":"x","origin":[8.0875,-0.19801,1.72497]},"faces":{"north":{"uv":[0,0,0,1],"texture":"#0"},"east":{"uv":[6.75,0,7.5,1],"texture":"#0"},"south":{"uv":[0,0,0,1],"texture":"#0"},"west":{"uv":[5.5,6.75,6.25,7.75],"texture":"#0"},"up":{"uv":[0,0.75,0,0],"texture":"#0"},"down":{"uv":[0,0,0,0.75],"texture":"#0"}}},{"from":[7.89,1.45065,0.01129],"to":[8.11,21.45065,20.01129],"rotation":{"angle":45,"axis":"x","origin":[8,13.46194,8]},"faces":{"north":{"uv":[5,0,5.25,5],"texture":"#0"},"east":{"uv":[0,0,5,5],"texture":"#0"},"south":{"uv":[5,5,5.25,10],"texture":"#0"},"west":{"uv":[0,5,5,10],"texture":"#0"},"up":{"uv":[5.5,5,5.25,0],"texture":"#0"},"down":{"uv":[5.5,5,5.25,10],"texture":"#0"}}}],"gui_light":"front","display":{"thirdperson_righthand":{"translation":[0,9.25,2],"scale":[0.9,0.9,0.9]},"thirdperson_lefthand":{"translation":[0,9.25,2],"scale":[0.9,0.9,0.9]},"firstperson_righthand":{"rotation":[-167.25,5.25,-180],"translation":[3,4.75,-0.5],"scale":[0.8,0.8,0.8]},"firstperson_lefthand":{"rotation":[-167.25,5.25,-180],"translation":[3,4.75,-0.5],"scale":[0.8,0.8,0.8]},"ground":{"translation":[0,11.25,0],"scale":[0.9,0.9,0.9]},"gui":{"rotation":[-90,-45,-90],"translation":[1,1.25,-1],"scale":[0.65,0.65,0.65]},"fixed":{"rotation":[-90,45,90],"translation":[-1.25,1.25,-1],"scale":[0.8,0.8,0.8]}},"groups":[{"name":"group","origin":[8,13.46194,8],"color":0,"children":[0,1,2,3,4,5,6,7,8,9,10,11,12,13,14,15,16,17,18,19]}]}