{"credit":"mctowncraft,QQ:1447709546","texture_size":[64,64],"textures":{"0":"mctownfurniture:furniture11/mctown_market_barrel","particle":"mctownfurniture:furniture11/mctown_market_barrel"},"elements":[{"from":[2,0,2],"to":[14,16,14],"faces":{"north":{"uv":[3,3,6,7],"texture":"#0"},"east":{"uv":[0,3,3,7],"texture":"#0"},"south":{"uv":[9,3,12,7],"texture":"#0"},"west":{"uv":[6,3,9,7],"texture":"#0"},"up":{"uv":[6,3,3,0],"texture":"#0"},"down":{"uv":[9,0,6,3],"texture":"#0"}}}],"display":{"thirdperson_righthand":{"rotation":[60,-160,0],"translation":[0,3.25,0],"scale":[0.6,0.6,0.6]},"thirdperson_lefthand":{"rotation":[60,-160,0],"translation":[0,3.25,0],"scale":[0.6,0.6,0.6]},"firstperson_righthand":{"rotation":[0,-73,6],"translation":[0,-0.75,0],"scale":[0.5,0.5,0.5]},"firstperson_lefthand":{"rotation":[0,-73,6],"translation":[0,-0.75,0],"scale":[0.5,0.5,0.5]},"ground":{"translation":[0,1.5,0],"scale":[0.35,0.35,0.35]},"gui":{"rotation":[30,-40,0],"scale":[0.55,0.55,0.55]},"head":{"translation":[0,-30.4,0],"scale":[1.6,1.6,1.6]},"fixed":{"rotation":[-90,0,0],"translation":[0,0,-15],"scale":[2,2,2]}}}