{"credit":"MadewithBlockbench","texture_size":[128,128],"textures":{"0":"modern:modern_armchair_double","particle":"modern:modern_armchair_double"},"elements":[{"from":[-2,0,1],"to":[1,1,15],"faces":{"north":{"uv":[4.375,8.5,4.75,8.625],"texture":"#0"},"east":{"uv":[2.625,8.5,4.375,8.625],"texture":"#0"},"south":{"uv":[6.5,8.5,6.875,8.625],"texture":"#0"},"west":{"uv":[4.75,8.5,6.5,8.625],"texture":"#0"},"up":{"uv":[4.75,8.5,4.375,6.75],"texture":"#0"},"down":{"uv":[5.125,6.75,4.75,8.5],"texture":"#0"}}},{"from":[1,2,0],"to":[15,4,16],"faces":{"north":{"uv":[2,2,3.75,2.25],"texture":"#0"},"east":{"uv":[0,2,2,2.25],"texture":"#0"},"south":{"uv":[5.75,2,7.5,2.25],"texture":"#0"},"west":{"uv":[3.75,2,5.75,2.25],"texture":"#0"},"up":{"uv":[3.75,2,2,0],"texture":"#0"},"down":{"uv":[5.5,0,3.75,2],"texture":"#0"}}},{"from":[1.5,4,0.5],"to":[14.5,5,15.5],"faces":{"north":{"uv":[1.875,4.25,3.5,4.375],"texture":"#0"},"east":{"uv":[0,4.25,1.875,4.375],"texture":"#0"},"south":{"uv":[5.375,4.25,7,4.375],"texture":"#0"},"west":{"uv":[3.5,4.25,5.375,4.375],"texture":"#0"},"up":{"uv":[3.5,4.25,1.875,2.375],"texture":"#0"},"down":{"uv":[5.125,2.375,3.5,4.25],"texture":"#0"}}},{"from":[1,5,4],"to":[15,8,16],"faces":{"north":{"uv":[1.5,6,3.25,6.375],"texture":"#0"},"east":{"uv":[0,6,1.5,6.375],"texture":"#0"},"south":{"uv":[4.75,6,6.5,6.375],"texture":"#0"},"west":{"uv":[3.25,6,4.75,6.375],"texture":"#0"},"up":{"uv":[3.25,6,1.5,4.5],"texture":"#0"},"down":{"uv":[5,4.5,3.25,6],"texture":"#0"}}},{"from":[1,5,0],"to":[15,18,4],"faces":{"north":{"uv":[6.625,6.5,8.375,8.125],"texture":"#0"},"east":{"uv":[6.125,6.5,6.625,8.125],"texture":"#0"},"south":{"uv":[8.875,6.5,10.625,8.125],"texture":"#0"},"west":{"uv":[8.375,6.5,8.875,8.125],"texture":"#0"},"up":{"uv":[8.375,6.5,6.625,6],"texture":"#0"},"down":{"uv":[10.125,6,8.375,6.5],"texture":"#0"}}},{"from":[-2,10,1],"to":[1,11,15],"faces":{"north":{"uv":[7.125,4.5,7.5,4.625],"texture":"#0"},"east":{"uv":[5.375,4.5,7.125,4.625],"texture":"#0"},"south":{"uv":[9.25,4.5,9.625,4.625],"texture":"#0"},"west":{"uv":[7.5,4.5,9.25,4.625],"texture":"#0"},"up":{"uv":[7.5,4.5,7.125,2.75],"texture":"#0"},"down":{"uv":[7.875,2.75,7.5,4.5],"texture":"#0"}}},{"from":[-2,0,0],"to":[1,11,1],"faces":{"north":{"uv":[5.75,0.125,6.125,1.5],"texture":"#0"},"east":{"uv":[5.625,0.125,5.75,1.5],"texture":"#0"},"south":{"uv":[6.25,0.125,6.625,1.5],"texture":"#0"},"west":{"uv":[6.125,0.125,6.25,1.5],"texture":"#0"},"up":{"uv":[6.125,0.125,5.75,0],"texture":"#0"},"down":{"uv":[6.5,0,6.125,0.125],"texture":"#0"}}},{"from":[-2,0,15],"to":[1,11,16],"faces":{"north":{"uv":[0.125,0.125,0.5,1.5],"texture":"#0"},"east":{"uv":[0,0.125,0.125,1.5],"texture":"#0"},"south":{"uv":[0.625,0.125,1,1.5],"texture":"#0"},"west":{"uv":[0.5,0.125,0.625,1.5],"texture":"#0"},"up":{"uv":[0.5,0.125,0.125,0],"texture":"#0"},"down":{"uv":[0.875,0,0.5,0.125],"texture":"#0"}}},{"from":[15,2,0],"to":[29,4,16],"rotation":{"angle":0,"axis":"y","origin":[16,0,0]},"faces":{"north":{"uv":[3.75,2,2,2.25],"texture":"#0"},"east":{"uv":[5.75,2,3.75,2.25],"texture":"#0"},"south":{"uv":[7.5,2,5.75,2.25],"texture":"#0"},"west":{"uv":[2,2,0,2.25],"texture":"#0"},"up":{"uv":[2,2,3.75,0],"texture":"#0"},"down":{"uv":[3.75,0,5.5,2],"texture":"#0"}}},{"from":[15.5,4,0.5],"to":[28.5,5,15.5],"rotation":{"angle":0,"axis":"y","origin":[16,0,0]},"faces":{"north":{"uv":[3.5,4.25,1.875,4.375],"texture":"#0"},"east":{"uv":[5.375,4.25,3.5,4.375],"texture":"#0"},"south":{"uv":[7,4.25,5.375,4.375],"texture":"#0"},"west":{"uv":[1.875,4.25,0,4.375],"texture":"#0"},"up":{"uv":[1.875,4.25,3.5,2.375],"texture":"#0"},"down":{"uv":[3.5,2.375,5.125,4.25],"texture":"#0"}}},{"from":[15,5,4],"to":[29,8,16],"rotation":{"angle":0,"axis":"y","origin":[16,0,0]},"faces":{"north":{"uv":[3.25,6,1.5,6.375],"texture":"#0"},"east":{"uv":[4.75,6,3.25,6.375],"texture":"#0"},"south":{"uv":[6.5,6,4.75,6.375],"texture":"#0"},"west":{"uv":[1.5,6,0,6.375],"texture":"#0"},"up":{"uv":[1.5,6,3.25,4.5],"texture":"#0"},"down":{"uv":[3.25,4.5,5,6],"texture":"#0"}}},{"from":[15,5,0],"to":[29,18,4],"rotation":{"angle":0,"axis":"y","origin":[16,0,0]},"faces":{"north":{"uv":[8.375,6.5,6.625,8.125],"texture":"#0"},"east":{"uv":[8.875,6.5,8.375,8.125],"texture":"#0"},"south":{"uv":[10.625,6.5,8.875,8.125],"texture":"#0"},"west":{"uv":[6.625,6.5,6.125,8.125],"texture":"#0"},"up":{"uv":[6.625,6.5,8.375,6],"texture":"#0"},"down":{"uv":[8.375,6,10.125,6.5],"texture":"#0"}}},{"from":[29,0,15],"to":[32,11,16],"rotation":{"angle":0,"axis":"y","origin":[16,0,0]},"faces":{"north":{"uv":[0.5,0.125,0.125,1.5],"texture":"#0"},"east":{"uv":[0.625,0.125,0.5,1.5],"texture":"#0"},"south":{"uv":[1,0.125,0.625,1.5],"texture":"#0"},"west":{"uv":[0.125,0.125,0,1.5],"texture":"#0"},"up":{"uv":[0.125,0.125,0.5,0],"texture":"#0"},"down":{"uv":[0.5,0,0.875,0.125],"texture":"#0"}}},{"from":[29,0,1],"to":[32,1,15],"rotation":{"angle":0,"axis":"y","origin":[16,0,0]},"faces":{"north":{"uv":[4.75,8.5,4.375,8.625],"texture":"#0"},"east":{"uv":[6.5,8.5,4.75,8.625],"texture":"#0"},"south":{"uv":[6.875,8.5,6.5,8.625],"texture":"#0"},"west":{"uv":[4.375,8.5,2.625,8.625],"texture":"#0"},"up":{"uv":[4.375,8.5,4.75,6.75],"texture":"#0"},"down":{"uv":[4.75,6.75,5.125,8.5],"texture":"#0"}}},{"from":[29,0,0],"to":[32,11,1],"rotation":{"angle":0,"axis":"y","origin":[16,0,0]},"faces":{"north":{"uv":[6.125,0.125,5.75,1.5],"texture":"#0"},"east":{"uv":[6.25,0.125,6.125,1.5],"texture":"#0"},"south":{"uv":[6.625,0.125,6.25,1.5],"texture":"#0"},"west":{"uv":[5.75,0.125,5.625,1.5],"texture":"#0"},"up":{"uv":[5.75,0.125,6.125,0],"texture":"#0"},"down":{"uv":[6.125,0,6.5,0.125],"texture":"#0"}}},{"from":[29,10,1],"to":[32,11,15],"rotation":{"angle":0,"axis":"y","origin":[16,0,0]},"faces":{"north":{"uv":[7.5,4.5,7.125,4.625],"texture":"#0"},"east":{"uv":[9.25,4.5,7.5,4.625],"texture":"#0"},"south":{"uv":[9.625,4.5,9.25,4.625],"texture":"#0"},"west":{"uv":[7.125,4.5,5.375,4.625],"texture":"#0"},"up":{"uv":[7.125,4.5,7.5,2.75],"texture":"#0"},"down":{"uv":[7.5,2.75,7.875,4.5],"texture":"#0"}}}],"display":{"thirdperson_righthand":{"rotation":[60,-160,0],"translation":[7,7.5,0],"scale":[0.6,0.6,0.6]},"thirdperson_lefthand":{"rotation":[60,-160,0],"translation":[-3,7.5,0],"scale":[0.6,0.6,0.6]},"firstperson_righthand":{"rotation":[0,-73,6],"translation":[-1,0.75,0],"scale":[0.4,0.4,0.4]},"firstperson_lefthand":{"rotation":[0,-73,6],"translation":[2,0.75,2.75],"scale":[0.4,0.4,0.4]},"ground":{"translation":[-2.5,1.5,0],"scale":[0.35,0.35,0.35]},"gui":{"rotation":[30,-40,0],"translation":[-2.25,0.5,0],"scale":[0.4,0.4,0.4]},"head":{"translation":[0,-30.4,0],"scale":[1.6,1.6,1.6]},"fixed":{"rotation":[90,0,0],"translation":[-2,0,-16],"scale":[-2,2,-2]}}}