{"credit":"MadewithBlockbench","texture_size":[128,128],"textures":{"0":"glacia_model:glacia_texture/glacia_wall","particle":"glacia_model:glacia_texture/glacia_wall"},"elements":[{"from":[6.00256,-1.56339,10.35722],"to":[7.69456,0.12861,14.58722],"rotation":{"angle":-22.5,"axis":"x","origin":[8,8,8]},"faces":{"north":{"uv":[7.254,0.004,7.496,0.246],"texture":"#0"},"east":{"uv":[6.879,1.879,7.496,2.121],"texture":"#0"},"south":{"uv":[0.004,7.254,0.246,7.496],"texture":"#0"},"west":{"uv":[6.879,1.504,7.496,1.746],"texture":"#0"},"up":{"uv":[4.371,7.496,4.129,6.879],"rotation":180,"texture":"#0"},"down":{"uv":[4.746,6.879,4.504,7.496],"rotation":180,"texture":"#0"}}},{"from":[5.15656,-0.53724,-0.4854],"to":[8.54056,6.23076,2.8986],"rotation":{"angle":-22.5,"axis":"x","origin":[8,8,8]},"faces":{"north":{"uv":[1.379,4.504,1.871,5.496],"texture":"#0"},"east":{"uv":[4.754,2.004,5.246,2.996],"texture":"#0"},"south":{"uv":[4.379,3.629,4.871,4.621],"texture":"#0"},"west":{"uv":[0.754,4.504,1.246,5.496],"texture":"#0"},"up":{"uv":[6.746,0.496,6.254,0.004],"rotation":180,"texture":"#0"},"down":{"uv":[6.746,0.629,6.254,1.121],"rotation":180,"texture":"#0"}}},{"from":[8.54056,-0.53724,1.2066],"to":[11.92456,6.23076,1.2066],"rotation":{"angle":-22.5,"axis":"x","origin":[8,8,8]},"faces":{"north":{"uv":[2.004,4.879,2.496,5.871],"texture":"#0"},"east":{"uv":[7.254,0.379,7.254,1.371],"texture":"#0"},"south":{"uv":[4.379,4.754,4.871,5.746],"texture":"#0"},"west":{"uv":[0.379,7.254,0.379,8.246],"texture":"#0"},"up":{"uv":[6.996,3.879,6.504,3.879],"rotation":180,"texture":"#0"},"down":{"uv":[7.621,6.754,7.129,6.754],"rotation":180,"texture":"#0"}}},{"from":[6.00256,8.77196,-0.09709],"to":[7.69456,13.84796,1.59491],"rotation":{"angle":-45,"axis":"x","origin":[8,8,8]},"faces":{"north":{"uv":[2.254,6.754,2.496,7.496],"texture":"#0"},"east":{"uv":[2.629,6.754,2.871,7.496],"texture":"#0"},"south":{"uv":[1.504,6.504,1.746,7.246],"texture":"#0"},"west":{"uv":[1.879,6.754,2.121,7.496],"texture":"#0"},"up":{"uv":[3.621,2.871,3.379,2.629],"rotation":180,"texture":"#0"},"down":{"uv":[4.246,3.629,4.004,3.871],"rotation":180,"texture":"#0"}}},{"from":[11.19184,-1.93887,5.91002],"to":[14.57584,3.98313,9.29402],"rotation":{"angle":-22.5,"axis":"z","origin":[8,8,8]},"faces":{"north":{"uv":[3.254,5.004,3.746,5.871],"texture":"#0"},"east":{"uv":[5.004,4.129,5.496,4.996],"texture":"#0"},"south":{"uv":[2.629,5.004,3.121,5.871],"texture":"#0"},"west":{"uv":[5.004,3.129,5.496,3.996],"texture":"#0"},"up":{"uv":[6.746,1.746,6.254,1.254],"rotation":180,"texture":"#0"},"down":{"uv":[6.746,1.879,6.254,2.371],"rotation":180,"texture":"#0"}}},{"from":[12.03784,3.98313,6.75602],"to":[13.72984,8.21313,8.44802],"rotation":{"angle":-22.5,"axis":"z","origin":[8,8,8]},"faces":{"north":{"uv":[6.879,0.004,7.121,0.621],"texture":"#0"},"east":{"uv":[6.879,0.754,7.121,1.371],"texture":"#0"},"south":{"uv":[5.504,6.754,5.746,7.371],"texture":"#0"},"west":{"uv":[6.754,6.129,6.996,6.746],"texture":"#0"},"up":{"uv":[3.621,6.246,3.379,6.004],"rotation":180,"texture":"#0"},"down":{"uv":[5.121,6.879,4.879,7.121],"rotation":180,"texture":"#0"}}},{"from":[0.14258,-1.0576,7.60202],"to":[1.83458,7.4024,9.29402],"rotation":{"angle":22.5,"axis":"z","origin":[8,8,8]},"faces":{"north":{"uv":[5.754,5.379,5.996,6.621],"texture":"#0"},"east":{"uv":[5.879,0.004,6.121,1.246],"texture":"#0"},"south":{"uv":[3.879,5.004,4.121,6.246],"texture":"#0"},"west":{"uv":[5.754,4.004,5.996,5.246],"texture":"#0"},"up":{"uv":[7.371,6.246,7.129,6.004],"rotation":180,"texture":"#0"},"down":{"uv":[7.371,6.379,7.129,6.621],"rotation":180,"texture":"#0"}}},{"from":[2.19556,-1.63077,3.43021],"to":[10.65556,0.06123,11.89021],"rotation":{"angle":0,"axis":"x","origin":[8,8,8]},"faces":{"north":{"uv":[6.129,4.004,7.371,4.246],"texture":"#0"},"east":{"uv":[6.129,4.379,7.371,4.621],"texture":"#0"},"south":{"uv":[4.254,5.879,5.496,6.121],"texture":"#0"},"west":{"uv":[2.004,6.004,3.246,6.246],"texture":"#0"},"up":{"uv":[1.246,1.246,0.004,0.004],"rotation":180,"texture":"#0"},"down":{"uv":[1.246,1.379,0.004,2.621],"rotation":180,"texture":"#0"}}},{"from":[8.25951,-1.63077,4.03701],"to":[13.33551,-0.78477,9.11301],"rotation":{"angle":-22.5,"axis":"y","origin":[8,8,8]},"faces":{"north":{"uv":[6.879,5.004,7.621,5.121],"texture":"#0"},"east":{"uv":[5.879,6.879,6.621,6.996],"texture":"#0"},"south":{"uv":[6.879,2.254,7.621,2.371],"texture":"#0"},"west":{"uv":[6.879,4.754,7.621,4.871],"texture":"#0"},"up":{"uv":[4.121,0.746,3.379,0.004],"rotation":180,"texture":"#0"},"down":{"uv":[4.121,0.879,3.379,1.621],"rotation":180,"texture":"#0"}}},{"from":[2.28258,-1.63077,1.54051],"to":[7.35858,-0.78477,5.77051],"rotation":{"angle":-22.5,"axis":"y","origin":[8,8,8]},"faces":{"north":{"uv":[7.129,3.254,7.871,3.371],"texture":"#0"},"east":{"uv":[5.879,7.129,6.496,7.246],"texture":"#0"},"south":{"uv":[6.754,6.879,7.496,6.996],"texture":"#0"},"west":{"uv":[7.129,5.754,7.746,5.871],"texture":"#0"},"up":{"uv":[5.746,0.621,5.004,0.004],"rotation":180,"texture":"#0"},"down":{"uv":[5.746,0.754,5.004,1.371],"rotation":180,"texture":"#0"}}},{"from":[2.63262,-1.63077,10.20209],"to":[7.70862,-0.78477,15.27809],"rotation":{"angle":-22.5,"axis":"y","origin":[8,8,8]},"faces":{"north":{"uv":[7.129,5.254,7.871,5.371],"texture":"#0"},"east":{"uv":[7.129,5.504,7.871,5.621],"texture":"#0"},"south":{"uv":[7.129,3.504,7.871,3.621],"texture":"#0"},"west":{"uv":[7.129,3.754,7.871,3.871],"texture":"#0"},"up":{"uv":[4.121,2.496,3.379,1.754],"rotation":180,"texture":"#0"},"down":{"uv":[2.746,4.004,2.004,4.746],"rotation":180,"texture":"#0"}}},{"from":[5.15656,-2.40939,6.12722],"to":[8.54056,0.97461,10.35722],"rotation":{"angle":-22.5,"axis":"x","origin":[8,8,8]},"faces":{"north":{"uv":[4.879,6.254,5.371,6.746],"texture":"#0"},"east":{"uv":[6.129,4.754,6.746,5.246],"texture":"#0"},"south":{"uv":[4.254,6.254,4.746,6.746],"texture":"#0"},"west":{"uv":[0.004,6.004,0.621,6.496],"texture":"#0"},"up":{"uv":[6.621,5.996,6.129,5.379],"rotation":180,"texture":"#0"},"down":{"uv":[6.621,6.129,6.129,6.746],"rotation":180,"texture":"#0"}}},{"from":[4.73356,5.10515,5.65645],"to":[8.96356,11.02715,9.88645],"rotation":{"angle":0,"axis":"x","origin":[8,8,8]},"faces":{"north":{"uv":[3.629,4.004,4.246,4.871],"texture":"#0"},"east":{"uv":[0.004,4.254,0.621,5.121],"texture":"#0"},"south":{"uv":[4.004,2.629,4.621,3.496],"texture":"#0"},"west":{"uv":[2.879,4.004,3.496,4.871],"texture":"#0"},"up":{"uv":[5.621,5.746,5.004,5.129],"rotation":180,"texture":"#0"},"down":{"uv":[0.621,5.254,0.004,5.871],"rotation":180,"texture":"#0"}}},{"from":[8.96356,5.10515,7.77145],"to":[13.19356,11.02715,7.77145],"rotation":{"angle":0,"axis":"x","origin":[8,8,8]},"faces":{"north":{"uv":[4.254,1.004,4.871,1.871],"texture":"#0"},"east":{"uv":[4.879,7.254,4.871,8.121],"texture":"#0"},"south":{"uv":[4.871,1.004,4.254,1.871],"texture":"#0"},"west":{"uv":[0.504,7.254,0.496,8.121],"texture":"#0"},"up":{"uv":[7.996,0.379,7.379,0.371],"rotation":180,"texture":"#0"},"down":{"uv":[7.996,0.504,7.379,0.496],"rotation":180,"texture":"#0"}}},{"from":[6.00256,8.67954,4.77553],"to":[7.69456,12.90954,6.46753],"rotation":{"angle":-45,"axis":"x","origin":[8,8,8]},"faces":{"north":{"uv":[3.754,6.754,3.996,7.371],"texture":"#0"},"east":{"uv":[6.754,5.379,6.996,5.996],"texture":"#0"},"south":{"uv":[3.004,6.754,3.246,7.371],"texture":"#0"},"west":{"uv":[3.379,6.754,3.621,7.371],"texture":"#0"},"up":{"uv":[4.496,2.246,4.254,2.004],"rotation":180,"texture":"#0"},"down":{"uv":[5.246,1.504,5.004,1.746],"rotation":180,"texture":"#0"}}},{"from":[6.00256,14.24677,6.78542],"to":[7.69456,20.16877,8.47742],"rotation":{"angle":0,"axis":"x","origin":[8,8,8]},"faces":{"north":{"uv":[0.996,7.371,0.754,6.504],"texture":"#0"},"east":{"uv":[3.004,6.379,3.871,6.621],"rotation":90,"texture":"#0"},"south":{"uv":[1.371,6.504,1.129,7.371],"rotation":180,"texture":"#0"},"west":{"uv":[2.004,6.379,2.871,6.621],"rotation":270,"texture":"#0"},"up":{"uv":[6.629,7.129,6.871,7.371],"texture":"#0"},"down":{"uv":[7.004,7.129,7.246,7.371],"rotation":180,"texture":"#0"}}},{"from":[6.84856,14.24677,8.47742],"to":[6.84856,20.16877,10.16942],"rotation":{"angle":0,"axis":"x","origin":[8,8,8]},"faces":{"north":{"uv":[5.129,8.121,5.129,7.254],"texture":"#0"},"east":{"uv":[7.371,2.504,6.504,2.746],"rotation":90,"texture":"#0"},"south":{"uv":[1.504,7.379,1.504,8.246],"rotation":180,"texture":"#0"},"west":{"uv":[6.504,2.504,7.371,2.746],"rotation":270,"texture":"#0"},"up":{"uv":[3.754,2.629,3.754,2.871],"texture":"#0"},"down":{"uv":[3.879,2.629,3.879,2.871],"rotation":180,"texture":"#0"}}},{"from":[5.36806,10.03803,6.3899],"to":[8.32906,15.11403,9.3509],"rotation":{"angle":0,"axis":"x","origin":[8,8,8]},"faces":{"north":{"uv":[1.1875,6.371,0.754,5.629],"texture":"#0"},"east":{"uv":[5.379,2.129,6.121,2.5625],"rotation":90,"texture":"#0"},"south":{"uv":[1.8125,5.629,1.379,6.371],"rotation":180,"texture":"#0"},"west":{"uv":[5.379,1.504,6.121,1.9375],"rotation":270,"texture":"#0"},"up":{"uv":[6.504,3.254,6.9375,3.6875],"texture":"#0"},"down":{"uv":[0.004,6.629,0.4375,7.0625],"rotation":180,"texture":"#0"}}},{"from":[6.84856,10.03803,3.4289],"to":[6.84856,15.11403,6.3899],"rotation":{"angle":0,"axis":"x","origin":[8,8,8]},"faces":{"north":{"uv":[5.629,6.621,5.629,5.879],"texture":"#0"},"east":{"uv":[6.371,2.754,5.629,3.1875],"rotation":90,"texture":"#0"},"south":{"uv":[5.004,7.254,5.004,7.996],"rotation":180,"texture":"#0"},"west":{"uv":[5.629,2.754,6.371,3.1875],"rotation":270,"texture":"#0"},"up":{"uv":[4.629,2.004,4.629,2.4375],"texture":"#0"},"down":{"uv":[4.254,5.004,4.254,5.4375],"rotation":180,"texture":"#0"}}},{"from":[3.88756,-2.11047,4.7323],"to":[9.80956,7.19553,10.6543],"rotation":{"angle":0,"axis":"x","origin":[8,8,8]},"faces":{"north":{"uv":[2.379,0.004,3.246,1.371],"texture":"#0"},"east":{"uv":[2.379,1.504,3.246,2.871],"texture":"#0"},"south":{"uv":[1.379,0.004,2.246,1.371],"texture":"#0"},"west":{"uv":[1.379,1.504,2.246,2.871],"texture":"#0"},"up":{"uv":[2.871,3.871,2.004,3.004],"rotation":180,"texture":"#0"},"down":{"uv":[3.871,3.004,3.004,3.871],"rotation":180,"texture":"#0"}}},{"from":[6.84856,-2.11047,-0.3437],"to":[6.84856,7.19553,5.5783],"rotation":{"angle":0,"axis":"x","origin":[8,8,8]},"faces":{"north":{"uv":[5.254,6.879,5.254,8.246],"texture":"#0"},"east":{"uv":[1.004,3.004,1.871,4.371],"texture":"#0"},"south":{"uv":[0.629,6.629,0.629,7.996],"texture":"#0"},"west":{"uv":[1.871,3.004,1.004,4.371],"texture":"#0"},"up":{"uv":[5.629,4.871,5.629,4.004],"rotation":180,"texture":"#0"},"down":{"uv":[5.379,6.879,5.379,7.746],"rotation":180,"texture":"#0"}}},{"from":[8.0564,1.18849,6.42556],"to":[12.2864,2.88049,8.11756],"rotation":{"angle":-22.5,"axis":"z","origin":[8,8,8]},"faces":{"north":{"uv":[6.879,1.504,7.496,1.746],"texture":"#0"},"east":{"uv":[7.254,0.004,7.496,0.246],"texture":"#0"},"south":{"uv":[6.879,1.879,7.496,2.121],"texture":"#0"},"west":{"uv":[0.004,7.254,0.246,7.496],"texture":"#0"},"up":{"uv":[4.371,7.496,4.129,6.879],"rotation":270,"texture":"#0"},"down":{"uv":[4.746,6.879,4.504,7.496],"rotation":90,"texture":"#0"}}},{"from":[19.74502,2.21463,5.57956],"to":[23.12902,8.98263,8.96356],"rotation":{"angle":-22.5,"axis":"z","origin":[8,8,8]},"faces":{"north":{"uv":[0.754,4.504,1.246,5.496],"texture":"#0"},"east":{"uv":[1.379,4.504,1.871,5.496],"texture":"#0"},"south":{"uv":[4.754,2.004,5.246,2.996],"texture":"#0"},"west":{"uv":[4.379,3.629,4.871,4.621],"texture":"#0"},"up":{"uv":[6.746,0.496,6.254,0.004],"rotation":270,"texture":"#0"},"down":{"uv":[6.746,0.629,6.254,1.121],"rotation":90,"texture":"#0"}}},{"from":[21.43702,2.21463,8.96356],"to":[21.43702,8.98263,12.34756],"rotation":{"angle":-22.5,"axis":"z","origin":[8,8,8]},"faces":{"north":{"uv":[0.379,7.254,0.379,8.246],"texture":"#0"},"east":{"uv":[2.004,4.879,2.496,5.871],"texture":"#0"},"south":{"uv":[7.254,0.379,7.254,1.371],"texture":"#0"},"west":{"uv":[4.379,4.754,4.871,5.746],"texture":"#0"},"up":{"uv":[6.996,3.879,6.504,3.879],"rotation":270,"texture":"#0"},"down":{"uv":[7.621,6.754,7.129,6.754],"rotation":90,"texture":"#0"}}},{"from":[19.4899,13.85677,6.42556],"to":[21.1819,18.93277,8.11756],"rotation":{"angle":-45,"axis":"z","origin":[8,8,8]},"faces":{"north":{"uv":[1.879,6.754,2.121,7.496],"texture":"#0"},"east":{"uv":[2.254,6.754,2.496,7.496],"texture":"#0"},"south":{"uv":[2.629,6.754,2.871,7.496],"texture":"#0"},"west":{"uv":[1.504,6.504,1.746,7.246],"texture":"#0"},"up":{"uv":[3.621,2.871,3.379,2.629],"rotation":270,"texture":"#0"},"down":{"uv":[4.246,3.629,4.004,3.871],"rotation":90,"texture":"#0"}}},{"from":[13.89698,-1.777,11.58264],"to":[17.28098,4.145,14.96664],"rotation":{"angle":22.5,"axis":"x","origin":[8,8,8]},"faces":{"north":{"uv":[5.004,3.129,5.496,3.996],"texture":"#0"},"east":{"uv":[3.254,5.004,3.746,5.871],"texture":"#0"},"south":{"uv":[5.004,4.129,5.496,4.996],"texture":"#0"},"west":{"uv":[2.629,5.004,3.121,5.871],"texture":"#0"},"up":{"uv":[6.746,1.746,6.254,1.254],"rotation":270,"texture":"#0"},"down":{"uv":[6.746,1.879,6.254,2.371],"rotation":90,"texture":"#0"}}},{"from":[14.74298,4.145,12.42864],"to":[16.43498,8.375,14.12064],"rotation":{"angle":22.5,"axis":"x","origin":[8,8,8]},"faces":{"north":{"uv":[6.754,6.129,6.996,6.746],"texture":"#0"},"east":{"uv":[6.879,0.004,7.121,0.621],"texture":"#0"},"south":{"uv":[6.879,0.754,7.121,1.371],"texture":"#0"},"west":{"uv":[5.504,6.754,5.746,7.371],"texture":"#0"},"up":{"uv":[3.621,6.246,3.379,6.004],"rotation":270,"texture":"#0"},"down":{"uv":[5.121,6.879,4.879,7.121],"rotation":90,"texture":"#0"}}},{"from":[13.89698,-1.21948,0.53338],"to":[15.58898,7.24052,2.22538],"rotation":{"angle":-22.5,"axis":"x","origin":[8,8,8]},"faces":{"north":{"uv":[5.754,4.004,5.996,5.246],"texture":"#0"},"east":{"uv":[5.754,5.379,5.996,6.621],"texture":"#0"},"south":{"uv":[5.879,0.004,6.121,1.246],"texture":"#0"},"west":{"uv":[3.879,5.004,4.121,6.246],"texture":"#0"},"up":{"uv":[7.371,6.246,7.129,6.004],"rotation":270,"texture":"#0"},"down":{"uv":[7.371,6.379,7.129,6.621],"rotation":90,"texture":"#0"}}},{"from":[11.30079,-1.63077,2.61856],"to":[19.76079,0.06123,11.07856],"rotation":{"angle":0,"axis":"x","origin":[8,8,8]},"faces":{"north":{"uv":[2.004,6.004,3.246,6.246],"texture":"#0"},"east":{"uv":[6.129,4.004,7.371,4.246],"texture":"#0"},"south":{"uv":[6.129,4.379,7.371,4.621],"texture":"#0"},"west":{"uv":[4.254,5.879,5.496,6.121],"texture":"#0"},"up":{"uv":[1.246,1.246,0.004,0.004],"rotation":270,"texture":"#0"},"down":{"uv":[1.246,1.379,0.004,2.621],"rotation":90,"texture":"#0"}}},{"from":[13.69248,-1.63077,5.89843],"to":[18.76848,-0.78477,10.97443],"rotation":{"angle":-22.5,"axis":"y","origin":[8,8,8]},"faces":{"north":{"uv":[6.879,4.754,7.621,4.871],"texture":"#0"},"east":{"uv":[6.879,5.004,7.621,5.121],"texture":"#0"},"south":{"uv":[5.879,6.879,6.621,6.996],"texture":"#0"},"west":{"uv":[6.879,2.254,7.621,2.371],"texture":"#0"},"up":{"uv":[4.121,0.746,3.379,0.004],"rotation":270,"texture":"#0"},"down":{"uv":[4.121,0.879,3.379,1.621],"rotation":90,"texture":"#0"}}},{"from":[17.03498,-1.63077,-0.07849],"to":[21.26498,-0.78477,4.99751],"rotation":{"angle":-22.5,"axis":"y","origin":[8,8,8]},"faces":{"north":{"uv":[7.129,5.754,7.746,5.871],"texture":"#0"},"east":{"uv":[7.129,3.254,7.871,3.371],"texture":"#0"},"south":{"uv":[5.879,7.129,6.496,7.246],"texture":"#0"},"west":{"uv":[6.754,6.879,7.496,6.996],"texture":"#0"},"up":{"uv":[5.746,0.621,5.004,0.004],"rotation":270,"texture":"#0"},"down":{"uv":[5.746,0.754,5.004,1.371],"rotation":90,"texture":"#0"}}},{"from":[7.5274,-1.63077,0.27154],"to":[12.6034,-0.78477,5.34754],"rotation":{"angle":-22.5,"axis":"y","origin":[8,8,8]},"faces":{"north":{"uv":[7.129,3.754,7.871,3.871],"texture":"#0"},"east":{"uv":[7.129,5.254,7.871,5.371],"texture":"#0"},"south":{"uv":[7.129,5.504,7.871,5.621],"texture":"#0"},"west":{"uv":[7.129,3.504,7.871,3.621],"texture":"#0"},"up":{"uv":[4.121,2.496,3.379,1.754],"rotation":270,"texture":"#0"},"down":{"uv":[2.746,4.004,2.004,4.746],"rotation":90,"texture":"#0"}}},{"from":[12.2864,0.34248,5.57956],"to":[16.5164,3.72648,8.96356],"rotation":{"angle":-22.5,"axis":"z","origin":[8,8,8]},"faces":{"north":{"uv":[0.004,6.004,0.621,6.496],"texture":"#0"},"east":{"uv":[4.879,6.254,5.371,6.746],"texture":"#0"},"south":{"uv":[6.129,4.754,6.746,5.246],"texture":"#0"},"west":{"uv":[4.254,6.254,4.746,6.746],"texture":"#0"},"up":{"uv":[6.621,5.996,6.129,5.379],"rotation":270,"texture":"#0"},"down":{"uv":[6.621,6.129,6.129,6.746],"rotation":90,"texture":"#0"}}},{"from":[13.30455,5.10515,5.15656],"to":[17.53455,11.02715,9.38656],"rotation":{"angle":0,"axis":"x","origin":[8,8,8]},"faces":{"north":{"uv":[2.879,4.004,3.496,4.871],"texture":"#0"},"east":{"uv":[3.629,4.004,4.246,4.871],"texture":"#0"},"south":{"uv":[0.004,4.254,0.621,5.121],"texture":"#0"},"west":{"uv":[4.004,2.629,4.621,3.496],"texture":"#0"},"up":{"uv":[5.621,5.746,5.004,5.129],"rotation":270,"texture":"#0"},"down":{"uv":[0.621,5.254,0.004,5.871],"rotation":90,"texture":"#0"}}},{"from":[15.41955,5.10515,9.38656],"to":[15.41955,11.02715,13.61656],"rotation":{"angle":0,"axis":"x","origin":[8,8,8]},"faces":{"north":{"uv":[0.504,7.254,0.496,8.121],"texture":"#0"},"east":{"uv":[4.254,1.004,4.871,1.871],"texture":"#0"},"south":{"uv":[4.879,7.254,4.871,8.121],"texture":"#0"},"west":{"uv":[4.871,1.004,4.254,1.871],"texture":"#0"},"up":{"uv":[7.996,0.379,7.379,0.371],"rotation":270,"texture":"#0"},"down":{"uv":[7.996,0.504,7.379,0.496],"rotation":90,"texture":"#0"}}},{"from":[14.61728,13.76435,6.42556],"to":[16.30928,17.99435,8.11756],"rotation":{"angle":-45,"axis":"z","origin":[8,8,8]},"faces":{"north":{"uv":[3.379,6.754,3.621,7.371],"texture":"#0"},"east":{"uv":[3.754,6.754,3.996,7.371],"texture":"#0"},"south":{"uv":[6.754,5.379,6.996,5.996],"texture":"#0"},"west":{"uv":[3.004,6.754,3.246,7.371],"texture":"#0"},"up":{"uv":[4.496,2.246,4.254,2.004],"rotation":270,"texture":"#0"},"down":{"uv":[5.246,1.504,5.004,1.746],"rotation":90,"texture":"#0"}}},{"from":[14.71358,14.24677,6.42556],"to":[16.40558,20.16877,8.11756],"rotation":{"angle":0,"axis":"x","origin":[8,8,8]},"faces":{"north":{"uv":[2.004,6.379,2.871,6.621],"rotation":270,"texture":"#0"},"east":{"uv":[0.996,7.371,0.754,6.504],"texture":"#0"},"south":{"uv":[3.004,6.379,3.871,6.621],"rotation":90,"texture":"#0"},"west":{"uv":[1.371,6.504,1.129,7.371],"rotation":180,"texture":"#0"},"up":{"uv":[6.629,7.129,6.871,7.371],"rotation":90,"texture":"#0"},"down":{"uv":[7.004,7.129,7.246,7.371],"rotation":90,"texture":"#0"}}},{"from":[13.02158,14.24677,7.27156],"to":[14.71358,20.16877,7.27156],"rotation":{"angle":0,"axis":"x","origin":[8,8,8]},"faces":{"north":{"uv":[6.504,2.504,7.371,2.746],"rotation":270,"texture":"#0"},"east":{"uv":[5.129,8.121,5.129,7.254],"texture":"#0"},"south":{"uv":[7.371,2.504,6.504,2.746],"rotation":90,"texture":"#0"},"west":{"uv":[1.504,7.379,1.504,8.246],"rotation":180,"texture":"#0"},"up":{"uv":[3.754,2.629,3.754,2.871],"rotation":90,"texture":"#0"},"down":{"uv":[3.879,2.629,3.879,2.871],"rotation":90,"texture":"#0"}}},{"from":[13.8401,10.03803,5.79106],"to":[16.8011,15.11403,8.75206],"rotation":{"angle":0,"axis":"x","origin":[8,8,8]},"faces":{"north":{"uv":[5.379,1.504,6.121,1.9375],"rotation":270,"texture":"#0"},"east":{"uv":[1.1875,6.371,0.754,5.629],"texture":"#0"},"south":{"uv":[5.379,2.129,6.121,2.5625],"rotation":90,"texture":"#0"},"west":{"uv":[1.8125,5.629,1.379,6.371],"rotation":180,"texture":"#0"},"up":{"uv":[6.504,3.254,6.9375,3.6875],"rotation":90,"texture":"#0"},"down":{"uv":[0.004,6.629,0.4375,7.0625],"rotation":90,"texture":"#0"}}},{"from":[16.8011,10.03803,7.27156],"to":[19.7621,15.11403,7.27156],"rotation":{"angle":0,"axis":"x","origin":[8,8,8]},"faces":{"north":{"uv":[5.629,2.754,6.371,3.1875],"rotation":270,"texture":"#0"},"east":{"uv":[5.629,6.621,5.629,5.879],"texture":"#0"},"south":{"uv":[6.371,2.754,5.629,3.1875],"rotation":90,"texture":"#0"},"west":{"uv":[5.004,7.254,5.004,7.996],"rotation":180,"texture":"#0"},"up":{"uv":[4.629,2.004,4.629,2.4375],"rotation":90,"texture":"#0"},"down":{"uv":[4.254,5.004,4.254,5.4375],"rotation":90,"texture":"#0"}}},{"from":[12.5367,-2.11047,4.31056],"to":[18.4587,7.19553,10.23256],"rotation":{"angle":0,"axis":"x","origin":[8,8,8]},"faces":{"north":{"uv":[1.379,1.504,2.246,2.871],"texture":"#0"},"east":{"uv":[2.379,0.004,3.246,1.371],"texture":"#0"},"south":{"uv":[2.379,1.504,3.246,2.871],"texture":"#0"},"west":{"uv":[1.379,0.004,2.246,1.371],"texture":"#0"},"up":{"uv":[2.871,3.871,2.004,3.004],"rotation":270,"texture":"#0"},"down":{"uv":[3.871,3.004,3.004,3.871],"rotation":90,"texture":"#0"}}},{"from":[17.6127,-2.11047,7.27156],"to":[23.5347,7.19553,7.27156],"rotation":{"angle":0,"axis":"x","origin":[8,8,8]},"faces":{"north":{"uv":[1.871,3.004,1.004,4.371],"texture":"#0"},"east":{"uv":[5.254,6.879,5.254,8.246],"texture":"#0"},"south":{"uv":[1.004,3.004,1.871,4.371],"texture":"#0"},"west":{"uv":[0.629,6.629,0.629,7.996],"texture":"#0"},"up":{"uv":[5.629,4.871,5.629,4.004],"rotation":270,"texture":"#0"},"down":{"uv":[5.379,6.879,5.379,7.746],"rotation":90,"texture":"#0"}}},{"from":[2.932,1.51224,7.88244],"to":[7.162,3.20424,9.57444],"rotation":{"angle":22.5,"axis":"z","origin":[8,8,8]},"faces":{"north":{"uv":[6.879,1.879,7.496,2.121],"texture":"#0"},"east":{"uv":[0.004,7.254,0.246,7.496],"texture":"#0"},"south":{"uv":[6.879,1.504,7.496,1.746],"texture":"#0"},"west":{"uv":[7.254,0.004,7.496,0.246],"texture":"#0"},"up":{"uv":[4.371,7.496,4.129,6.879],"rotation":90,"texture":"#0"},"down":{"uv":[4.746,6.879,4.504,7.496],"rotation":270,"texture":"#0"}}},{"from":[-7.91062,2.53838,7.03644],"to":[-4.52662,9.30638,10.42044],"rotation":{"angle":22.5,"axis":"z","origin":[8,8,8]},"faces":{"north":{"uv":[4.754,2.004,5.246,2.996],"texture":"#0"},"east":{"uv":[4.379,3.629,4.871,4.621],"texture":"#0"},"south":{"uv":[0.754,4.504,1.246,5.496],"texture":"#0"},"west":{"uv":[1.379,4.504,1.871,5.496],"texture":"#0"},"up":{"uv":[6.746,0.496,6.254,0.004],"rotation":90,"texture":"#0"},"down":{"uv":[6.746,0.629,6.254,1.121],"rotation":270,"texture":"#0"}}},{"from":[-6.21862,2.53838,3.65244],"to":[-6.21862,9.30638,7.03644],"rotation":{"angle":22.5,"axis":"z","origin":[8,8,8]},"faces":{"north":{"uv":[7.254,0.379,7.254,1.371],"texture":"#0"},"east":{"uv":[4.379,4.754,4.871,5.746],"texture":"#0"},"south":{"uv":[0.379,7.254,0.379,8.246],"texture":"#0"},"west":{"uv":[2.004,4.879,2.496,5.871],"texture":"#0"},"up":{"uv":[6.996,3.879,6.504,3.879],"rotation":90,"texture":"#0"},"down":{"uv":[7.621,6.754,7.129,6.754],"rotation":270,"texture":"#0"}}},{"from":[-5.78011,14.45498,7.88244],"to":[-4.08811,19.53098,9.57444],"rotation":{"angle":45,"axis":"z","origin":[8,8,8]},"faces":{"north":{"uv":[2.629,6.754,2.871,7.496],"texture":"#0"},"east":{"uv":[1.504,6.504,1.746,7.246],"texture":"#0"},"south":{"uv":[1.879,6.754,2.121,7.496],"texture":"#0"},"west":{"uv":[2.254,6.754,2.496,7.496],"texture":"#0"},"up":{"uv":[3.621,2.871,3.379,2.629],"rotation":90,"texture":"#0"},"down":{"uv":[4.246,3.629,4.004,3.871],"rotation":270,"texture":"#0"}}},{"from":[-2.12698,-1.777,1.03336],"to":[1.25702,4.145,4.41736],"rotation":{"angle":-22.5,"axis":"x","origin":[8,8,8]},"faces":{"north":{"uv":[5.004,4.129,5.496,4.996],"texture":"#0"},"east":{"uv":[2.629,5.004,3.121,5.871],"texture":"#0"},"south":{"uv":[5.004,3.129,5.496,3.996],"texture":"#0"},"west":{"uv":[3.254,5.004,3.746,5.871],"texture":"#0"},"up":{"uv":[6.746,1.746,6.254,1.254],"rotation":90,"texture":"#0"},"down":{"uv":[6.746,1.879,6.254,2.371],"rotation":270,"texture":"#0"}}},{"from":[-1.28098,4.145,1.87936],"to":[0.41102,8.375,3.57136],"rotation":{"angle":-22.5,"axis":"x","origin":[8,8,8]},"faces":{"north":{"uv":[6.879,0.754,7.121,1.371],"texture":"#0"},"east":{"uv":[5.504,6.754,5.746,7.371],"texture":"#0"},"south":{"uv":[6.754,6.129,6.996,6.746],"texture":"#0"},"west":{"uv":[6.879,0.004,7.121,0.621],"texture":"#0"},"up":{"uv":[3.621,6.246,3.379,6.004],"rotation":90,"texture":"#0"},"down":{"uv":[5.121,6.879,4.879,7.121],"rotation":270,"texture":"#0"}}},{"from":[-0.43498,-1.21948,13.77462],"to":[1.25702,7.24052,15.46662],"rotation":{"angle":22.5,"axis":"x","origin":[8,8,8]},"faces":{"north":{"uv":[5.879,0.004,6.121,1.246],"texture":"#0"},"east":{"uv":[3.879,5.004,4.121,6.246],"texture":"#0"},"south":{"uv":[5.754,4.004,5.996,5.246],"texture":"#0"},"west":{"uv":[5.754,5.379,5.996,6.621],"texture":"#0"},"up":{"uv":[7.371,6.246,7.129,6.004],"rotation":90,"texture":"#0"},"down":{"uv":[7.371,6.379,7.129,6.621],"rotation":270,"texture":"#0"}}},{"from":[-4.60679,-1.63077,4.92144],"to":[3.85321,0.06123,13.38144],"rotation":{"angle":0,"axis":"x","origin":[8,8,8]},"faces":{"north":{"uv":[6.129,4.379,7.371,4.621],"texture":"#0"},"east":{"uv":[4.254,5.879,5.496,6.121],"texture":"#0"},"south":{"uv":[2.004,6.004,3.246,6.246],"texture":"#0"},"west":{"uv":[6.129,4.004,7.371,4.246],"texture":"#0"},"up":{"uv":[1.246,1.246,0.004,0.004],"rotation":90,"texture":"#0"},"down":{"uv":[1.246,1.379,0.004,2.621],"rotation":270,"texture":"#0"}}},{"from":[-3.55008,-1.63077,5.34932],"to":[1.52592,-0.78477,10.42532],"rotation":{"angle":-22.5,"axis":"y","origin":[8,8,8]},"faces":{"north":{"uv":[5.879,6.879,6.621,6.996],"texture":"#0"},"east":{"uv":[6.879,2.254,7.621,2.371],"texture":"#0"},"south":{"uv":[6.879,4.754,7.621,4.871],"texture":"#0"},"west":{"uv":[6.879,5.004,7.621,5.121],"texture":"#0"},"up":{"uv":[4.121,0.746,3.379,0.004],"rotation":90,"texture":"#0"},"down":{"uv":[4.121,0.879,3.379,1.621],"rotation":270,"texture":"#0"}}},{"from":[-6.04658,-1.63077,11.32624],"to":[-1.81658,-0.78477,16.40224],"rotation":{"angle":-22.5,"axis":"y","origin":[8,8,8]},"faces":{"north":{"uv":[5.879,7.129,6.496,7.246],"texture":"#0"},"east":{"uv":[6.754,6.879,7.496,6.996],"texture":"#0"},"south":{"uv":[7.129,5.754,7.746,5.871],"texture":"#0"},"west":{"uv":[7.129,3.254,7.871,3.371],"texture":"#0"},"up":{"uv":[5.746,0.621,5.004,0.004],"rotation":90,"texture":"#0"},"down":{"uv":[5.746,0.754,5.004,1.371],"rotation":270,"texture":"#0"}}},{"from":[2.615,-1.63077,10.97621],"to":[7.691,-0.78477,16.05221],"rotation":{"angle":-22.5,"axis":"y","origin":[8,8,8]},"faces":{"north":{"uv":[7.129,5.504,7.871,5.621],"texture":"#0"},"east":{"uv":[7.129,3.504,7.871,3.621],"texture":"#0"},"south":{"uv":[7.129,3.754,7.871,3.871],"texture":"#0"},"west":{"uv":[7.129,5.254,7.871,5.371],"texture":"#0"},"up":{"uv":[4.121,2.496,3.379,1.754],"rotation":90,"texture":"#0"},"down":{"uv":[2.746,4.004,2.004,4.746],"rotation":270,"texture":"#0"}}},{"from":[-1.298,0.66623,7.03644],"to":[2.932,4.05023,10.42044],"rotation":{"angle":22.5,"axis":"z","origin":[8,8,8]},"faces":{"north":{"uv":[6.129,4.754,6.746,5.246],"texture":"#0"},"east":{"uv":[4.254,6.254,4.746,6.746],"texture":"#0"},"south":{"uv":[0.004,6.004,0.621,6.496],"texture":"#0"},"west":{"uv":[4.879,6.254,5.371,6.746],"texture":"#0"},"up":{"uv":[6.621,5.996,6.129,5.379],"rotation":90,"texture":"#0"},"down":{"uv":[6.621,6.129,6.129,6.746],"rotation":270,"texture":"#0"}}},{"from":[-2.38055,5.10515,6.61344],"to":[1.84945,11.02715,10.84344],"rotation":{"angle":0,"axis":"x","origin":[8,8,8]},"faces":{"north":{"uv":[0.004,4.254,0.621,5.121],"texture":"#0"},"east":{"uv":[4.004,2.629,4.621,3.496],"texture":"#0"},"south":{"uv":[2.879,4.004,3.496,4.871],"texture":"#0"},"west":{"uv":[3.629,4.004,4.246,4.871],"texture":"#0"},"up":{"uv":[5.621,5.746,5.004,5.129],"rotation":90,"texture":"#0"},"down":{"uv":[0.621,5.254,0.004,5.871],"rotation":270,"texture":"#0"}}},{"from":[-0.26555,5.10515,2.38344],"to":[-0.26555,11.02715,6.61344],"rotation":{"angle":0,"axis":"x","origin":[8,8,8]},"faces":{"north":{"uv":[4.879,7.254,4.871,8.121],"texture":"#0"},"east":{"uv":[4.871,1.004,4.254,1.871],"texture":"#0"},"south":{"uv":[0.504,7.254,0.496,8.121],"texture":"#0"},"west":{"uv":[4.254,1.004,4.871,1.871],"texture":"#0"},"up":{"uv":[7.996,0.379,7.379,0.371],"rotation":90,"texture":"#0"},"down":{"uv":[7.996,0.504,7.379,0.496],"rotation":270,"texture":"#0"}}},{"from":[-0.90749,14.36256,7.88244],"to":[0.78451,18.59256,9.57444],"rotation":{"angle":45,"axis":"z","origin":[8,8,8]},"faces":{"north":{"uv":[6.754,5.379,6.996,5.996],"texture":"#0"},"east":{"uv":[3.004,6.754,3.246,7.371],"texture":"#0"},"south":{"uv":[3.379,6.754,3.621,7.371],"texture":"#0"},"west":{"uv":[3.754,6.754,3.996,7.371],"texture":"#0"},"up":{"uv":[4.496,2.246,4.254,2.004],"rotation":90,"texture":"#0"},"down":{"uv":[5.246,1.504,5.004,1.746],"rotation":270,"texture":"#0"}}},{"from":[-1.25158,14.24677,7.88244],"to":[0.44042,20.16877,9.57444],"rotation":{"angle":0,"axis":"x","origin":[8,8,8]},"faces":{"north":{"uv":[3.004,6.379,3.871,6.621],"rotation":90,"texture":"#0"},"east":{"uv":[1.371,6.504,1.129,7.371],"rotation":180,"texture":"#0"},"south":{"uv":[2.004,6.379,2.871,6.621],"rotation":270,"texture":"#0"},"west":{"uv":[0.996,7.371,0.754,6.504],"texture":"#0"},"up":{"uv":[6.629,7.129,6.871,7.371],"rotation":270,"texture":"#0"},"down":{"uv":[7.004,7.129,7.246,7.371],"rotation":270,"texture":"#0"}}},{"from":[0.44042,14.24677,8.72844],"to":[2.13242,20.16877,8.72844],"rotation":{"angle":0,"axis":"x","origin":[8,8,8]},"faces":{"north":{"uv":[7.371,2.504,6.504,2.746],"rotation":90,"texture":"#0"},"east":{"uv":[1.504,7.379,1.504,8.246],"rotation":180,"texture":"#0"},"south":{"uv":[6.504,2.504,7.371,2.746],"rotation":270,"texture":"#0"},"west":{"uv":[5.129,8.121,5.129,7.254],"texture":"#0"},"up":{"uv":[3.754,2.629,3.754,2.871],"rotation":270,"texture":"#0"},"down":{"uv":[3.879,2.629,3.879,2.871],"rotation":270,"texture":"#0"}}},{"from":[-1.6471,10.03803,7.24794],"to":[1.3139,15.11403,10.20894],"rotation":{"angle":0,"axis":"x","origin":[8,8,8]},"faces":{"north":{"uv":[5.379,2.129,6.121,2.5625],"rotation":90,"texture":"#0"},"east":{"uv":[1.8125,5.629,1.379,6.371],"rotation":180,"texture":"#0"},"south":{"uv":[5.379,1.504,6.121,1.9375],"rotation":270,"texture":"#0"},"west":{"uv":[1.1875,6.371,0.754,5.629],"texture":"#0"},"up":{"uv":[6.504,3.254,6.9375,3.6875],"rotation":270,"texture":"#0"},"down":{"uv":[0.004,6.629,0.4375,7.0625],"rotation":270,"texture":"#0"}}},{"from":[-4.6081,10.03803,8.72844],"to":[-1.6471,15.11403,8.72844],"rotation":{"angle":0,"axis":"x","origin":[8,8,8]},"faces":{"north":{"uv":[6.371,2.754,5.629,3.1875],"rotation":90,"texture":"#0"},"east":{"uv":[5.004,7.254,5.004,7.996],"rotation":180,"texture":"#0"},"south":{"uv":[5.629,2.754,6.371,3.1875],"rotation":270,"texture":"#0"},"west":{"uv":[5.629,6.621,5.629,5.879],"texture":"#0"},"up":{"uv":[4.629,2.004,4.629,2.4375],"rotation":270,"texture":"#0"},"down":{"uv":[4.254,5.004,4.254,5.4375],"rotation":270,"texture":"#0"}}},{"from":[-3.3047,-2.11047,5.76744],"to":[2.6173,7.19553,11.68944],"rotation":{"angle":0,"axis":"x","origin":[8,8,8]},"faces":{"north":{"uv":[2.379,1.504,3.246,2.871],"texture":"#0"},"east":{"uv":[1.379,0.004,2.246,1.371],"texture":"#0"},"south":{"uv":[1.379,1.504,2.246,2.871],"texture":"#0"},"west":{"uv":[2.379,0.004,3.246,1.371],"texture":"#0"},"up":{"uv":[2.871,3.871,2.004,3.004],"rotation":90,"texture":"#0"},"down":{"uv":[3.871,3.004,3.004,3.871],"rotation":270,"texture":"#0"}}},{"from":[-8.3807,-2.11047,8.72844],"to":[-2.4587,7.19553,8.72844],"rotation":{"angle":0,"axis":"x","origin":[8,8,8]},"faces":{"north":{"uv":[1.004,3.004,1.871,4.371],"texture":"#0"},"east":{"uv":[0.629,6.629,0.629,7.996],"texture":"#0"},"south":{"uv":[1.871,3.004,1.004,4.371],"texture":"#0"},"west":{"uv":[5.254,6.879,5.254,8.246],"texture":"#0"},"up":{"uv":[5.629,4.871,5.629,4.004],"rotation":90,"texture":"#0"},"down":{"uv":[5.379,6.879,5.379,7.746],"rotation":270,"texture":"#0"}}},{"from":[-10.07144,-1.56339,10.35722],"to":[-8.37944,0.12861,14.58722],"rotation":{"angle":-22.5,"axis":"x","origin":[8,8,8]},"faces":{"north":{"uv":[7.254,0.004,7.496,0.246],"texture":"#0"},"east":{"uv":[6.879,1.879,7.496,2.121],"texture":"#0"},"south":{"uv":[0.004,7.254,0.246,7.496],"texture":"#0"},"west":{"uv":[6.879,1.504,7.496,1.746],"texture":"#0"},"up":{"uv":[4.371,7.496,4.129,6.879],"rotation":180,"texture":"#0"},"down":{"uv":[4.746,6.879,4.504,7.496],"rotation":180,"texture":"#0"}}},{"from":[-10.91744,-0.53724,-0.4854],"to":[-7.53344,6.23076,2.8986],"rotation":{"angle":-22.5,"axis":"x","origin":[8,8,8]},"faces":{"north":{"uv":[1.379,4.504,1.871,5.496],"texture":"#0"},"east":{"uv":[4.754,2.004,5.246,2.996],"texture":"#0"},"south":{"uv":[4.379,3.629,4.871,4.621],"texture":"#0"},"west":{"uv":[0.754,4.504,1.246,5.496],"texture":"#0"},"up":{"uv":[6.746,0.496,6.254,0.004],"rotation":180,"texture":"#0"},"down":{"uv":[6.746,0.629,6.254,1.121],"rotation":180,"texture":"#0"}}},{"from":[-7.53344,-0.53724,1.2066],"to":[-4.14944,6.23076,1.2066],"rotation":{"angle":-22.5,"axis":"x","origin":[8,8,8]},"faces":{"north":{"uv":[2.004,4.879,2.496,5.871],"texture":"#0"},"east":{"uv":[7.254,0.379,7.254,1.371],"texture":"#0"},"south":{"uv":[4.379,4.754,4.871,5.746],"texture":"#0"},"west":{"uv":[0.379,7.254,0.379,8.246],"texture":"#0"},"up":{"uv":[6.996,3.879,6.504,3.879],"rotation":180,"texture":"#0"},"down":{"uv":[7.621,6.754,7.129,6.754],"rotation":180,"texture":"#0"}}},{"from":[-10.07144,8.77196,-0.09709],"to":[-8.37944,13.84796,1.59491],"rotation":{"angle":-45,"axis":"x","origin":[8,8,8]},"faces":{"north":{"uv":[2.254,6.754,2.496,7.496],"texture":"#0"},"east":{"uv":[2.629,6.754,2.871,7.496],"texture":"#0"},"south":{"uv":[1.504,6.504,1.746,7.246],"texture":"#0"},"west":{"uv":[1.879,6.754,2.121,7.496],"texture":"#0"},"up":{"uv":[3.621,2.871,3.379,2.629],"rotation":180,"texture":"#0"},"down":{"uv":[4.246,3.629,4.004,3.871],"rotation":180,"texture":"#0"}}},{"from":[-3.6586,-8.09013,5.91002],"to":[-0.2746,-2.16813,9.29402],"rotation":{"angle":-22.5,"axis":"z","origin":[8,8,8]},"faces":{"north":{"uv":[3.254,5.004,3.746,5.871],"texture":"#0"},"east":{"uv":[5.004,4.129,5.496,4.996],"texture":"#0"},"south":{"uv":[2.629,5.004,3.121,5.871],"texture":"#0"},"west":{"uv":[5.004,3.129,5.496,3.996],"texture":"#0"},"up":{"uv":[6.746,1.746,6.254,1.254],"rotation":180,"texture":"#0"},"down":{"uv":[6.746,1.879,6.254,2.371],"rotation":180,"texture":"#0"}}},{"from":[-2.8126,-2.16813,6.75602],"to":[-1.1206,2.06187,8.44802],"rotation":{"angle":-22.5,"axis":"z","origin":[8,8,8]},"faces":{"north":{"uv":[6.879,0.004,7.121,0.621],"texture":"#0"},"east":{"uv":[6.879,0.754,7.121,1.371],"texture":"#0"},"south":{"uv":[5.504,6.754,5.746,7.371],"texture":"#0"},"west":{"uv":[6.754,6.129,6.996,6.746],"texture":"#0"},"up":{"uv":[3.621,6.246,3.379,6.004],"rotation":180,"texture":"#0"},"down":{"uv":[5.121,6.879,4.879,7.121],"rotation":180,"texture":"#0"}}},{"from":[-14.70786,5.09365,7.60202],"to":[-13.01586,13.55365,9.29402],"rotation":{"angle":22.5,"axis":"z","origin":[8,8,8]},"faces":{"north":{"uv":[5.754,5.379,5.996,6.621],"texture":"#0"},"east":{"uv":[5.879,0.004,6.121,1.246],"texture":"#0"},"south":{"uv":[3.879,5.004,4.121,6.246],"texture":"#0"},"west":{"uv":[5.754,4.004,5.996,5.246],"texture":"#0"},"up":{"uv":[7.371,6.246,7.129,6.004],"rotation":180,"texture":"#0"},"down":{"uv":[7.371,6.379,7.129,6.621],"rotation":180,"texture":"#0"}}},{"from":[-13.87844,-1.63077,3.43021],"to":[-5.41844,0.06123,11.89021],"rotation":{"angle":0,"axis":"x","origin":[8,8,8]},"faces":{"north":{"uv":[6.129,4.004,7.371,4.246],"texture":"#0"},"east":{"uv":[6.129,4.379,7.371,4.621],"texture":"#0"},"south":{"uv":[4.254,5.879,5.496,6.121],"texture":"#0"},"west":{"uv":[2.004,6.004,3.246,6.246],"texture":"#0"},"up":{"uv":[1.246,1.246,0.004,0.004],"rotation":180,"texture":"#0"},"down":{"uv":[1.246,1.379,0.004,2.621],"rotation":180,"texture":"#0"}}},{"from":[-6.59093,-1.63077,10.18826],"to":[-1.51493,-0.78477,15.26426],"rotation":{"angle":-22.5,"axis":"y","origin":[8,8,8]},"faces":{"north":{"uv":[6.879,5.004,7.621,5.121],"texture":"#0"},"east":{"uv":[5.879,6.879,6.621,6.996],"texture":"#0"},"south":{"uv":[6.879,2.254,7.621,2.371],"texture":"#0"},"west":{"uv":[6.879,4.754,7.621,4.871],"texture":"#0"},"up":{"uv":[4.121,0.746,3.379,0.004],"rotation":180,"texture":"#0"},"down":{"uv":[4.121,0.879,3.379,1.621],"rotation":180,"texture":"#0"}}},{"from":[-12.56786,-1.63077,7.69177],"to":[-7.49186,-0.78477,11.92177],"rotation":{"angle":-22.5,"axis":"y","origin":[8,8,8]},"faces":{"north":{"uv":[7.129,3.254,7.871,3.371],"texture":"#0"},"east":{"uv":[5.879,7.129,6.496,7.246],"texture":"#0"},"south":{"uv":[6.754,6.879,7.496,6.996],"texture":"#0"},"west":{"uv":[7.129,5.754,7.746,5.871],"texture":"#0"},"up":{"uv":[5.746,0.621,5.004,0.004],"rotation":180,"texture":"#0"},"down":{"uv":[5.746,0.754,5.004,1.371],"rotation":180,"texture":"#0"}}},{"from":[-12.21782,-1.63077,16.35335],"to":[-7.14182,-0.78477,21.42935],"rotation":{"angle":-22.5,"axis":"y","origin":[8,8,8]},"faces":{"north":{"uv":[7.129,5.254,7.871,5.371],"texture":"#0"},"east":{"uv":[7.129,5.504,7.871,5.621],"texture":"#0"},"south":{"uv":[7.129,3.504,7.871,3.621],"texture":"#0"},"west":{"uv":[7.129,3.754,7.871,3.871],"texture":"#0"},"up":{"uv":[4.121,2.496,3.379,1.754],"rotation":180,"texture":"#0"},"down":{"uv":[2.746,4.004,2.004,4.746],"rotation":180,"texture":"#0"}}},{"from":[-10.91744,-2.40939,6.12722],"to":[-7.53344,0.97461,10.35722],"rotation":{"angle":-22.5,"axis":"x","origin":[8,8,8]},"faces":{"north":{"uv":[4.879,6.254,5.371,6.746],"texture":"#0"},"east":{"uv":[6.129,4.754,6.746,5.246],"texture":"#0"},"south":{"uv":[4.254,6.254,4.746,6.746],"texture":"#0"},"west":{"uv":[0.004,6.004,0.621,6.496],"texture":"#0"},"up":{"uv":[6.621,5.996,6.129,5.379],"rotation":180,"texture":"#0"},"down":{"uv":[6.621,6.129,6.129,6.746],"rotation":180,"texture":"#0"}}},{"from":[-11.34044,5.10515,5.65645],"to":[-7.11044,11.02715,9.88645],"rotation":{"angle":0,"axis":"x","origin":[8,8,8]},"faces":{"north":{"uv":[3.629,4.004,4.246,4.871],"texture":"#0"},"east":{"uv":[0.004,4.254,0.621,5.121],"texture":"#0"},"south":{"uv":[4.004,2.629,4.621,3.496],"texture":"#0"},"west":{"uv":[2.879,4.004,3.496,4.871],"texture":"#0"},"up":{"uv":[5.621,5.746,5.004,5.129],"rotation":180,"texture":"#0"},"down":{"uv":[0.621,5.254,0.004,5.871],"rotation":180,"texture":"#0"}}},{"from":[-7.11044,5.10515,7.77145],"to":[-2.88044,11.02715,7.77145],"rotation":{"angle":0,"axis":"x","origin":[8,8,8]},"faces":{"north":{"uv":[4.254,1.004,4.871,1.871],"texture":"#0"},"east":{"uv":[4.879,7.254,4.871,8.121],"texture":"#0"},"south":{"uv":[4.871,1.004,4.254,1.871],"texture":"#0"},"west":{"uv":[0.504,7.254,0.496,8.121],"texture":"#0"},"up":{"uv":[7.996,0.379,7.379,0.371],"rotation":180,"texture":"#0"},"down":{"uv":[7.996,0.504,7.379,0.496],"rotation":180,"texture":"#0"}}},{"from":[-10.07144,8.67954,4.77553],"to":[-8.37944,12.90954,6.46753],"rotation":{"angle":-45,"axis":"x","origin":[8,8,8]},"faces":{"north":{"uv":[3.754,6.754,3.996,7.371],"texture":"#0"},"east":{"uv":[6.754,5.379,6.996,5.996],"texture":"#0"},"south":{"uv":[3.004,6.754,3.246,7.371],"texture":"#0"},"west":{"uv":[3.379,6.754,3.621,7.371],"texture":"#0"},"up":{"uv":[4.496,2.246,4.254,2.004],"rotation":180,"texture":"#0"},"down":{"uv":[5.246,1.504,5.004,1.746],"rotation":180,"texture":"#0"}}},{"from":[-10.07144,14.24677,6.78542],"to":[-8.37944,20.16877,8.47742],"rotation":{"angle":0,"axis":"x","origin":[8,8,8]},"faces":{"north":{"uv":[0.996,7.371,0.754,6.504],"texture":"#0"},"east":{"uv":[3.004,6.379,3.871,6.621],"rotation":90,"texture":"#0"},"south":{"uv":[1.371,6.504,1.129,7.371],"rotation":180,"texture":"#0"},"west":{"uv":[2.004,6.379,2.871,6.621],"rotation":270,"texture":"#0"},"up":{"uv":[6.629,7.129,6.871,7.371],"texture":"#0"},"down":{"uv":[7.004,7.129,7.246,7.371],"rotation":180,"texture":"#0"}}},{"from":[-9.22544,14.24677,8.47742],"to":[-9.22544,20.16877,10.16942],"rotation":{"angle":0,"axis":"x","origin":[8,8,8]},"faces":{"north":{"uv":[5.129,8.121,5.129,7.254],"texture":"#0"},"east":{"uv":[7.371,2.504,6.504,2.746],"rotation":90,"texture":"#0"},"south":{"uv":[1.504,7.379,1.504,8.246],"rotation":180,"texture":"#0"},"west":{"uv":[6.504,2.504,7.371,2.746],"rotation":270,"texture":"#0"},"up":{"uv":[3.754,2.629,3.754,2.871],"texture":"#0"},"down":{"uv":[3.879,2.629,3.879,2.871],"rotation":180,"texture":"#0"}}},{"from":[-10.70594,10.03803,6.3899],"to":[-7.74494,15.11403,9.3509],"rotation":{"angle":0,"axis":"x","origin":[8,8,8]},"faces":{"north":{"uv":[1.1875,6.371,0.754,5.629],"texture":"#0"},"east":{"uv":[5.379,2.129,6.121,2.5625],"rotation":90,"texture":"#0"},"south":{"uv":[1.8125,5.629,1.379,6.371],"rotation":180,"texture":"#0"},"west":{"uv":[5.379,1.504,6.121,1.9375],"rotation":270,"texture":"#0"},"up":{"uv":[6.504,3.254,6.9375,3.6875],"texture":"#0"},"down":{"uv":[0.004,6.629,0.4375,7.0625],"rotation":180,"texture":"#0"}}},{"from":[-9.22544,10.03803,3.4289],"to":[-9.22544,15.11403,6.3899],"rotation":{"angle":0,"axis":"x","origin":[8,8,8]},"faces":{"north":{"uv":[5.629,6.621,5.629,5.879],"texture":"#0"},"east":{"uv":[6.371,2.754,5.629,3.1875],"rotation":90,"texture":"#0"},"south":{"uv":[5.004,7.254,5.004,7.996],"rotation":180,"texture":"#0"},"west":{"uv":[5.629,2.754,6.371,3.1875],"rotation":270,"texture":"#0"},"up":{"uv":[4.629,2.004,4.629,2.4375],"texture":"#0"},"down":{"uv":[4.254,5.004,4.254,5.4375],"rotation":180,"texture":"#0"}}},{"from":[-12.18644,-2.11047,4.7323],"to":[-6.26444,7.19553,10.6543],"rotation":{"angle":0,"axis":"x","origin":[8,8,8]},"faces":{"north":{"uv":[2.379,0.004,3.246,1.371],"texture":"#0"},"east":{"uv":[2.379,1.504,3.246,2.871],"texture":"#0"},"south":{"uv":[1.379,0.004,2.246,1.371],"texture":"#0"},"west":{"uv":[1.379,1.504,2.246,2.871],"texture":"#0"},"up":{"uv":[2.871,3.871,2.004,3.004],"rotation":180,"texture":"#0"},"down":{"uv":[3.871,3.004,3.004,3.871],"rotation":180,"texture":"#0"}}},{"from":[-9.22544,-2.11047,-0.3437],"to":[-9.22544,7.19553,5.5783],"rotation":{"angle":0,"axis":"x","origin":[8,8,8]},"faces":{"north":{"uv":[5.254,6.879,5.254,8.246],"texture":"#0"},"east":{"uv":[1.004,3.004,1.871,4.371],"texture":"#0"},"south":{"uv":[0.629,6.629,0.629,7.996],"texture":"#0"},"west":{"uv":[1.871,3.004,1.004,4.371],"texture":"#0"},"up":{"uv":[5.629,4.871,5.629,4.004],"rotation":180,"texture":"#0"},"down":{"uv":[5.379,6.879,5.379,7.746],"rotation":180,"texture":"#0"}}},{"from":[24.37944,-1.56339,1.41278],"to":[26.07144,0.12861,5.64278],"rotation":{"angle":22.5,"axis":"x","origin":[8,8,8]},"faces":{"north":{"uv":[0.004,7.254,0.246,7.496],"texture":"#0"},"east":{"uv":[6.879,1.504,7.496,1.746],"texture":"#0"},"south":{"uv":[7.254,0.004,7.496,0.246],"texture":"#0"},"west":{"uv":[6.879,1.879,7.496,2.121],"texture":"#0"},"up":{"uv":[4.371,7.496,4.129,6.879],"texture":"#0"},"down":{"uv":[4.746,6.879,4.504,7.496],"texture":"#0"}}},{"from":[23.53344,-0.53724,13.1014],"to":[26.91744,6.23076,16.4854],"rotation":{"angle":22.5,"axis":"x","origin":[8,8,8]},"faces":{"north":{"uv":[4.379,3.629,4.871,4.621],"texture":"#0"},"east":{"uv":[0.754,4.504,1.246,5.496],"texture":"#0"},"south":{"uv":[1.379,4.504,1.871,5.496],"texture":"#0"},"west":{"uv":[4.754,2.004,5.246,2.996],"texture":"#0"},"up":{"uv":[6.746,0.496,6.254,0.004],"texture":"#0"},"down":{"uv":[6.746,0.629,6.254,1.121],"texture":"#0"}}},{"from":[20.14944,-0.53724,14.7934],"to":[23.53344,6.23076,14.7934],"rotation":{"angle":22.5,"axis":"x","origin":[8,8,8]},"faces":{"north":{"uv":[4.379,4.754,4.871,5.746],"texture":"#0"},"east":{"uv":[0.379,7.254,0.379,8.246],"texture":"#0"},"south":{"uv":[2.004,4.879,2.496,5.871],"texture":"#0"},"west":{"uv":[7.254,0.379,7.254,1.371],"texture":"#0"},"up":{"uv":[6.996,3.879,6.504,3.879],"texture":"#0"},"down":{"uv":[7.621,6.754,7.129,6.754],"texture":"#0"}}},{"from":[24.37944,8.77196,14.40509],"to":[26.07144,13.84796,16.09709],"rotation":{"angle":45,"axis":"x","origin":[8,8,8]},"faces":{"north":{"uv":[1.504,6.504,1.746,7.246],"texture":"#0"},"east":{"uv":[1.879,6.754,2.121,7.496],"texture":"#0"},"south":{"uv":[2.254,6.754,2.496,7.496],"texture":"#0"},"west":{"uv":[2.629,6.754,2.871,7.496],"texture":"#0"},"up":{"uv":[3.621,2.871,3.379,2.629],"texture":"#0"},"down":{"uv":[4.246,3.629,4.004,3.871],"texture":"#0"}}},{"from":[16.2746,-8.09013,6.70598],"to":[19.6586,-2.16813,10.08998],"rotation":{"angle":22.5,"axis":"z","origin":[8,8,8]},"faces":{"north":{"uv":[2.629,5.004,3.121,5.871],"texture":"#0"},"east":{"uv":[5.004,3.129,5.496,3.996],"texture":"#0"},"south":{"uv":[3.254,5.004,3.746,5.871],"texture":"#0"},"west":{"uv":[5.004,4.129,5.496,4.996],"texture":"#0"},"up":{"uv":[6.746,1.746,6.254,1.254],"texture":"#0"},"down":{"uv":[6.746,1.879,6.254,2.371],"texture":"#0"}}},{"from":[17.1206,-2.16813,7.55198],"to":[18.8126,2.06187,9.24398],"rotation":{"angle":22.5,"axis":"z","origin":[8,8,8]},"faces":{"north":{"uv":[5.504,6.754,5.746,7.371],"texture":"#0"},"east":{"uv":[6.754,6.129,6.996,6.746],"texture":"#0"},"south":{"uv":[6.879,0.004,7.121,0.621],"texture":"#0"},"west":{"uv":[6.879,0.754,7.121,1.371],"texture":"#0"},"up":{"uv":[3.621,6.246,3.379,6.004],"texture":"#0"},"down":{"uv":[5.121,6.879,4.879,7.121],"texture":"#0"}}},{"from":[29.01586,5.09365,6.70598],"to":[30.70786,13.55365,8.39798],"rotation":{"angle":-22.5,"axis":"z","origin":[8,8,8]},"faces":{"north":{"uv":[3.879,5.004,4.121,6.246],"texture":"#0"},"east":{"uv":[5.754,4.004,5.996,5.246],"texture":"#0"},"south":{"uv":[5.754,5.379,5.996,6.621],"texture":"#0"},"west":{"uv":[5.879,0.004,6.121,1.246],"texture":"#0"},"up":{"uv":[7.371,6.246,7.129,6.004],"texture":"#0"},"down":{"uv":[7.371,6.379,7.129,6.621],"texture":"#0"}}},{"from":[21.41844,-1.63077,4.10979],"to":[29.87844,0.06123,12.56979],"rotation":{"angle":0,"axis":"x","origin":[8,8,8]},"faces":{"north":{"uv":[4.254,5.879,5.496,6.121],"texture":"#0"},"east":{"uv":[2.004,6.004,3.246,6.246],"texture":"#0"},"south":{"uv":[6.129,4.004,7.371,4.246],"texture":"#0"},"west":{"uv":[6.129,4.379,7.371,4.621],"texture":"#0"},"up":{"uv":[1.246,1.246,0.004,0.004],"texture":"#0"},"down":{"uv":[1.246,1.379,0.004,2.621],"texture":"#0"}}},{"from":[17.51493,-1.63077,0.73574],"to":[22.59093,-0.78477,5.81174],"rotation":{"angle":-22.5,"axis":"y","origin":[8,8,8]},"faces":{"north":{"uv":[6.879,2.254,7.621,2.371],"texture":"#0"},"east":{"uv":[6.879,4.754,7.621,4.871],"texture":"#0"},"south":{"uv":[6.879,5.004,7.621,5.121],"texture":"#0"},"west":{"uv":[5.879,6.879,6.621,6.996],"texture":"#0"},"up":{"uv":[4.121,0.746,3.379,0.004],"texture":"#0"},"down":{"uv":[4.121,0.879,3.379,1.621],"texture":"#0"}}},{"from":[23.49186,-1.63077,4.07823],"to":[28.56786,-0.78477,8.30823],"rotation":{"angle":-22.5,"axis":"y","origin":[8,8,8]},"faces":{"north":{"uv":[6.754,6.879,7.496,6.996],"texture":"#0"},"east":{"uv":[7.129,5.754,7.746,5.871],"texture":"#0"},"south":{"uv":[7.129,3.254,7.871,3.371],"texture":"#0"},"west":{"uv":[5.879,7.129,6.496,7.246],"texture":"#0"},"up":{"uv":[5.746,0.621,5.004,0.004],"texture":"#0"},"down":{"uv":[5.746,0.754,5.004,1.371],"texture":"#0"}}},{"from":[23.14182,-1.63077,-5.42935],"to":[28.21782,-0.78477,-0.35335],"rotation":{"angle":-22.5,"axis":"y","origin":[8,8,8]},"faces":{"north":{"uv":[7.129,3.504,7.871,3.621],"texture":"#0"},"east":{"uv":[7.129,3.754,7.871,3.871],"texture":"#0"},"south":{"uv":[7.129,5.254,7.871,5.371],"texture":"#0"},"west":{"uv":[7.129,5.504,7.871,5.621],"texture":"#0"},"up":{"uv":[4.121,2.496,3.379,1.754],"texture":"#0"},"down":{"uv":[2.746,4.004,2.004,4.746],"texture":"#0"}}},{"from":[23.53344,-2.40939,5.64278],"to":[26.91744,0.97461,9.87278],"rotation":{"angle":22.5,"axis":"x","origin":[8,8,8]},"faces":{"north":{"uv":[4.254,6.254,4.746,6.746],"texture":"#0"},"east":{"uv":[0.004,6.004,0.621,6.496],"texture":"#0"},"south":{"uv":[4.879,6.254,5.371,6.746],"texture":"#0"},"west":{"uv":[6.129,4.754,6.746,5.246],"texture":"#0"},"up":{"uv":[6.621,5.996,6.129,5.379],"texture":"#0"},"down":{"uv":[6.621,6.129,6.129,6.746],"texture":"#0"}}},{"from":[23.11044,5.10515,6.11355],"to":[27.34044,11.02715,10.34355],"rotation":{"angle":0,"axis":"x","origin":[8,8,8]},"faces":{"north":{"uv":[4.004,2.629,4.621,3.496],"texture":"#0"},"east":{"uv":[2.879,4.004,3.496,4.871],"texture":"#0"},"south":{"uv":[3.629,4.004,4.246,4.871],"texture":"#0"},"west":{"uv":[0.004,4.254,0.621,5.121],"texture":"#0"},"up":{"uv":[5.621,5.746,5.004,5.129],"texture":"#0"},"down":{"uv":[0.621,5.254,0.004,5.871],"texture":"#0"}}},{"from":[18.88044,5.10515,8.22855],"to":[23.11044,11.02715,8.22855],"rotation":{"angle":0,"axis":"x","origin":[8,8,8]},"faces":{"north":{"uv":[4.871,1.004,4.254,1.871],"texture":"#0"},"east":{"uv":[0.504,7.254,0.496,8.121],"texture":"#0"},"south":{"uv":[4.254,1.004,4.871,1.871],"texture":"#0"},"west":{"uv":[4.879,7.254,4.871,8.121],"texture":"#0"},"up":{"uv":[7.996,0.379,7.379,0.371],"texture":"#0"},"down":{"uv":[7.996,0.504,7.379,0.496],"texture":"#0"}}},{"from":[24.37944,8.67954,9.53247],"to":[26.07144,12.90954,11.22447],"rotation":{"angle":45,"axis":"x","origin":[8,8,8]},"faces":{"north":{"uv":[3.004,6.754,3.246,7.371],"texture":"#0"},"east":{"uv":[3.379,6.754,3.621,7.371],"texture":"#0"},"south":{"uv":[3.754,6.754,3.996,7.371],"texture":"#0"},"west":{"uv":[6.754,5.379,6.996,5.996],"texture":"#0"},"up":{"uv":[4.496,2.246,4.254,2.004],"texture":"#0"},"down":{"uv":[5.246,1.504,5.004,1.746],"texture":"#0"}}},{"from":[24.37944,14.24677,7.52258],"to":[26.07144,20.16877,9.21458],"rotation":{"angle":0,"axis":"x","origin":[8,8,8]},"faces":{"north":{"uv":[1.371,6.504,1.129,7.371],"rotation":180,"texture":"#0"},"east":{"uv":[2.004,6.379,2.871,6.621],"rotation":270,"texture":"#0"},"south":{"uv":[0.996,7.371,0.754,6.504],"texture":"#0"},"west":{"uv":[3.004,6.379,3.871,6.621],"rotation":90,"texture":"#0"},"up":{"uv":[6.629,7.129,6.871,7.371],"rotation":180,"texture":"#0"},"down":{"uv":[7.004,7.129,7.246,7.371],"texture":"#0"}}},{"from":[25.22544,14.24677,5.83058],"to":[25.22544,20.16877,7.52258],"rotation":{"angle":0,"axis":"x","origin":[8,8,8]},"faces":{"north":{"uv":[1.504,7.379,1.504,8.246],"rotation":180,"texture":"#0"},"east":{"uv":[6.504,2.504,7.371,2.746],"rotation":270,"texture":"#0"},"south":{"uv":[5.129,8.121,5.129,7.254],"texture":"#0"},"west":{"uv":[7.371,2.504,6.504,2.746],"rotation":90,"texture":"#0"},"up":{"uv":[3.754,2.629,3.754,2.871],"rotation":180,"texture":"#0"},"down":{"uv":[3.879,2.629,3.879,2.871],"texture":"#0"}}},{"from":[23.74494,10.03803,6.6491],"to":[26.70594,15.11403,9.6101],"rotation":{"angle":0,"axis":"x","origin":[8,8,8]},"faces":{"north":{"uv":[1.8125,5.629,1.379,6.371],"rotation":180,"texture":"#0"},"east":{"uv":[5.379,1.504,6.121,1.9375],"rotation":270,"texture":"#0"},"south":{"uv":[1.1875,6.371,0.754,5.629],"texture":"#0"},"west":{"uv":[5.379,2.129,6.121,2.5625],"rotation":90,"texture":"#0"},"up":{"uv":[6.504,3.254,6.9375,3.6875],"rotation":180,"texture":"#0"},"down":{"uv":[0.004,6.629,0.4375,7.0625],"texture":"#0"}}},{"from":[25.22544,10.03803,9.6101],"to":[25.22544,15.11403,12.5711],"rotation":{"angle":0,"axis":"x","origin":[8,8,8]},"faces":{"north":{"uv":[5.004,7.254,5.004,7.996],"rotation":180,"texture":"#0"},"east":{"uv":[5.629,2.754,6.371,3.1875],"rotation":270,"texture":"#0"},"south":{"uv":[5.629,6.621,5.629,5.879],"texture":"#0"},"west":{"uv":[6.371,2.754,5.629,3.1875],"rotation":90,"texture":"#0"},"up":{"uv":[4.629,2.004,4.629,2.4375],"rotation":180,"texture":"#0"},"down":{"uv":[4.254,5.004,4.254,5.4375],"texture":"#0"}}},{"from":[22.26444,-2.11047,5.3457],"to":[28.18644,7.19553,11.2677],"rotation":{"angle":0,"axis":"x","origin":[8,8,8]},"faces":{"north":{"uv":[1.379,0.004,2.246,1.371],"texture":"#0"},"east":{"uv":[1.379,1.504,2.246,2.871],"texture":"#0"},"south":{"uv":[2.379,0.004,3.246,1.371],"texture":"#0"},"west":{"uv":[2.379,1.504,3.246,2.871],"texture":"#0"},"up":{"uv":[2.871,3.871,2.004,3.004],"texture":"#0"},"down":{"uv":[3.871,3.004,3.004,3.871],"texture":"#0"}}},{"from":[25.22544,-2.11047,10.4217],"to":[25.22544,7.19553,16.3437],"rotation":{"angle":0,"axis":"x","origin":[8,8,8]},"faces":{"north":{"uv":[0.629,6.629,0.629,7.996],"texture":"#0"},"east":{"uv":[1.871,3.004,1.004,4.371],"texture":"#0"},"south":{"uv":[5.254,6.879,5.254,8.246],"texture":"#0"},"west":{"uv":[1.004,3.004,1.871,4.371],"texture":"#0"},"up":{"uv":[5.629,4.871,5.629,4.004],"texture":"#0"},"down":{"uv":[5.379,6.879,5.379,7.746],"texture":"#0"}}}],"display":{"head":{"translation":[4,-80,0.25],"scale":[4,4,4]}},"groups":[{"name":"group","origin":[8,8,8],"color":0,"children":[0,1,2,3,4,5,6,7,8,9,10,11,{"name":"group","origin":[8,11.57808,13.28595],"color":0,"children":[12,13,14]},{"name":"group","origin":[7,17.28119,-0.76672],"color":0,"children":[15,16]},{"name":"group","origin":[9.75,13.92244,3.6527],"color":0,"children":[17,18]},{"name":"group","origin":[11.5,8,8],"color":0,"children":[19,20]}]},{"name":"group","origin":[8,8,8],"color":0,"children":[21,22,23,24,25,26,27,28,29,30,31,32,{"name":"group","origin":[8,11.57808,13.28595],"color":0,"children":[33,34,35]},{"name":"group","origin":[7,17.28119,-0.76672],"color":0,"children":[36,37]},{"name":"group","origin":[9.75,13.92244,3.6527],"color":0,"children":[38,39]},{"name":"group","origin":[11.5,8,8],"color":0,"children":[40,41]}]},{"name":"group","origin":[8,8,8],"color":0,"children":[42,43,44,45,46,47,48,49,50,51,52,53,{"name":"group","origin":[8,11.57808,13.28595],"color":0,"children":[54,55,56]},{"name":"group","origin":[7,17.28119,-0.76672],"color":0,"children":[57,58]},{"name":"group","origin":[9.75,13.92244,3.6527],"color":0,"children":[59,60]},{"name":"group","origin":[11.5,8,8],"color":0,"children":[61,62]}]},{"name":"group","origin":[8,8,8],"color":0,"children":[63,64,65,66,67,68,69,70,71,72,73,74,{"name":"group","origin":[8,11.57808,13.28595],"color":0,"children":[75,76,77]},{"name":"group","origin":[7,17.28119,-0.76672],"color":0,"children":[78,79]},{"name":"group","origin":[9.75,13.92244,3.6527],"color":0,"children":[80,81]},{"name":"group","origin":[11.5,8,8],"color":0,"children":[82,83]}]},{"name":"group","origin":[7.5,4.66336,8],"color":0,"children":[84,85,86,87,88,89,90,91,92,93,94,95,{"name":"group","origin":[7.5,8.24144,13.28595],"color":0,"children":[96,97,98]},{"name":"group","origin":[6.5,13.94455,-0.76672],"color":0,"children":[99,100]},{"name":"group","origin":[9.25,10.5858,3.6527],"color":0,"children":[101,102]},{"name":"group","origin":[11,4.66336,8],"color":0,"children":[103,104]}]}]}