{"credit":"MadewithBlockbench","texture_size":[64,64],"textures":{"0":"glacia_model:glacia_texture/glacia_spike_medium","particle":"glacia_model:glacia_texture/glacia_spike_medium"},"elements":[{"from":[5.5,-3.44392,7.7119],"to":[10.5,5.55608,12.7119],"rotation":{"angle":-22.5,"axis":"x","origin":[8,8,8]},"faces":{"north":{"uv":[0.008,2.258,1.242,4.492],"texture":"#0"},"east":{"uv":[1.508,2.258,2.742,4.492],"texture":"#0"},"south":{"uv":[3.008,2.258,4.242,4.492],"texture":"#0"},"west":{"uv":[4.508,0.008,5.742,2.242],"texture":"#0"},"up":{"uv":[7.742,5.742,6.508,4.508],"texture":"#0"},"down":{"uv":[7.742,6.008,6.508,7.242],"texture":"#0"}}},{"from":[10.5,-3.44392,10.2119],"to":[15.5,5.55608,10.2119],"rotation":{"angle":-22.5,"axis":"x","origin":[8,8,8]},"faces":{"north":{"uv":[1.242,4.758,0.008,6.992],"texture":"#0"},"east":{"uv":[9.758,10.758,9.758,12.992],"texture":"#0"},"south":{"uv":[0.008,4.758,1.242,6.992],"texture":"#0"},"west":{"uv":[10.008,10.758,10.008,12.992],"texture":"#0"},"up":{"uv":[11.992,8.008,10.758,8.008],"texture":"#0"},"down":{"uv":[12.242,0.008,11.008,0.008],"texture":"#0"}}},{"from":[7,-1.06889,14.20085],"to":[9,6.93111,16.20085],"rotation":{"angle":22.5,"axis":"x","origin":[8.5,2.43111,12.70085]},"faces":{"north":{"uv":[3.008,8.258,3.492,10.242],"texture":"#0"},"east":{"uv":[3.758,8.258,4.242,10.242],"texture":"#0"},"south":{"uv":[4.508,8.258,4.992,10.242],"texture":"#0"},"west":{"uv":[8.258,6.258,8.742,8.242],"texture":"#0"},"up":{"uv":[2.742,10.992,2.258,10.508],"texture":"#0"},"down":{"uv":[3.492,10.508,3.008,10.992],"texture":"#0"}}},{"from":[3.5,-2.18411,12.12159],"to":[5.5,4.81589,14.12159],"rotation":{"angle":22.5,"axis":"z","origin":[4,1.31589,12.62159]},"faces":{"north":{"uv":[2.258,8.508,2.742,10.242],"texture":"#0"},"east":{"uv":[9.008,6.508,9.492,8.242],"texture":"#0"},"south":{"uv":[8.258,9.258,8.742,10.992],"texture":"#0"},"west":{"uv":[9.008,9.258,9.492,10.992],"texture":"#0"},"up":{"uv":[4.242,10.992,3.758,10.508],"texture":"#0"},"down":{"uv":[4.992,10.508,4.508,10.992],"texture":"#0"}}},{"from":[10.5,-2.18411,12.12159],"to":[12.5,4.81589,14.12159],"rotation":{"angle":-22.5,"axis":"z","origin":[12,1.31589,12.62159]},"faces":{"north":{"uv":[0.008,9.508,0.492,11.242],"texture":"#0"},"east":{"uv":[0.758,9.508,1.242,11.242],"texture":"#0"},"south":{"uv":[1.508,9.508,1.992,11.242],"texture":"#0"},"west":{"uv":[5.258,9.508,5.742,11.242],"texture":"#0"},"up":{"uv":[6.492,10.992,6.008,10.508],"texture":"#0"},"down":{"uv":[7.242,10.508,6.758,10.992],"texture":"#0"}}},{"from":[4.5,-0.04725,9.0528],"to":[11.5,1.95275,17.0528],"rotation":{"angle":0,"axis":"x","origin":[8,5.20275,11.5528]},"faces":{"north":{"uv":[9.508,2.508,11.242,2.992],"texture":"#0"},"east":{"uv":[8.258,8.508,10.242,8.992],"texture":"#0"},"south":{"uv":[9.508,3.258,11.242,3.742],"texture":"#0"},"west":{"uv":[0.008,8.758,1.992,9.242],"texture":"#0"},"up":{"uv":[1.742,1.992,0.008,0.008],"texture":"#0"},"down":{"uv":[3.742,0.008,2.008,1.992],"texture":"#0"}}},{"from":[2.5,-0.04725,8.0528],"to":[7.5,0.95275,13.0528],"rotation":{"angle":45,"axis":"y","origin":[4,0.95275,10.0528]},"faces":{"north":{"uv":[10.008,1.008,11.242,1.242],"texture":"#0"},"east":{"uv":[10.008,1.508,11.242,1.742],"texture":"#0"},"south":{"uv":[10.008,2.008,11.242,2.242],"texture":"#0"},"west":{"uv":[10.258,4.008,11.492,4.242],"texture":"#0"},"up":{"uv":[2.742,8.242,1.508,7.008],"texture":"#0"},"down":{"uv":[1.242,7.258,0.008,8.492],"texture":"#0"}}},{"from":[-1.25,-0.04725,13.0528],"to":[2.75,0.95275,17.0528],"rotation":{"angle":45,"axis":"y","origin":[4,0.95275,10.0528]},"faces":{"north":{"uv":[10.508,8.258,11.492,8.492],"texture":"#0"},"east":{"uv":[10.508,8.758,11.492,8.992],"texture":"#0"},"south":{"uv":[10.508,9.258,11.492,9.492],"texture":"#0"},"west":{"uv":[10.508,9.758,11.492,9.992],"texture":"#0"},"up":{"uv":[9.742,0.992,8.758,0.008],"texture":"#0"},"down":{"uv":[9.742,1.258,8.758,2.242],"texture":"#0"}}},{"from":[8.92462,-0.04725,13.06321],"to":[13.92462,0.95275,18.06321],"rotation":{"angle":-22.5,"axis":"y","origin":[11.42462,0.45275,16.06321]},"faces":{"north":{"uv":[10.258,4.508,11.492,4.742],"texture":"#0"},"east":{"uv":[10.258,5.008,11.492,5.242],"texture":"#0"},"south":{"uv":[10.258,5.508,11.492,5.742],"texture":"#0"},"west":{"uv":[10.258,6.008,11.492,6.242],"texture":"#0"},"up":{"uv":[8.492,1.242,7.258,0.008],"texture":"#0"},"down":{"uv":[8.492,1.508,7.258,2.742],"texture":"#0"}}},{"from":[6,3.37634,6.65358],"to":[10,11.37634,10.65358],"rotation":{"angle":-45,"axis":"x","origin":[8,8,8]},"faces":{"north":{"uv":[1.508,4.758,2.492,6.742],"texture":"#0"},"east":{"uv":[2.758,4.758,3.742,6.742],"texture":"#0"},"south":{"uv":[4.008,5.008,4.992,6.992],"texture":"#0"},"west":{"uv":[5.258,5.008,6.242,6.992],"texture":"#0"},"up":{"uv":[9.992,4.992,9.008,4.008],"texture":"#0"},"down":{"uv":[9.992,5.258,9.008,6.242],"texture":"#0"}}},{"from":[8,3.37634,10.65358],"to":[8,11.37634,14.65358],"rotation":{"angle":-45,"axis":"x","origin":[10,8,8]},"faces":{"north":{"uv":[4.008,0.008,4.008,1.992],"texture":"#0"},"east":{"uv":[6.992,2.258,6.008,4.242],"texture":"#0"},"south":{"uv":[4.258,0.008,4.258,1.992],"texture":"#0"},"west":{"uv":[6.008,2.258,6.992,4.242],"texture":"#0"},"up":{"uv":[8.008,7.242,8.008,6.258],"texture":"#0"},"down":{"uv":[10.258,10.758,10.258,11.742],"texture":"#0"}}},{"from":[6.75,7.36379,-3.2618],"to":[9.25,9.86379,4.7382],"rotation":{"angle":45,"axis":"x","origin":[8,8,8]},"faces":{"north":{"uv":[9.758,7.258,10.375,7.875],"texture":"#0"},"east":{"uv":[3.008,7.258,4.992,7.875],"texture":"#0"},"south":{"uv":[10.008,0.008,10.625,0.625],"texture":"#0"},"west":{"uv":[7.258,3.008,9.242,3.625],"texture":"#0"},"up":{"uv":[5.875,9.242,5.258,7.258],"texture":"#0"},"down":{"uv":[6.875,7.508,6.258,9.492],"texture":"#0"}}},{"from":[4.25,8.61379,-3.2618],"to":[6.75,8.61379,4.7382],"rotation":{"angle":45,"axis":"x","origin":[8,8,8]},"faces":{"north":{"uv":[3.008,7.008,3.625,7.008],"texture":"#0"},"east":{"uv":[11.008,0.258,12.992,0.258],"texture":"#0"},"south":{"uv":[11.008,0.508,11.625,0.508],"texture":"#0"},"west":{"uv":[11.008,0.758,12.992,0.758],"texture":"#0"},"up":{"uv":[7.875,9.492,7.258,7.508],"texture":"#0"},"down":{"uv":[7.875,7.508,7.258,9.492],"texture":"#0"}}},{"from":[7,1.46229,7.2489],"to":[9,3.46229,12.2489],"rotation":{"angle":22.5,"axis":"x","origin":[8,2.96229,8.2489]},"faces":{"north":{"uv":[10.508,10.258,10.992,10.742],"texture":"#0"},"east":{"uv":[6.008,9.758,7.242,10.242],"texture":"#0"},"south":{"uv":[10.758,7.258,11.242,7.742],"texture":"#0"},"west":{"uv":[9.758,6.508,10.992,6.992],"texture":"#0"},"up":{"uv":[7.992,10.992,7.508,9.758],"texture":"#0"},"down":{"uv":[10.242,9.258,9.758,10.492],"texture":"#0"}}}],"display":{"head":{"translation":[0,-33.5,-2.5],"scale":[2,2,2]}},"groups":[{"name":"group","origin":[8,2.96229,8.2489],"color":0,"children":[0,1,2,3,4,5,6,7,8,9,10,11,12,13]}]}