{"credit":"MadewithBlockbench","texture_size":[128,128],"textures":{"0":"glacia_model:glacia_texture/glacia_spike_big","particle":"glacia_model:glacia_texture/glacia_spike_big"},"elements":[{"from":[3.5,-0.04725,9.0528],"to":[13.5,1.95275,19.0528],"rotation":{"angle":0,"axis":"x","origin":[8,5.20275,11.5528]},"faces":{"north":{"uv":[4.254,5.879,5.496,6.121],"texture":"#0"},"east":{"uv":[2.004,6.004,3.246,6.246],"texture":"#0"},"south":{"uv":[6.129,4.004,7.371,4.246],"texture":"#0"},"west":{"uv":[6.129,4.379,7.371,4.621],"texture":"#0"},"up":{"uv":[1.246,1.246,0.004,0.004],"texture":"#0"},"down":{"uv":[1.246,1.379,0.004,2.621],"texture":"#0"}}},{"from":[4.5,-0.61427,9.51369],"to":[11.5,10.38573,16.51369],"rotation":{"angle":-22.5,"axis":"x","origin":[8,4.88573,16.01369]},"faces":{"north":{"uv":[1.379,0.004,2.246,1.371],"texture":"#0"},"east":{"uv":[1.379,1.504,2.246,2.871],"texture":"#0"},"south":{"uv":[2.379,0.004,3.246,1.371],"texture":"#0"},"west":{"uv":[2.379,1.504,3.246,2.871],"texture":"#0"},"up":{"uv":[2.871,3.871,2.004,3.004],"texture":"#0"},"down":{"uv":[3.871,3.004,3.004,3.871],"texture":"#0"}}},{"from":[8,-0.61427,15.51369],"to":[8,10.38573,22.51369],"rotation":{"angle":-22.5,"axis":"x","origin":[8,4.88573,16.01369]},"faces":{"north":{"uv":[0.629,6.629,0.629,7.996],"texture":"#0"},"east":{"uv":[1.871,3.004,1.004,4.371],"texture":"#0"},"south":{"uv":[5.254,6.879,5.254,8.246],"texture":"#0"},"west":{"uv":[1.004,3.004,1.871,4.371],"texture":"#0"},"up":{"uv":[5.629,4.871,5.629,4.004],"texture":"#0"},"down":{"uv":[5.379,6.879,5.379,7.746],"texture":"#0"}}},{"from":[6,0.93111,16.20085],"to":[10,8.93111,20.20085],"rotation":{"angle":22.5,"axis":"x","origin":[8.5,2.43111,12.70085]},"faces":{"north":{"uv":[4.379,3.629,4.871,4.621],"texture":"#0"},"east":{"uv":[0.754,4.504,1.246,5.496],"texture":"#0"},"south":{"uv":[1.379,4.504,1.871,5.496],"texture":"#0"},"west":{"uv":[4.754,2.004,5.246,2.996],"texture":"#0"},"up":{"uv":[6.746,0.496,6.254,0.004],"texture":"#0"},"down":{"uv":[6.746,0.629,6.254,1.121],"texture":"#0"}}},{"from":[2,0.93111,18.20085],"to":[6,8.93111,18.20085],"rotation":{"angle":22.5,"axis":"x","origin":[8.5,2.43111,12.70085]},"faces":{"north":{"uv":[4.379,4.754,4.871,5.746],"texture":"#0"},"east":{"uv":[0.379,7.254,0.379,8.246],"texture":"#0"},"south":{"uv":[2.004,4.879,2.496,5.871],"texture":"#0"},"west":{"uv":[7.254,0.379,7.254,1.371],"texture":"#0"},"up":{"uv":[6.996,3.879,6.504,3.879],"texture":"#0"},"down":{"uv":[7.621,6.754,7.129,6.754],"texture":"#0"}}},{"from":[7,6.10321,21.91768],"to":[9,12.10321,23.91768],"rotation":{"angle":45,"axis":"x","origin":[8,9.10321,21.41768]},"faces":{"north":{"uv":[1.504,6.504,1.746,7.246],"texture":"#0"},"east":{"uv":[1.879,6.754,2.121,7.496],"texture":"#0"},"south":{"uv":[2.254,6.754,2.496,7.496],"texture":"#0"},"west":{"uv":[2.629,6.754,2.871,7.496],"texture":"#0"},"up":{"uv":[3.621,2.871,3.379,2.629],"texture":"#0"},"down":{"uv":[4.246,3.629,4.004,3.871],"texture":"#0"}}},{"from":[7,8.57808,11.28595],"to":[9,13.57808,13.28595],"rotation":{"angle":0,"axis":"x","origin":[5.5,9.54962,10.9481]},"faces":{"north":{"uv":[3.004,6.754,3.246,7.371],"texture":"#0"},"east":{"uv":[3.379,6.754,3.621,7.371],"texture":"#0"},"south":{"uv":[3.754,6.754,3.996,7.371],"texture":"#0"},"west":{"uv":[6.754,5.379,6.996,5.996],"texture":"#0"},"up":{"uv":[4.496,2.246,4.254,2.004],"texture":"#0"},"down":{"uv":[5.246,1.504,5.004,1.746],"texture":"#0"}}},{"from":[2.5,-2.18411,12.12159],"to":[6.5,4.81589,16.12159],"rotation":{"angle":22.5,"axis":"z","origin":[4,1.31589,12.62159]},"faces":{"north":{"uv":[2.629,5.004,3.121,5.871],"texture":"#0"},"east":{"uv":[5.004,3.129,5.496,3.996],"texture":"#0"},"south":{"uv":[3.254,5.004,3.746,5.871],"texture":"#0"},"west":{"uv":[5.004,4.129,5.496,4.996],"texture":"#0"},"up":{"uv":[6.746,1.746,6.254,1.254],"texture":"#0"},"down":{"uv":[6.746,1.879,6.254,2.371],"texture":"#0"}}},{"from":[1.16584,4.55051,13.12159],"to":[3.16584,9.55051,15.12159],"rotation":{"angle":22.5,"axis":"z","origin":[2.16584,7.05051,14.12159]},"faces":{"north":{"uv":[5.504,6.754,5.746,7.371],"texture":"#0"},"east":{"uv":[6.754,6.129,6.996,6.746],"texture":"#0"},"south":{"uv":[6.879,0.004,7.121,0.621],"texture":"#0"},"west":{"uv":[6.879,0.754,7.121,1.371],"texture":"#0"},"up":{"uv":[3.621,6.246,3.379,6.004],"texture":"#0"},"down":{"uv":[5.121,6.879,4.879,7.121],"texture":"#0"}}},{"from":[10.5,-2.18411,12.12159],"to":[12.5,7.81589,14.12159],"rotation":{"angle":-22.5,"axis":"z","origin":[12,1.31589,12.62159]},"faces":{"north":{"uv":[3.879,5.004,4.121,6.246],"texture":"#0"},"east":{"uv":[5.754,4.004,5.996,5.246],"texture":"#0"},"south":{"uv":[5.754,5.379,5.996,6.621],"texture":"#0"},"west":{"uv":[5.879,0.004,6.121,1.246],"texture":"#0"},"up":{"uv":[7.371,6.246,7.129,6.004],"texture":"#0"},"down":{"uv":[7.371,6.379,7.129,6.621],"texture":"#0"}}},{"from":[-0.06066,-0.04725,10.94189],"to":[5.93934,0.95275,16.94189],"rotation":{"angle":-22.5,"axis":"y","origin":[2.93934,0.45275,13.94189]},"faces":{"north":{"uv":[6.879,2.254,7.621,2.371],"texture":"#0"},"east":{"uv":[6.879,4.754,7.621,4.871],"texture":"#0"},"south":{"uv":[6.879,5.004,7.621,5.121],"texture":"#0"},"west":{"uv":[5.879,6.879,6.621,6.996],"texture":"#0"},"up":{"uv":[4.121,0.746,3.379,0.004],"texture":"#0"},"down":{"uv":[4.121,0.879,3.379,1.621],"texture":"#0"}}},{"from":[5.2981,-0.04725,16.56841],"to":[11.2981,0.95275,21.56841],"rotation":{"angle":-22.5,"axis":"y","origin":[6.2981,0.45275,19.06841]},"faces":{"north":{"uv":[6.754,6.879,7.496,6.996],"texture":"#0"},"east":{"uv":[7.129,5.754,7.746,5.871],"texture":"#0"},"south":{"uv":[7.129,3.254,7.871,3.371],"texture":"#0"},"west":{"uv":[5.879,7.129,6.496,7.246],"texture":"#0"},"up":{"uv":[5.746,0.621,5.004,0.004],"texture":"#0"},"down":{"uv":[5.746,0.754,5.004,1.371],"texture":"#0"}}},{"from":[6.42462,-0.04725,7.06321],"to":[12.42462,0.95275,13.06321],"rotation":{"angle":-22.5,"axis":"y","origin":[11.42462,0.45275,16.06321]},"faces":{"north":{"uv":[7.129,3.504,7.871,3.621],"texture":"#0"},"east":{"uv":[7.129,3.754,7.871,3.871],"texture":"#0"},"south":{"uv":[7.129,5.254,7.871,5.371],"texture":"#0"},"west":{"uv":[7.129,5.504,7.871,5.621],"texture":"#0"},"up":{"uv":[4.121,2.496,3.379,1.754],"texture":"#0"},"down":{"uv":[2.746,4.004,2.004,4.746],"texture":"#0"}}},{"from":[5.5,5.91483,6.42131],"to":[10.5,12.91483,11.42131],"rotation":{"angle":-45,"axis":"x","origin":[5.5,9.54962,10.9481]},"faces":{"north":{"uv":[4.004,2.629,4.621,3.496],"texture":"#0"},"east":{"uv":[2.879,4.004,3.496,4.871],"texture":"#0"},"south":{"uv":[3.629,4.004,4.246,4.871],"texture":"#0"},"west":{"uv":[0.004,4.254,0.621,5.121],"texture":"#0"},"up":{"uv":[5.621,5.746,5.004,5.129],"texture":"#0"},"down":{"uv":[0.621,5.254,0.004,5.871],"texture":"#0"}}},{"from":[0.5,5.91483,8.92131],"to":[5.5,12.91483,8.92131],"rotation":{"angle":-45,"axis":"x","origin":[5.5,9.54962,10.9481]},"faces":{"north":{"uv":[4.871,1.004,4.254,1.871],"texture":"#0"},"east":{"uv":[0.504,7.254,0.496,8.121],"texture":"#0"},"south":{"uv":[4.254,1.004,4.871,1.871],"texture":"#0"},"west":{"uv":[4.879,7.254,4.871,8.121],"texture":"#0"},"up":{"uv":[7.996,0.379,7.379,0.371],"texture":"#0"},"down":{"uv":[7.996,0.504,7.379,0.496],"texture":"#0"}}},{"from":[6.25,10.24566,3.30435],"to":[9.75,13.74566,9.30435],"rotation":{"angle":45,"axis":"x","origin":[8,13.74566,6.30435]},"faces":{"north":{"uv":[6.504,3.254,6.9375,3.6875],"texture":"#0"},"east":{"uv":[5.379,1.504,6.121,1.9375],"texture":"#0"},"south":{"uv":[0.004,6.629,0.4375,7.0625],"texture":"#0"},"west":{"uv":[5.379,2.129,6.121,2.5625],"texture":"#0"},"up":{"uv":[1.1875,6.371,0.754,5.629],"texture":"#0"},"down":{"uv":[1.8125,5.629,1.379,6.371],"texture":"#0"}}},{"from":[8,13.74566,3.30435],"to":[8,17.24566,9.30435],"rotation":{"angle":45,"axis":"x","origin":[8,13.74566,6.30435]},"faces":{"north":{"uv":[4.629,2.004,4.629,2.4375],"texture":"#0"},"east":{"uv":[5.629,2.754,6.371,3.1875],"texture":"#0"},"south":{"uv":[4.254,5.004,4.254,5.4375],"texture":"#0"},"west":{"uv":[6.371,2.754,5.629,3.1875],"texture":"#0"},"up":{"uv":[5.629,6.621,5.629,5.879],"texture":"#0"},"down":{"uv":[5.004,7.254,5.004,7.996],"texture":"#0"}}},{"from":[7,16.22053,-3.91317],"to":[9,18.22053,3.08683],"rotation":{"angle":45,"axis":"x","origin":[8,16.22053,-0.41317]},"faces":{"north":{"uv":[6.629,7.129,6.871,7.371],"texture":"#0"},"east":{"uv":[2.004,6.379,2.871,6.621],"texture":"#0"},"south":{"uv":[7.004,7.129,7.246,7.371],"texture":"#0"},"west":{"uv":[3.004,6.379,3.871,6.621],"texture":"#0"},"up":{"uv":[0.996,7.371,0.754,6.504],"texture":"#0"},"down":{"uv":[1.371,6.504,1.129,7.371],"texture":"#0"}}},{"from":[8,14.22053,-3.91317],"to":[8,16.22053,3.08683],"rotation":{"angle":45,"axis":"x","origin":[8,16.22053,-0.41317]},"faces":{"north":{"uv":[3.754,2.629,3.754,2.871],"texture":"#0"},"east":{"uv":[6.504,2.504,7.371,2.746],"texture":"#0"},"south":{"uv":[3.879,2.629,3.879,2.871],"texture":"#0"},"west":{"uv":[7.371,2.504,6.504,2.746],"texture":"#0"},"up":{"uv":[5.129,8.121,5.129,7.254],"texture":"#0"},"down":{"uv":[1.504,7.379,1.504,8.246],"texture":"#0"}}},{"from":[6,0.46229,7.2489],"to":[10,4.46229,12.2489],"rotation":{"angle":22.5,"axis":"x","origin":[8,2.96229,8.2489]},"faces":{"north":{"uv":[4.254,6.254,4.746,6.746],"texture":"#0"},"east":{"uv":[0.004,6.004,0.621,6.496],"texture":"#0"},"south":{"uv":[4.879,6.254,5.371,6.746],"texture":"#0"},"west":{"uv":[6.129,4.754,6.746,5.246],"texture":"#0"},"up":{"uv":[6.621,5.996,6.129,5.379],"texture":"#0"},"down":{"uv":[6.621,6.129,6.129,6.746],"texture":"#0"}}},{"from":[7,3.22243,2.4001],"to":[9,5.22243,7.4001],"rotation":{"angle":22.5,"axis":"x","origin":[8,4.22243,3.9001]},"faces":{"north":{"uv":[0.004,7.254,0.246,7.496],"texture":"#0"},"east":{"uv":[6.879,1.504,7.496,1.746],"texture":"#0"},"south":{"uv":[7.254,0.004,7.496,0.246],"texture":"#0"},"west":{"uv":[6.879,1.879,7.496,2.121],"texture":"#0"},"up":{"uv":[4.371,7.496,4.129,6.879],"texture":"#0"},"down":{"uv":[4.746,6.879,4.504,7.496],"texture":"#0"}}}],"display":{"head":{"translation":[0,-31.25,-4],"scale":[2.2,2.2,2.2]}},"groups":[{"name":"group","origin":[11.5,8,8],"color":0,"children":[]},{"name":"group","origin":[8,11.57808,13.28595],"color":0,"children":[]},{"name":"group","origin":[9.75,13.92244,3.6527],"color":0,"children":[]},{"name":"group","origin":[7,17.28119,-0.76672],"color":0,"children":[]},{"name":"group","origin":[8,4.22243,3.9001],"color":0,"children":[0,1,2,3,4,5,6,7,8,9,10,11,12,13,14,15,16,17,18,19,20]}]}