{"credit":"MadewithBlockbench","texture_size":[64,64],"textures":{"3":"spirit_pack:spirit_pack/axe_spirit"},"elements":[{"from":[7.75429,-1,7.75429],"to":[9.25429,20,9.25429],"rotation":{"angle":0,"axis":"y","origin":[8.50429,18.81328,8]},"faces":{"north":{"uv":[4.75,0,5.125,5.25],"texture":"#3"},"east":{"uv":[5.25,0,5.625,5.25],"texture":"#3"},"south":{"uv":[4.25,5.5,4.625,10.75],"texture":"#3"},"west":{"uv":[4.25,0,4.625,5.25],"texture":"#3"},"up":{"uv":[9.625,6.125,9.25,5.75],"rotation":270,"texture":"#3"},"down":{"uv":[0.375,9.5,0,9.875],"rotation":90,"texture":"#3"}}},{"from":[7.50429,17.5,7.50429],"to":[9.50429,18.5,9.50429],"rotation":{"angle":0,"axis":"y","origin":[8.50429,18.81328,8]},"faces":{"north":{"uv":[8.25,5,8.75,5.25],"texture":"#3"},"east":{"uv":[9.25,8.75,9.75,9],"texture":"#3"},"south":{"uv":[9.5,0,10,0.25],"texture":"#3"},"west":{"uv":[8,0.75,8.5,1],"texture":"#3"},"up":{"uv":[7.75,8.5,7.25,8],"rotation":270,"texture":"#3"},"down":{"uv":[8.25,8,7.75,8.5],"rotation":90,"texture":"#3"}}},{"from":[7.50429,1.5,7.50429],"to":[9.50429,2.5,9.50429],"rotation":{"angle":0,"axis":"y","origin":[8.50429,18.81328,8]},"faces":{"north":{"uv":[8.25,5,8.75,5.25],"texture":"#3"},"east":{"uv":[9.25,8.75,9.75,9],"texture":"#3"},"south":{"uv":[9.5,0,10,0.25],"texture":"#3"},"west":{"uv":[8,0.75,8.5,1],"texture":"#3"},"up":{"uv":[7.75,8.5,7.25,8],"rotation":270,"texture":"#3"},"down":{"uv":[8.25,8,7.75,8.5],"rotation":90,"texture":"#3"}}},{"from":[7.85429,26.17677,8.62042],"to":[9.15429,27.17677,14.62042],"rotation":{"angle":0,"axis":"y","origin":[8.50429,18.81328,8]},"faces":{"north":{"uv":[9.5,0.25,10,0.5],"texture":"#3"},"east":{"uv":[7.75,5.5,9.25,5.75],"texture":"#3"},"south":{"uv":[9.5,0.5,10,0.75],"texture":"#3"},"west":{"uv":[7.75,5.25,9.25,5.5],"texture":"#3"},"up":{"uv":[7.75,5.75,6.25,5.25],"rotation":270,"texture":"#3"},"down":{"uv":[3,6.5,1.5,7],"rotation":90,"texture":"#3"}}},{"from":[7.85429,25.85368,-1.9947],"to":[9.15429,26.85368,5.7553],"rotation":{"angle":22.5,"axis":"x","origin":[8.50429,18.81328,8]},"faces":{"north":{"uv":[9.5,1.75,10,2],"texture":"#3"},"east":{"uv":[7.5,1,9.125,1.25],"texture":"#3"},"south":{"uv":[9.5,2,10,2.25],"texture":"#3"},"west":{"uv":[6.25,5.75,7.875,6],"texture":"#3"},"up":{"uv":[7.875,2.25,6.25,1.75],"rotation":270,"texture":"#3"},"down":{"uv":[7.875,2.25,6.25,2.75],"rotation":90,"texture":"#3"}}},{"from":[7.85429,29.14257,1.36035],"to":[9.15429,30.06757,1.86035],"rotation":{"angle":0,"axis":"z","origin":[8.50429,29.64257,1.83535]},"faces":{"north":{"uv":[6.25,5.75,6.375,6],"texture":"#3"},"east":{"uv":[6.25,5.75,6.375,6],"texture":"#3"},"south":{"uv":[6.25,5.75,6.375,6],"texture":"#3"},"west":{"uv":[6.25,5.75,6.375,6],"texture":"#3"},"up":{"uv":[6.25,5.75,6.375,6],"rotation":270,"texture":"#3"},"down":{"uv":[6.25,5.75,6.375,6],"rotation":90,"texture":"#3"}}},{"from":[8.25429,25.14069,-2.18761],"to":[8.75429,26.14069,0.31239],"rotation":{"angle":22.5,"axis":"x","origin":[8.50429,19.10029,8.30709]},"faces":{"north":{"uv":[9.5,2.25,10,2.5],"texture":"#3"},"east":{"uv":[9,7.75,9.625,8],"texture":"#3"},"south":{"uv":[9.5,2.5,10,2.75],"texture":"#3"},"west":{"uv":[8,5.75,8.625,6],"texture":"#3"},"up":{"uv":[8.375,7.5,7.75,7],"rotation":270,"texture":"#3"},"down":{"uv":[8.375,7.5,7.75,8],"rotation":90,"texture":"#3"}}},{"from":[8.27929,23.66421,2.6152],"to":[8.72929,28.66421,3.6152],"rotation":{"angle":0,"axis":"z","origin":[8.50429,18.81328,8]},"faces":{"north":{"uv":[6.25,6.5,6.75,7.75],"texture":"#3"},"east":{"uv":[4.25,7.75,4,9],"texture":"#3"},"south":{"uv":[6.75,6.5,7.25,7.75],"texture":"#3"},"west":{"uv":[4,7.75,4.25,9],"texture":"#3"},"up":{"uv":[9.75,3.25,9.5,2.75],"rotation":270,"texture":"#3"},"down":{"uv":[5.5,9.5,5.25,10],"rotation":90,"texture":"#3"}}},{"from":[8.25429,21.35563,4.88147],"to":[8.75429,25.35563,5.88147],"rotation":{"angle":-22.5,"axis":"x","origin":[8.50429,18.81328,8]},"faces":{"north":{"uv":[7.25,7,7.75,8],"texture":"#3"},"east":{"uv":[1.75,8.25,1.5,9.25],"texture":"#3"},"south":{"uv":[7.5,0,8,1],"texture":"#3"},"west":{"uv":[1.5,8.25,1.75,9.25],"texture":"#3"},"up":{"uv":[5.75,10,5.5,9.5],"rotation":270,"texture":"#3"},"down":{"uv":[6.5,9.5,6.25,10],"rotation":90,"texture":"#3"}}},{"from":[8.35429,18.43578,0.76225],"to":[8.65429,20.93578,1.76225],"rotation":{"angle":45,"axis":"x","origin":[8.50429,18.81328,8]},"faces":{"north":{"uv":[8,0,8.5,0.625],"texture":"#3"},"east":{"uv":[4.25,9,4,9.625],"texture":"#3"},"south":{"uv":[8,1.75,8.5,2.375],"texture":"#3"},"west":{"uv":[4,9,4.25,9.625],"texture":"#3"},"up":{"uv":[9.75,6.75,9.5,6.25],"rotation":270,"texture":"#3"},"down":{"uv":[6.75,9.5,6.5,10],"rotation":90,"texture":"#3"}}},{"from":[7.87929,24.43198,3.28297],"to":[9.12929,25.43198,6.38297],"rotation":{"angle":0,"axis":"z","origin":[8.50429,18.81328,8]},"faces":{"north":{"uv":[9.5,6.75,10,7],"texture":"#3"},"east":{"uv":[9.5,7,10,7.25],"texture":"#3"},"south":{"uv":[7.25,9.5,7.75,9.75],"texture":"#3"},"west":{"uv":[6.75,9.5,7.25,9.75],"texture":"#3"},"up":{"uv":[8.75,1.75,8.25,1.25],"rotation":270,"texture":"#3"},"down":{"uv":[2.5,8.25,2,8.75],"rotation":90,"texture":"#3"}}},{"from":[7.85429,21.34999,2.17646],"to":[9.15429,22.34999,4.17646],"rotation":{"angle":45,"axis":"x","origin":[8.50429,18.81328,8]},"faces":{"north":{"uv":[9.5,7.5,10,7.75],"texture":"#3"},"east":{"uv":[7.75,9.5,8.25,9.75],"texture":"#3"},"south":{"uv":[9.5,8,10,8.25],"texture":"#3"},"west":{"uv":[9.5,7.25,10,7.5],"texture":"#3"},"up":{"uv":[3,8.75,2.5,8.25],"rotation":270,"texture":"#3"},"down":{"uv":[8.75,4,8.25,4.5],"rotation":90,"texture":"#3"}}},{"from":[7.87929,22.01777,6.79718],"to":[9.12929,24.01777,7.79718],"rotation":{"angle":0,"axis":"z","origin":[8.50429,18.81328,8]},"faces":{"north":{"uv":[8.25,4.5,8.75,5],"texture":"#3"},"east":{"uv":[9.5,8.25,9.75,8.75],"texture":"#3"},"south":{"uv":[5.75,8.25,6.25,8.75],"texture":"#3"},"west":{"uv":[8.25,9.5,8.5,10],"texture":"#3"},"up":{"uv":[8.75,10,8.5,9.5],"rotation":270,"texture":"#3"},"down":{"uv":[9,9.5,8.75,10],"rotation":90,"texture":"#3"}}},{"from":[7.60429,19.43578,4.59067],"to":[9.40429,20.93578,5.59067],"rotation":{"angle":45,"axis":"x","origin":[8.50429,18.81328,8]},"faces":{"north":{"uv":[5.25,9,5.75,9.375],"texture":"#3"},"east":{"uv":[5.25,10,5.5,10.375],"texture":"#3"},"south":{"uv":[9,6.25,9.5,6.625],"texture":"#3"},"west":{"uv":[5,10,5.25,10.375],"texture":"#3"},"up":{"uv":[9.25,10,9,9.5],"rotation":270,"texture":"#3"},"down":{"uv":[9.75,9,9.5,9.5],"rotation":90,"texture":"#3"}}},{"from":[7.60429,18.72261,8.6225],"to":[9.40429,21.22261,9.6225],"rotation":{"angle":-45,"axis":"x","origin":[8.50429,18.81328,8]},"faces":{"north":{"uv":[8,2.5,8.5,3.125],"texture":"#3"},"east":{"uv":[9.25,8,9.5,8.625],"texture":"#3"},"south":{"uv":[8,3.25,8.5,3.875],"texture":"#3"},"west":{"uv":[6,9.25,6.25,9.875],"texture":"#3"},"up":{"uv":[9.5,10,9.25,9.5],"rotation":270,"texture":"#3"},"down":{"uv":[9.75,9.5,9.5,10],"rotation":90,"texture":"#3"}}},{"from":[7.85429,18.2226,14.95093],"to":[9.15429,20.2226,15.95093],"rotation":{"angle":-45,"axis":"x","origin":[8.50429,18.81328,8]},"faces":{"north":{"uv":[8.25,8,8.75,8.5],"texture":"#3"},"east":{"uv":[0.75,9.75,1,10.25],"texture":"#3"},"south":{"uv":[8.5,0,9,0.5],"texture":"#3"},"west":{"uv":[0.5,9.75,0.75,10.25],"texture":"#3"},"up":{"uv":[10,1.25,9.75,0.75],"rotation":270,"texture":"#3"},"down":{"uv":[1.25,9.75,1,10.25],"rotation":90,"texture":"#3"}}},{"from":[7.87929,24.43198,10.62561],"to":[9.12929,25.43198,12.62561],"rotation":{"angle":0,"axis":"z","origin":[8.50429,18.81328,8]},"faces":{"north":{"uv":[9.75,1.25,10.25,1.5],"texture":"#3"},"east":{"uv":[9.75,1.5,10.25,1.75],"texture":"#3"},"south":{"uv":[1.75,9.75,2.25,10],"texture":"#3"},"west":{"uv":[1.25,9.75,1.75,10],"texture":"#3"},"up":{"uv":[9,1,8.5,0.5],"rotation":270,"texture":"#3"},"down":{"uv":[9,1.75,8.5,2.25],"rotation":90,"texture":"#3"}}},{"from":[7.87929,22.01777,13.03982],"to":[9.12929,24.01777,14.03982],"rotation":{"angle":0,"axis":"z","origin":[8.50429,18.81328,8]},"faces":{"north":{"uv":[8.5,2.25,9,2.75],"texture":"#3"},"east":{"uv":[2.5,9.75,2.75,10.25],"texture":"#3"},"south":{"uv":[8.5,2.75,9,3.25],"texture":"#3"},"west":{"uv":[2.25,9.75,2.5,10.25],"texture":"#3"},"up":{"uv":[3,10.25,2.75,9.75],"rotation":270,"texture":"#3"},"down":{"uv":[10,2.75,9.75,3.25],"rotation":90,"texture":"#3"}}},{"from":[7.85429,23.34999,9.00488],"to":[9.15429,25.34999,10.00488],"rotation":{"angle":45,"axis":"x","origin":[8.50429,18.81328,8]},"faces":{"north":{"uv":[8.5,3.25,9,3.75],"texture":"#3"},"east":{"uv":[3.25,9.75,3.5,10.25],"texture":"#3"},"south":{"uv":[4.75,8.5,5.25,9],"texture":"#3"},"west":{"uv":[3,9.75,3.25,10.25],"texture":"#3"},"up":{"uv":[10,3.75,9.75,3.25],"rotation":270,"texture":"#3"},"down":{"uv":[3.75,9.75,3.5,10.25],"rotation":90,"texture":"#3"}}},{"from":[7.85429,22.23742,11.58839],"to":[9.15429,23.23742,12.08839],"rotation":{"angle":22.5,"axis":"x","origin":[8.50429,18.81328,8]},"faces":{"north":{"uv":[3.75,9.75,4.25,10],"texture":"#3"},"east":{"uv":[0.75,10.25,0.875,10.5],"texture":"#3"},"south":{"uv":[9.75,3.75,10.25,4],"texture":"#3"},"west":{"uv":[9,0.75,9.125,1],"texture":"#3"},"up":{"uv":[8.375,10.5,8.25,10],"rotation":270,"texture":"#3"},"down":{"uv":[8.625,10,8.5,10.5],"rotation":90,"texture":"#3"}}},{"from":[7.50429,21.73742,12.0884],"to":[9.50429,25.98742,13.5884],"rotation":{"angle":22.5,"axis":"x","origin":[8.50429,18.81328,8]},"faces":{"north":{"uv":[7,0,7.5,1.125],"texture":"#3"},"east":{"uv":[3,7.75,3.375,8.875],"texture":"#3"},"south":{"uv":[1.5,7,2,8.125],"texture":"#3"},"west":{"uv":[1,7.75,1.375,8.875],"texture":"#3"},"up":{"uv":[9.375,7.25,9,6.75],"rotation":270,"texture":"#3"},"down":{"uv":[7.375,9,7,9.5],"rotation":90,"texture":"#3"}}},{"from":[7.50429,23.07939,10.65817],"to":[9.50429,23.65342,12.04399],"rotation":{"angle":45,"axis":"x","origin":[8.50429,18.81328,8]},"faces":{"north":{"uv":[8.75,10,9.25,10.125],"texture":"#3"},"east":{"uv":[10,9.5,10.375,9.625],"texture":"#3"},"south":{"uv":[10,8.75,10.5,8.875],"texture":"#3"},"west":{"uv":[10,9.25,10.375,9.375],"texture":"#3"},"up":{"uv":[9.375,7.75,9,7.25],"rotation":270,"texture":"#3"},"down":{"uv":[7.875,9,7.5,9.5],"rotation":90,"texture":"#3"}}},{"from":[7.50429,23.30273,14.40843],"to":[9.50429,27.80273,15.90843],"rotation":{"angle":0,"axis":"z","origin":[8.50429,18.81328,8]},"faces":{"north":{"uv":[2,7,2.5,8.125],"texture":"#3"},"east":{"uv":[6.25,7.75,6.625,8.875],"texture":"#3"},"south":{"uv":[2.5,7,3,8.125],"texture":"#3"},"west":{"uv":[3.5,7.75,3.875,8.875],"texture":"#3"},"up":{"uv":[8.375,9.5,8,9],"rotation":270,"texture":"#3"},"down":{"uv":[8.875,9,8.5,9.5],"rotation":90,"texture":"#3"}}},{"from":[7.50429,24.09203,17.36074],"to":[9.50429,24.66605,18.74656],"rotation":{"angle":-22.5,"axis":"x","origin":[8.50429,18.81328,8]},"faces":{"north":{"uv":[10,9,10.5,9.125],"texture":"#3"},"east":{"uv":[10,10,10.375,10.125],"texture":"#3"},"south":{"uv":[9.25,10,9.75,10.125],"texture":"#3"},"west":{"uv":[10,9.75,10.375,9.875],"texture":"#3"},"up":{"uv":[9.375,9.5,9,9],"rotation":270,"texture":"#3"},"down":{"uv":[9.625,0.75,9.25,1.25],"rotation":90,"texture":"#3"}}},{"from":[7.85429,20.63682,12.53671],"to":[9.15429,21.63682,14.53671],"rotation":{"angle":-45,"axis":"x","origin":[8.50429,18.81328,8]},"faces":{"north":{"uv":[9.75,4.25,10.25,4.5],"texture":"#3"},"east":{"uv":[9.75,4.5,10.25,4.75],"texture":"#3"},"south":{"uv":[4.75,9.75,5.25,10],"texture":"#3"},"west":{"uv":[9.75,4,10.25,4.25],"texture":"#3"},"up":{"uv":[5.75,9,5.25,8.5],"rotation":270,"texture":"#3"},"down":{"uv":[9,6.5,8.5,7],"rotation":90,"texture":"#3"}}},{"from":[7.87929,22.01777,9.2114],"to":[9.12929,24.01777,10.2114],"rotation":{"angle":0,"axis":"z","origin":[8.50429,18.81328,8]},"faces":{"north":{"uv":[8.5,7,9,7.5],"texture":"#3"},"east":{"uv":[9.75,5.25,10,5.75],"texture":"#3"},"south":{"uv":[7.25,8.5,7.75,9],"texture":"#3"},"west":{"uv":[9.75,4.75,10,5.25],"texture":"#3"},"up":{"uv":[10,6.25,9.75,5.75],"rotation":270,"texture":"#3"},"down":{"uv":[10,6.25,9.75,6.75],"rotation":90,"texture":"#3"}}},{"from":[7.60429,18.7226,11.12251],"to":[9.40429,20.2226,12.12251],"rotation":{"angle":-45,"axis":"x","origin":[8.50429,18.81328,8]},"faces":{"north":{"uv":[9.25,1.25,9.75,1.625],"texture":"#3"},"east":{"uv":[5.5,10,5.75,10.375],"texture":"#3"},"south":{"uv":[1.5,9.25,2,9.625],"texture":"#3"},"west":{"uv":[10,5.25,10.25,5.625],"texture":"#3"},"up":{"uv":[7,10.25,6.75,9.75],"rotation":270,"texture":"#3"},"down":{"uv":[7.25,9.75,7,10.25],"rotation":90,"texture":"#3"}}},{"from":[7.60429,20.43578,7.09067],"to":[9.40429,21.93578,8.09067],"rotation":{"angle":45,"axis":"x","origin":[8.50429,18.81328,8]},"faces":{"north":{"uv":[2,9.25,2.5,9.625],"texture":"#3"},"east":{"uv":[10,5.75,10.25,6.125],"texture":"#3"},"south":{"uv":[2.5,9.25,3,9.625],"texture":"#3"},"west":{"uv":[5.75,10,6,10.375],"texture":"#3"},"up":{"uv":[7.5,10.25,7.25,9.75],"rotation":270,"texture":"#3"},"down":{"uv":[7.75,9.75,7.5,10.25],"rotation":90,"texture":"#3"}}},{"from":[7.50429,3.3491,21.17735],"to":[9.50429,4.8491,22.17735],"rotation":{"angle":45,"axis":"x","origin":[8.50429,18.81328,8]},"faces":{"north":{"uv":[9.25,3.75,9.75,4.125],"texture":"#3"},"east":{"uv":[6.25,10,6.5,10.375],"texture":"#3"},"south":{"uv":[9.25,4.25,9.75,4.625],"texture":"#3"},"west":{"uv":[6,10,6.25,10.375],"texture":"#3"},"up":{"uv":[8,10.25,7.75,9.75],"rotation":270,"texture":"#3"},"down":{"uv":[8.25,9.75,8,10.25],"rotation":90,"texture":"#3"}}},{"from":[7.50429,2.63593,-7.46418],"to":[9.50429,4.63593,-5.46418],"rotation":{"angle":-45,"axis":"x","origin":[8.50429,18.81328,8]},"faces":{"north":{"uv":[7.75,8.5,8.25,9],"texture":"#3"},"east":{"uv":[8.25,8.5,8.75,9],"texture":"#3"},"south":{"uv":[8.75,1.25,9.25,1.75],"texture":"#3"},"west":{"uv":[8.5,7.5,9,8],"texture":"#3"},"up":{"uv":[2.5,9.25,2,8.75],"rotation":270,"texture":"#3"},"down":{"uv":[3,8.75,2.5,9.25],"rotation":90,"texture":"#3"}}},{"from":[7.50429,2.63593,-5.46418],"to":[9.50429,4.13593,-4.46418],"rotation":{"angle":-45,"axis":"x","origin":[8.50429,18.81328,8]},"faces":{"north":{"uv":[9.25,4.75,9.75,5.125],"texture":"#3"},"east":{"uv":[6.5,10,6.75,10.375],"texture":"#3"},"south":{"uv":[9.25,5.25,9.75,5.625],"texture":"#3"},"west":{"uv":[10,6.25,10.25,6.625],"texture":"#3"},"up":{"uv":[10,8.75,9.75,8.25],"rotation":270,"texture":"#3"},"down":{"uv":[10,8.75,9.75,9.25],"rotation":90,"texture":"#3"}}},{"from":[7.50429,-1.08578,8.85784],"to":[9.50429,0.91422,9.85784],"rotation":{"angle":0,"axis":"z","origin":[8.50429,18.81328,8]},"faces":{"north":{"uv":[8.75,3.75,9.25,4.25],"texture":"#3"},"east":{"uv":[9.75,9.75,10,10.25],"texture":"#3"},"south":{"uv":[8.75,4.25,9.25,4.75],"texture":"#3"},"west":{"uv":[9.75,9.25,10,9.75],"texture":"#3"},"up":{"uv":[0.25,10.5,0,10],"rotation":270,"texture":"#3"},"down":{"uv":[10.25,0,10,0.5],"rotation":90,"texture":"#3"}}},{"from":[7.50429,-1.08578,7.15074],"to":[9.50429,0.91422,8.15074],"rotation":{"angle":0,"axis":"z","origin":[8.50429,18.81328,8]},"faces":{"north":{"uv":[8.75,4.75,9.25,5.25],"texture":"#3"},"east":{"uv":[10,0.5,10.25,1],"texture":"#3"},"south":{"uv":[5.75,8.75,6.25,9.25],"texture":"#3"},"west":{"uv":[0.25,10,0.5,10.5],"texture":"#3"},"up":{"uv":[1.5,10.5,1.25,10],"rotation":270,"texture":"#3"},"down":{"uv":[1.75,10,1.5,10.5],"rotation":90,"texture":"#3"}}},{"from":[7.50429,5.26332,18.76314],"to":[9.50429,6.26332,20.76314],"rotation":{"angle":45,"axis":"x","origin":[8.50429,18.81328,8]},"faces":{"north":{"uv":[10,1,10.5,1.25],"texture":"#3"},"east":{"uv":[1.75,10,2.25,10.25],"texture":"#3"},"south":{"uv":[10,1.75,10.5,2],"texture":"#3"},"west":{"uv":[9.75,7.75,10.25,8],"texture":"#3"},"up":{"uv":[9.25,6.25,8.75,5.75],"rotation":270,"texture":"#3"},"down":{"uv":[9.25,8,8.75,8.5],"rotation":90,"texture":"#3"}}},{"from":[7.50429,4.55014,-4.04997],"to":[9.50429,5.55014,-2.04997],"rotation":{"angle":-45,"axis":"x","origin":[8.50429,18.81328,8]},"faces":{"north":{"uv":[10,2.25,10.5,2.5],"texture":"#3"},"east":{"uv":[10,2.5,10.5,2.75],"texture":"#3"},"south":{"uv":[10,2.75,10.5,3],"texture":"#3"},"west":{"uv":[10,2,10.5,2.25],"texture":"#3"},"up":{"uv":[9.25,9,8.75,8.5],"rotation":270,"texture":"#3"},"down":{"uv":[0.5,9,0,9.5],"rotation":90,"texture":"#3"}}},{"from":[8.27929,18.40586,3.99715],"to":[8.72929,19.40586,4.99715],"rotation":{"angle":22.5,"axis":"x","origin":[8.50429,18.81328,8]},"faces":{"north":{"uv":[10,3,10.5,3.25],"texture":"#3"},"east":{"uv":[8.75,6.25,9,6.5],"texture":"#3"},"south":{"uv":[10,3.25,10.5,3.5],"texture":"#3"},"west":{"uv":[8.5,3.75,8.75,4],"texture":"#3"},"up":{"uv":[4,10.5,3.75,10],"rotation":270,"texture":"#3"},"down":{"uv":[4.25,10,4,10.5],"rotation":90,"texture":"#3"}}},{"from":[8.25429,16.08601,5.06982],"to":[8.75429,20.58601,6.06982],"rotation":{"angle":0,"axis":"z","origin":[8.50429,18.81328,8]},"faces":{"north":{"uv":[7,2.75,7.5,3.875],"texture":"#3"},"east":{"uv":[8,4,8.25,5.125],"texture":"#3"},"south":{"uv":[7,4,7.5,5.125],"texture":"#3"},"west":{"uv":[7,7.75,7.25,8.875],"texture":"#3"},"up":{"uv":[5,10.5,4.75,10],"rotation":270,"texture":"#3"},"down":{"uv":[10.25,4.75,10,5.25],"rotation":90,"texture":"#3"}}},{"from":[8.00429,23.06436,-0.1533],"to":[9.00429,30.06436,1.3467],"rotation":{"angle":0,"axis":"z","origin":[8.50429,18.81328,8]},"faces":{"north":{"uv":[3,6,3.625,7.75],"texture":"#3"},"east":{"uv":[5.75,6.5,6.125,8.25],"texture":"#3"},"south":{"uv":[6.25,0,6.875,1.75],"texture":"#3"},"west":{"uv":[3.75,6,4.125,7.75],"texture":"#3"},"up":{"uv":[9.375,0.625,9,0],"rotation":270,"texture":"#3"},"down":{"uv":[0.875,9,0.5,9.625],"rotation":90,"texture":"#3"}}},{"from":[8.00429,26.08778,-3.83827],"to":[9.00429,26.66181,-2.45246],"rotation":{"angle":22.5,"axis":"x","origin":[8.50429,18.81328,8]},"faces":{"north":{"uv":[10,3.5,10.625,3.625],"texture":"#3"},"east":{"uv":[10.25,0.25,10.625,0.375],"texture":"#3"},"south":{"uv":[10,6.75,10.625,6.875],"texture":"#3"},"west":{"uv":[10.25,0,10.625,0.125],"texture":"#3"},"up":{"uv":[1.375,9.625,1,9],"rotation":270,"texture":"#3"},"down":{"uv":[9.375,1.75,9,2.375],"rotation":90,"texture":"#3"}}},{"from":[8.00429,20.8609,2.09415],"to":[9.00429,25.8609,3.59415],"rotation":{"angle":-22.5,"axis":"x","origin":[8.50429,18.81328,8]},"faces":{"north":{"uv":[6.25,2.75,6.875,4],"texture":"#3"},"east":{"uv":[7.5,4,7.875,5.25],"texture":"#3"},"south":{"uv":[6.25,4,6.875,5.25],"texture":"#3"},"west":{"uv":[7.5,2.75,7.875,4],"texture":"#3"},"up":{"uv":[9.375,3.125,9,2.5],"rotation":270,"texture":"#3"},"down":{"uv":[3.375,9,3,9.625],"rotation":90,"texture":"#3"}}},{"from":[8.00429,17.9651,3.32729],"to":[9.00429,22.9651,4.82729],"rotation":{"angle":-45,"axis":"x","origin":[8.50429,18.81328,8]},"faces":{"north":{"uv":[0,6.5,0.625,7.75],"texture":"#3"},"east":{"uv":[0.5,7.75,0.875,9],"texture":"#3"},"south":{"uv":[0.75,6.5,1.375,7.75],"texture":"#3"},"west":{"uv":[0,7.75,0.375,9],"texture":"#3"},"up":{"uv":[3.875,9.625,3.5,9],"rotation":270,"texture":"#3"},"down":{"uv":[5.125,9,4.75,9.625],"rotation":90,"texture":"#3"}}},{"from":[8.00429,14.17168,6.99544],"to":[9.00429,15.5575,7.56947],"rotation":{"angle":22.5,"axis":"x","origin":[8.50429,18.81328,8]},"faces":{"north":{"uv":[9,3.25,9.625,3.625],"texture":"#3"},"east":{"uv":[10.25,0.5,10.375,0.875],"texture":"#3"},"south":{"uv":[6.25,9,6.875,9.375],"texture":"#3"},"west":{"uv":[0.5,10.25,0.625,10.625],"texture":"#3"},"up":{"uv":[10.125,7.625,10,7],"rotation":270,"texture":"#3"},"down":{"uv":[10.125,8,10,8.625],"rotation":90,"texture":"#3"}}},{"from":[8.25529,17.06436,1.3467],"to":[8.75329,29.06436,5.8467],"rotation":{"angle":0,"axis":"z","origin":[7.98029,21.21343,8.2315]},"faces":{"north":{"uv":[4.75,5.5,5.25,8.5],"texture":"#3"},"east":{"uv":[4.125,0,3,3],"texture":"#3"},"south":{"uv":[5.25,5.5,5.75,8.5],"texture":"#3"},"west":{"uv":[3,0,4.125,3],"texture":"#3"},"up":{"uv":[8.125,1.75,7,1.25],"rotation":270,"texture":"#3"},"down":{"uv":[8.375,6.5,7.25,7],"rotation":90,"texture":"#3"}}},{"from":[7.90429,16.66421,3.2652],"to":[9.10429,28.66421,14.7652],"rotation":{"angle":0,"axis":"z","origin":[8.50429,18.81328,8]},"faces":{"north":{"uv":[0,0,0.1125,3],"texture":"#3"},"east":{"uv":[0,3,2.875,6],"texture":"#3"},"south":{"uv":[5.75,3,6.25,6],"texture":"#3"},"west":{"uv":[0,0,2.875,3],"texture":"#3"},"up":{"uv":[2.875,6.5,0,6],"rotation":270,"texture":"#3"},"down":{"uv":[8.625,6,5.75,6.5],"rotation":90,"texture":"#3"}}}],"gui_light":"front","display":{"thirdperson_righthand":{"translation":[0,-1.5,0]},"thirdperson_lefthand":{"translation":[0,-1.5,0]},"firstperson_righthand":{"rotation":[-19.25,0,0],"translation":[3.25,-2.5,0]},"firstperson_lefthand":{"rotation":[-19.25,0,0],"translation":[3.25,-2.5,0]},"ground":{"rotation":[0,0,80],"translation":[3,0,-0.75],"scale":[0.53711,0.53711,0.53711]},"gui":{"rotation":[90,45,-90],"translation":[-3,-3.25,0],"scale":[0.52461,0.52461,0.52852]},"head":{"rotation":[0,90,0],"translation":[0,18,0]},"fixed":{"rotation":[0,90,0],"translation":[-0.25,-7,-1.75],"scale":[1.2168,1.2168,1.2168]}}}