{"credit":"MadewithBlockbench","texture_size":[64,64],"textures":{"3":"spirit_pack:spirit_pack/bow_spirit"},"elements":[{"from":[7.75,8,11.69873],"to":[8.25,24.75,12.19873],"rotation":{"angle":0,"axis":"y","origin":[8,22.375,11.94873]},"faces":{"north":{"uv":[3.75,13.625,3.875,5.25],"texture":"#3"},"east":{"uv":[5.5,11.875,5.625,3.5],"texture":"#3"},"south":{"uv":[5.75,11.875,5.875,3.5],"texture":"#3"},"west":{"uv":[3.5,13.625,3.625,5.25],"texture":"#3"},"up":{"uv":[5.25,10,5.375,10.125],"rotation":90,"texture":"#3"},"down":{"uv":[10,5.125,10.125,5],"rotation":270,"texture":"#3"}}},{"from":[7.75,-8.75,11.69873],"to":[8.25,8,12.19873],"rotation":{"angle":0,"axis":"y","origin":[8,-6.375,11.94873]},"faces":{"north":{"uv":[3.75,5.25,3.875,13.625],"texture":"#3"},"east":{"uv":[5.5,3.5,5.625,11.875],"texture":"#3"},"south":{"uv":[5.75,3.5,5.875,11.875],"texture":"#3"},"west":{"uv":[3.5,5.25,3.625,13.625],"texture":"#3"},"up":{"uv":[10.125,5.125,10,5],"rotation":270,"texture":"#3"},"down":{"uv":[5.375,10,5.25,10.125],"rotation":90,"texture":"#3"}}},{"from":[7.5,4.75,6.44873],"to":[8.5,11.25,7.44873],"rotation":{"angle":0,"axis":"y","origin":[8,8,8]},"faces":{"north":{"uv":[7.75,1,8,2.625],"texture":"#3"},"east":{"uv":[7.75,2.75,8,4.375],"texture":"#3"},"south":{"uv":[0.5,8,0.75,9.625],"texture":"#3"},"west":{"uv":[1.75,7.5,2,9.125],"texture":"#3"},"up":{"uv":[0.25,10.25,0,10],"rotation":270,"texture":"#3"},"down":{"uv":[10.25,0,10,0.25],"rotation":90,"texture":"#3"}}},{"from":[7.25,10.73103,7.31479],"to":[8.75,11.73103,8.81479],"rotation":{"angle":-22.5,"axis":"x","origin":[8,8,8]},"faces":{"north":{"uv":[9.5,9.5,9.875,9.75],"texture":"#3"},"east":{"uv":[9.75,0.5,10.125,0.75],"texture":"#3"},"south":{"uv":[9.75,0.75,10.125,1],"texture":"#3"},"west":{"uv":[9.5,9.25,9.875,9.5],"texture":"#3"},"up":{"uv":[9.625,9.125,9.25,8.75],"rotation":270,"texture":"#3"},"down":{"uv":[9.375,9.25,9,9.625],"rotation":90,"texture":"#3"}}},{"from":[7.5,10.6879,8.90829],"to":[8.5,13.1879,9.90829],"rotation":{"angle":-45,"axis":"x","origin":[8,8,8]},"faces":{"north":{"uv":[4.5,9.25,4.75,9.875],"texture":"#3"},"east":{"uv":[4.75,9.25,5,9.875],"texture":"#3"},"south":{"uv":[9.25,5.5,9.5,6.125],"texture":"#3"},"west":{"uv":[1.75,9.25,2,9.875],"texture":"#3"},"up":{"uv":[7.25,1.5,7,1.25],"rotation":270,"texture":"#3"},"down":{"uv":[7.75,1,7.5,1.25],"rotation":90,"texture":"#3"}}},{"from":[7.525,10.98194,4.53346],"to":[8.475,15.23194,5.53346],"rotation":{"angle":22.5,"axis":"x","origin":[8,8,8]},"faces":{"north":{"uv":[5.25,8.25,5.5,9.375],"texture":"#3"},"east":{"uv":[6,8.25,6.25,9.375],"texture":"#3"},"south":{"uv":[6.25,8.25,6.5,9.375],"texture":"#3"},"west":{"uv":[5,8.25,5.25,9.375],"texture":"#3"},"up":{"uv":[0.5,10.25,0.25,10],"rotation":270,"texture":"#3"},"down":{"uv":[10.25,0.25,10,0.5],"rotation":90,"texture":"#3"}}},{"from":[7.5,12.73754,0.20367],"to":[8.5,13.73754,2.95367],"rotation":{"angle":45,"axis":"x","origin":[8,8,8]},"faces":{"north":{"uv":[0.75,10,1,10.25],"texture":"#3"},"east":{"uv":[9.25,2.25,10,2.5],"texture":"#3"},"south":{"uv":[1,10,1.25,10.25],"texture":"#3"},"west":{"uv":[9.25,2,10,2.25],"texture":"#3"},"up":{"uv":[10,2.75,9.25,2.5],"rotation":270,"texture":"#3"},"down":{"uv":[10,2.75,9.25,3],"rotation":90,"texture":"#3"}}},{"from":[7.5,12.1879,7.40829],"to":[8.5,13.1879,8.90829],"rotation":{"angle":-45,"axis":"x","origin":[8,8,8]},"faces":{"north":{"uv":[8,9.75,8.25,10],"texture":"#3"},"east":{"uv":[9.5,8,9.875,8.25],"texture":"#3"},"south":{"uv":[9,9.75,9.25,10],"texture":"#3"},"west":{"uv":[9.5,6,9.875,6.25],"texture":"#3"},"up":{"uv":[9.875,8.5,9.5,8.25],"rotation":270,"texture":"#3"},"down":{"uv":[9.875,8.5,9.5,8.75],"rotation":90,"texture":"#3"}}},{"from":[7.5,12.56656,5.468],"to":[8.5,16.06656,6.468],"rotation":{"angle":-22.5,"axis":"x","origin":[8,8,8]},"faces":{"north":{"uv":[8,8.75,8.25,9.625],"texture":"#3"},"east":{"uv":[6.75,9,7,9.875],"texture":"#3"},"south":{"uv":[7,9,7.25,9.875],"texture":"#3"},"west":{"uv":[7.5,8.5,7.75,9.375],"texture":"#3"},"up":{"uv":[10,9.25,9.75,9],"rotation":270,"texture":"#3"},"down":{"uv":[9.5,9.75,9.25,10],"rotation":90,"texture":"#3"}}},{"from":[7.25,22.93436,5.33504],"to":[8.75,27.43436,6.33504],"rotation":{"angle":22.5,"axis":"x","origin":[8,8,8]},"faces":{"north":{"uv":[7.25,1.25,7.75,2.375],"texture":"#3"},"east":{"uv":[8.25,2.25,8.5,3.375],"texture":"#3"},"south":{"uv":[7.25,2.5,7.75,3.625],"texture":"#3"},"west":{"uv":[8.25,1,8.5,2.125],"texture":"#3"},"up":{"uv":[9.75,1,9.5,0.5],"rotation":270,"texture":"#3"},"down":{"uv":[1,9.5,0.75,10],"rotation":90,"texture":"#3"}}},{"from":[7,26.58962,13.634],"to":[9,27.97544,14.20803],"rotation":{"angle":0,"axis":"z","origin":[8,8,8]},"faces":{"north":{"uv":[8.25,3.5,8.875,3.875],"texture":"#3"},"east":{"uv":[3.25,10,3.375,10.375],"texture":"#3"},"south":{"uv":[8.5,4.5,9.125,4.875],"texture":"#3"},"west":{"uv":[10,3,10.125,3.375],"texture":"#3"},"up":{"uv":[7.625,10.125,7.5,9.5],"rotation":270,"texture":"#3"},"down":{"uv":[8.375,9.5,8.25,10.125],"rotation":90,"texture":"#3"}}},{"from":[7,22.79886,15.84942],"to":[9,24.29886,20.84942],"rotation":{"angle":-22.5,"axis":"x","origin":[8,8,8]},"faces":{"north":{"uv":[6.75,8.5,7.375,8.875],"texture":"#3"},"east":{"uv":[0.5,7.5,1.75,7.875],"texture":"#3"},"south":{"uv":[8.5,6.75,9.125,7.125],"texture":"#3"},"west":{"uv":[7.5,0,8.75,0.375],"texture":"#3"},"up":{"uv":[7,0.625,5.75,0],"rotation":270,"texture":"#3"},"down":{"uv":[7,0.75,5.75,1.375],"rotation":90,"texture":"#3"}}},{"from":[7,14.48922,-4.05435],"to":[9,21.48922,-2.55435],"rotation":{"angle":45,"axis":"x","origin":[8,8,8]},"faces":{"north":{"uv":[4,3,4.625,4.75],"texture":"#3"},"east":{"uv":[6.5,5,6.875,6.75],"texture":"#3"},"south":{"uv":[4.75,3,5.375,4.75],"texture":"#3"},"west":{"uv":[5,6.5,5.375,8.25],"texture":"#3"},"up":{"uv":[8.875,7.875,8.5,7.25],"rotation":270,"texture":"#3"},"down":{"uv":[8.875,8,8.5,8.625],"rotation":90,"texture":"#3"}}},{"from":[7,11.60825,-0.65345],"to":[9,18.60825,0.84655],"rotation":{"angle":22.5,"axis":"x","origin":[8,8,8]},"faces":{"north":{"uv":[4,4.75,4.625,6.5],"texture":"#3"},"east":{"uv":[6.75,1.5,7.125,3.25],"texture":"#3"},"south":{"uv":[4.75,4.75,5.375,6.5],"texture":"#3"},"west":{"uv":[6,6.5,6.375,8.25],"texture":"#3"},"up":{"uv":[0.375,9.375,0,8.75],"rotation":270,"texture":"#3"},"down":{"uv":[9.125,0,8.75,0.625],"rotation":90,"texture":"#3"}}},{"from":[7,14.0711,1.38608],"to":[9,14.64513,2.77189],"rotation":{"angle":0,"axis":"z","origin":[8,8,8]},"faces":{"north":{"uv":[9.75,5.5,10.375,5.625],"texture":"#3"},"east":{"uv":[10,4,10.375,4.125],"texture":"#3"},"south":{"uv":[9.75,5.75,10.375,5.875],"texture":"#3"},"west":{"uv":[4,10,4.375,10.125],"texture":"#3"},"up":{"uv":[9.125,1.375,8.75,0.75],"rotation":270,"texture":"#3"},"down":{"uv":[9.125,1.5,8.75,2.125],"rotation":90,"texture":"#3"}}},{"from":[7.25,14.49655,2.90353],"to":[8.75,15.49655,5.40353],"rotation":{"angle":0,"axis":"z","origin":[8,8,8]},"faces":{"north":{"uv":[2.25,9.5,2.75,9.75],"texture":"#3"},"east":{"uv":[9.25,6.75,9.875,7],"texture":"#3"},"south":{"uv":[2.75,9.5,3.25,9.75],"texture":"#3"},"west":{"uv":[9.25,6.25,9.875,6.5],"texture":"#3"},"up":{"uv":[8.125,7.5,7.5,7],"rotation":270,"texture":"#3"},"down":{"uv":[8.375,4.5,7.75,5],"rotation":90,"texture":"#3"}}},{"from":[7.25,14.99449,-1.26703],"to":[8.75,20.99449,-0.26703],"rotation":{"angle":45,"axis":"x","origin":[8,8,8]},"faces":{"north":{"uv":[6,5,6.5,6.5],"texture":"#3"},"east":{"uv":[1,8,1.25,9.5],"texture":"#3"},"south":{"uv":[6.25,1.5,6.75,3],"texture":"#3"},"west":{"uv":[0.75,8,1,9.5],"texture":"#3"},"up":{"uv":[1.25,10,1,9.5],"rotation":270,"texture":"#3"},"down":{"uv":[9.75,1,9.5,1.5],"rotation":90,"texture":"#3"}}},{"from":[7.275,22.74126,10.63571],"to":[8.725,23.74126,11.63571],"rotation":{"angle":0,"axis":"z","origin":[8,8,8]},"faces":{"north":{"uv":[5.75,1.5,6.25,1.75],"texture":"#3"},"east":{"uv":[9.75,9.75,10,10],"texture":"#3"},"south":{"uv":[6.25,3,6.75,3.25],"texture":"#3"},"west":{"uv":[9.5,9.75,9.75,10],"texture":"#3"},"up":{"uv":[1.5,10,1.25,9.5],"rotation":270,"texture":"#3"},"down":{"uv":[1.75,9.5,1.5,10],"rotation":90,"texture":"#3"}}},{"from":[7.275,13.0084,2.11505],"to":[8.725,18.0084,3.11505],"rotation":{"angle":22.5,"axis":"x","origin":[8,8,8]},"faces":{"north":{"uv":[5,1.75,5.5,3],"texture":"#3"},"east":{"uv":[4.75,8,5,9.25],"texture":"#3"},"south":{"uv":[7,0,7.5,1.25],"texture":"#3"},"west":{"uv":[4.5,8,4.75,9.25],"texture":"#3"},"up":{"uv":[9.75,2,9.5,1.5],"rotation":270,"texture":"#3"},"down":{"uv":[2.25,9.5,2,10],"rotation":90,"texture":"#3"}}},{"from":[7.5,2.8121,8.90829],"to":[8.5,5.3121,9.90829],"rotation":{"angle":45,"axis":"x","origin":[8,8,8]},"faces":{"north":{"uv":[9.25,8,9.5,8.625],"texture":"#3"},"east":{"uv":[8.5,9.25,8.75,9.875],"texture":"#3"},"south":{"uv":[8.75,9.25,9,9.875],"texture":"#3"},"west":{"uv":[7.75,9.25,8,9.875],"texture":"#3"},"up":{"uv":[10.25,3,10,2.75],"rotation":270,"texture":"#3"},"down":{"uv":[3.25,10,3,10.25],"rotation":90,"texture":"#3"}}},{"from":[7.5,2.8121,7.40829],"to":[8.5,3.8121,8.90829],"rotation":{"angle":45,"axis":"x","origin":[8,8,8]},"faces":{"north":{"uv":[10,2.5,10.25,2.75],"texture":"#3"},"east":{"uv":[2.75,9.75,3.125,10],"texture":"#3"},"south":{"uv":[2.75,10,3,10.25],"texture":"#3"},"west":{"uv":[2.25,9.75,2.625,10],"texture":"#3"},"up":{"uv":[10.125,3.75,9.75,3.5],"rotation":270,"texture":"#3"},"down":{"uv":[10.125,3.75,9.75,4],"rotation":90,"texture":"#3"}}},{"from":[7.5,-0.06656,5.468],"to":[8.5,3.43344,6.468],"rotation":{"angle":22.5,"axis":"x","origin":[8,8,8]},"faces":{"north":{"uv":[9,7.75,9.25,8.625],"texture":"#3"},"east":{"uv":[9.25,0,9.5,0.875],"texture":"#3"},"south":{"uv":[9.25,1,9.5,1.875],"texture":"#3"},"west":{"uv":[7.25,9,7.5,9.875],"texture":"#3"},"up":{"uv":[10.25,2.5,10,2.25],"rotation":270,"texture":"#3"},"down":{"uv":[2.75,10,2.5,10.25],"rotation":90,"texture":"#3"}}},{"from":[7.25,-11.43436,5.33504],"to":[8.75,-6.93436,6.33504],"rotation":{"angle":-22.5,"axis":"x","origin":[8,8,8]},"faces":{"north":{"uv":[7.25,3.75,7.75,4.875],"texture":"#3"},"east":{"uv":[6.5,8.5,6.75,9.625],"texture":"#3"},"south":{"uv":[0,7.5,0.5,8.625],"texture":"#3"},"west":{"uv":[8.5,5.5,8.75,6.625],"texture":"#3"},"up":{"uv":[6.25,10,6,9.5],"rotation":270,"texture":"#3"},"down":{"uv":[6.5,9.5,6.25,10],"rotation":90,"texture":"#3"}}},{"from":[7,-11.97544,13.634],"to":[9,-10.58962,14.20803],"rotation":{"angle":0,"axis":"z","origin":[8,8,8]},"faces":{"north":{"uv":[8.5,8.75,9.125,9.125],"texture":"#3"},"east":{"uv":[5,10,5.125,10.375],"texture":"#3"},"south":{"uv":[9,3.5,9.625,3.875],"texture":"#3"},"west":{"uv":[10,4.5,10.125,4.875],"texture":"#3"},"up":{"uv":[0.625,10.375,0.5,9.75],"rotation":270,"texture":"#3"},"down":{"uv":[6.625,9.75,6.5,10.375],"rotation":90,"texture":"#3"}}},{"from":[7,-8.29886,15.84942],"to":[9,-6.79886,20.84942],"rotation":{"angle":22.5,"axis":"x","origin":[8,8,8]},"faces":{"north":{"uv":[8.75,3,9.375,3.375],"texture":"#3"},"east":{"uv":[7.5,5,8.75,5.375],"texture":"#3"},"south":{"uv":[8.75,4,9.375,4.375],"texture":"#3"},"west":{"uv":[7.5,0.5,8.75,0.875],"texture":"#3"},"up":{"uv":[7.25,4.125,6,3.5],"rotation":270,"texture":"#3"},"down":{"uv":[7.25,4.25,6,4.875],"rotation":90,"texture":"#3"}}},{"from":[7,-5.48922,-4.05435],"to":[9,1.51078,-2.55435],"rotation":{"angle":-45,"axis":"x","origin":[8,8,8]},"faces":{"north":{"uv":[2.75,5.25,3.375,7],"texture":"#3"},"east":{"uv":[3,7,3.375,8.75],"texture":"#3"},"south":{"uv":[5.5,1.75,6.125,3.5],"texture":"#3"},"west":{"uv":[2.5,7,2.875,8.75],"texture":"#3"},"up":{"uv":[9.125,5.625,8.75,5],"rotation":270,"texture":"#3"},"down":{"uv":[9.125,5.75,8.75,6.375],"rotation":90,"texture":"#3"}}},{"from":[7,-2.60825,-0.65345],"to":[9,4.39175,0.84655],"rotation":{"angle":-22.5,"axis":"x","origin":[8,8,8]},"faces":{"north":{"uv":[5,0,5.625,1.75],"texture":"#3"},"east":{"uv":[2,7,2.375,8.75],"texture":"#3"},"south":{"uv":[2,5.25,2.625,7],"texture":"#3"},"west":{"uv":[6.5,6.75,6.875,8.5],"texture":"#3"},"up":{"uv":[2.875,9.375,2.5,8.75],"rotation":270,"texture":"#3"},"down":{"uv":[3.375,8.75,3,9.375],"rotation":90,"texture":"#3"}}},{"from":[7.25,-4.99449,-1.26703],"to":[8.75,1.00551,-0.26703],"rotation":{"angle":-45,"axis":"x","origin":[8,8,8]},"faces":{"north":{"uv":[4,6.5,4.5,8],"texture":"#3"},"east":{"uv":[1.25,8,1.5,9.5],"texture":"#3"},"south":{"uv":[4.5,6.5,5,8],"texture":"#3"},"west":{"uv":[8,1,8.25,2.5],"texture":"#3"},"up":{"uv":[5.5,10,5.25,9.5],"rotation":270,"texture":"#3"},"down":{"uv":[9.75,5.5,9.5,6],"rotation":90,"texture":"#3"}}},{"from":[7.025,-7.74126,10.63571],"to":[8.975,-6.74126,11.63571],"rotation":{"angle":0,"axis":"z","origin":[8,8,8]},"faces":{"north":{"uv":[9.5,4,10,4.25],"texture":"#3"},"east":{"uv":[2.25,10,2.5,10.25],"texture":"#3"},"south":{"uv":[9.5,4.25,10,4.5],"texture":"#3"},"west":{"uv":[10,2,10.25,2.25],"texture":"#3"},"up":{"uv":[4.5,10,4.25,9.5],"rotation":270,"texture":"#3"},"down":{"uv":[5.25,9.5,5,10],"rotation":90,"texture":"#3"}}},{"from":[7.275,-2.0084,2.11505],"to":[8.725,2.9916,3.11505],"rotation":{"angle":-22.5,"axis":"x","origin":[8,8,8]},"faces":{"north":{"uv":[7,5,7.5,6.25],"texture":"#3"},"east":{"uv":[7.75,8,8,9.25],"texture":"#3"},"south":{"uv":[7,6.25,7.5,7.5],"texture":"#3"},"west":{"uv":[8,7.5,8.25,8.75],"texture":"#3"},"up":{"uv":[3.5,10,3.25,9.5],"rotation":270,"texture":"#3"},"down":{"uv":[4.25,9.5,4,10],"rotation":90,"texture":"#3"}}},{"from":[7,1.35487,1.38608],"to":[9,1.9289,2.77189],"rotation":{"angle":0,"axis":"z","origin":[8,8,8]},"faces":{"north":{"uv":[9.75,6.5,10.375,6.625],"texture":"#3"},"east":{"uv":[4.5,10,4.875,10.125],"texture":"#3"},"south":{"uv":[9.75,8.75,10.375,8.875],"texture":"#3"},"west":{"uv":[10,4.25,10.375,4.375],"texture":"#3"},"up":{"uv":[2.375,9.375,2,8.75],"rotation":270,"texture":"#3"},"down":{"uv":[9.125,2.25,8.75,2.875],"rotation":90,"texture":"#3"}}},{"from":[7.25,0.50345,2.90353],"to":[8.75,1.50345,5.40353],"rotation":{"angle":0,"axis":"z","origin":[8,8,8]},"faces":{"north":{"uv":[9.5,3,10,3.25],"texture":"#3"},"east":{"uv":[9.25,7.75,9.875,8],"texture":"#3"},"south":{"uv":[9.5,3.25,10,3.5],"texture":"#3"},"west":{"uv":[9.25,7,9.875,7.25],"texture":"#3"},"up":{"uv":[8.625,4.5,8,4],"rotation":270,"texture":"#3"},"down":{"uv":[7.625,8,7,8.5],"rotation":90,"texture":"#3"}}},{"from":[7.525,0.76806,4.53346],"to":[8.475,5.01806,5.53346],"rotation":{"angle":-22.5,"axis":"x","origin":[8,8,8]},"faces":{"north":{"uv":[8.25,8.25,8.5,9.375],"texture":"#3"},"east":{"uv":[8.5,1,8.75,2.125],"texture":"#3"},"south":{"uv":[8.5,2.25,8.75,3.375],"texture":"#3"},"west":{"uv":[8.25,7,8.5,8.125],"texture":"#3"},"up":{"uv":[2,10.25,1.75,10],"rotation":270,"texture":"#3"},"down":{"uv":[2.25,10,2,10.25],"rotation":90,"texture":"#3"}}},{"from":[7.5,2.26246,0.20367],"to":[8.5,3.26246,2.95367],"rotation":{"angle":-45,"axis":"x","origin":[8,8,8]},"faces":{"north":{"uv":[1.25,10,1.5,10.25],"texture":"#3"},"east":{"uv":[9.25,4.75,10,5],"texture":"#3"},"south":{"uv":[1.5,10,1.75,10.25],"texture":"#3"},"west":{"uv":[9.25,4.5,10,4.75],"texture":"#3"},"up":{"uv":[10,5.25,9.25,5],"rotation":270,"texture":"#3"},"down":{"uv":[10,5.25,9.25,5.5],"rotation":90,"texture":"#3"}}},{"from":[7.25,4.26897,7.31479],"to":[8.75,5.26897,8.81479],"rotation":{"angle":22.5,"axis":"x","origin":[8,8,8]},"faces":{"north":{"uv":[9.75,1.25,10.125,1.5],"texture":"#3"},"east":{"uv":[9.75,1.5,10.125,1.75],"texture":"#3"},"south":{"uv":[9.75,1.75,10.125,2],"texture":"#3"},"west":{"uv":[9.75,1,10.125,1.25],"texture":"#3"},"up":{"uv":[0.375,9.875,0,9.5],"rotation":270,"texture":"#3"},"down":{"uv":[9.875,0,9.5,0.375],"rotation":90,"texture":"#3"}}},{"from":[7.3,9.99449,-2.76703],"to":[8.7,24.49449,0.73297],"rotation":{"angle":45,"axis":"x","origin":[8,8,8]},"faces":{"north":{"uv":[0,3.75,0.5,7.375],"texture":"#3"},"east":{"uv":[1,0,1.875,3.625],"texture":"#3"},"south":{"uv":[0.5,3.75,1,7.375],"texture":"#3"},"west":{"uv":[0,0,0.875,3.625],"texture":"#3"},"up":{"uv":[8.375,6,7.5,5.5],"rotation":270,"texture":"#3"},"down":{"uv":[8.375,6,7.5,6.5],"rotation":90,"texture":"#3"}}},{"from":[7.3,-8.49449,-2.76703],"to":[8.7,6.00551,0.73297],"rotation":{"angle":-45,"axis":"x","origin":[8,8,8]},"faces":{"north":{"uv":[1,3.75,1.5,7.375],"texture":"#3"},"east":{"uv":[3,0,3.875,3.625],"texture":"#3"},"south":{"uv":[1.5,3.75,2,7.375],"texture":"#3"},"west":{"uv":[2,0,2.875,3.625],"texture":"#3"},"up":{"uv":[8.375,7,7.5,6.5],"rotation":270,"texture":"#3"},"down":{"uv":[7.875,7.5,7,8],"rotation":90,"texture":"#3"}}},{"from":[7.525,9.98194,1.03346],"to":[8.475,15.23194,4.53346],"rotation":{"angle":22.5,"axis":"x","origin":[8,8,8]},"faces":{"north":{"uv":[1.5,8,1.75,9.375],"texture":"#3"},"east":{"uv":[3,3.75,3.875,5.125],"texture":"#3"},"south":{"uv":[8,2.5,8.25,3.875],"texture":"#3"},"west":{"uv":[2,3.75,2.875,5.125],"texture":"#3"},"up":{"uv":[7.125,3.5,6.25,3.25],"rotation":270,"texture":"#3"},"down":{"uv":[9.625,6.5,8.75,6.75],"rotation":90,"texture":"#3"}}},{"from":[7.525,0.76806,1.03346],"to":[8.475,6.01806,4.53346],"rotation":{"angle":-22.5,"axis":"x","origin":[8,8,8]},"faces":{"north":{"uv":[4,8,4.25,9.375],"texture":"#3"},"east":{"uv":[4,1.5,4.875,2.875],"texture":"#3"},"south":{"uv":[4.25,8,4.5,9.375],"texture":"#3"},"west":{"uv":[4,0,4.875,1.375],"texture":"#3"},"up":{"uv":[9.875,7.5,9,7.25],"rotation":270,"texture":"#3"},"down":{"uv":[9.875,7.5,9,7.75],"rotation":90,"texture":"#3"}}}],"gui_light":"front","display":{"thirdperson_righthand":{"translation":[0,-2,1.75],"scale":[0.71094,0.71094,0.71094]},"thirdperson_lefthand":{"translation":[0,-2,1.75],"scale":[0.71094,0.71094,0.71094]},"firstperson_righthand":{"rotation":[13.41,0.74,-5.37],"translation":[1.75,1,-1.25],"scale":[0.74023,0.74023,0.74023]},"firstperson_lefthand":{"rotation":[13.41,0.74,-5.37],"translation":[1.75,1,-1.25],"scale":[0.74023,0.74023,0.74023]},"ground":{"rotation":[0,0,80],"translation":[-0.25,0,-0.75],"scale":[0.53711,0.53711,0.53711]},"gui":{"rotation":[90,45,-90],"translation":[-1.25,1.25,0],"scale":[0.48555,0.48555,0.48555]},"head":{"rotation":[0,90,0],"translation":[0,26.5,0]},"fixed":{"rotation":[0,90,0],"translation":[-0.5,-0.75,-1.75],"scale":[1.1543,1.1543,1.1543]}}}