{"credit":"MadewithBlockbench","texture_size":[32,32],"textures":{"0":"warlordset:warlordset/warlord_bow1","1":"warlordset:warlordset/warlord_bow2","particle":"warlordset:warlordset/warlord_1"},"elements":[{"from":[7.5,5.81533,2.83617],"to":[8.5,6.81533,3.83617],"rotation":{"angle":0,"axis":"x","origin":[8,8,8]},"faces":{"north":{"uv":[7.25,7.75,7.5,8],"rotation":270,"texture":"#0"},"east":{"uv":[7.25,8,7,7.75],"rotation":270,"texture":"#0"},"south":{"uv":[7.75,7.5,8,7.25],"rotation":270,"texture":"#0"},"west":{"uv":[8,6,7.75,5.75],"rotation":90,"texture":"#0"},"up":{"uv":[8,7.25,7.75,7],"rotation":180,"texture":"#0"},"down":{"uv":[8,6.25,7.75,6],"texture":"#0"}}},{"from":[7.36,4.45818,4.43651],"to":[8.64,8.29818,8.27651],"rotation":{"angle":45,"axis":"x","origin":[8,8,8]},"faces":{"north":{"uv":[1,7,0,7.375],"rotation":270,"texture":"#0"},"east":{"uv":[6,6,5,5],"rotation":270,"texture":"#0"},"south":{"uv":[8,1.125,7,0.75],"rotation":270,"texture":"#0"},"west":{"uv":[5,6,6,5],"rotation":90,"texture":"#0"},"up":{"uv":[6.5,1.75,6.875,0.75],"rotation":180,"texture":"#0"},"down":{"uv":[5,7.75,5.375,6.75],"texture":"#0"}}},{"from":[7.4368,6.45634,3.89914],"to":[8.5632,8.83554,6.27834],"rotation":{"angle":45,"axis":"x","origin":[8,8,8]},"faces":{"north":{"uv":[7.625,4.75,7,5],"rotation":270,"texture":"#0"},"east":{"uv":[6.5,0.625,7.125,0],"rotation":270,"texture":"#0"},"south":{"uv":[7.625,5.25,7,5],"rotation":270,"texture":"#0"},"west":{"uv":[6.25,2.375,6.875,1.75],"rotation":90,"texture":"#0"},"up":{"uv":[4.25,7.625,4.5,7],"rotation":180,"texture":"#0"},"down":{"uv":[4.5,7.625,4.75,7],"texture":"#0"}}},{"from":[7.5,10.01533,5.43617],"to":[8.5,14.01533,6.43617],"rotation":{"angle":0,"axis":"x","origin":[8,8,8]},"faces":{"north":{"uv":[8,1.5,7,1.75],"rotation":270,"texture":"#0"},"east":{"uv":[7,1.5,8,1.25],"rotation":270,"texture":"#0"},"south":{"uv":[8,2,7,1.75],"rotation":270,"texture":"#0"},"west":{"uv":[1,7.25,2,7],"rotation":90,"texture":"#0"},"up":{"uv":[5.25,8,5.5,7.75],"rotation":180,"texture":"#0"},"down":{"uv":[7.75,5.5,8,5.25],"texture":"#0"}}},{"from":[7.75,8.22834,3.51868],"to":[8.25,12.22834,4.51868],"rotation":{"angle":22.5,"axis":"x","origin":[8,8,8]},"faces":{"north":{"uv":[8.25,0.5,7.25,0.625],"rotation":270,"texture":"#0"},"east":{"uv":[7,2.25,8,2],"rotation":270,"texture":"#0"},"south":{"uv":[8.25,6.375,7.25,6.25],"rotation":270,"texture":"#0"},"west":{"uv":[2,7.25,3,7],"rotation":90,"texture":"#0"},"up":{"uv":[3.75,8.25,3.875,8],"rotation":180,"texture":"#0"},"down":{"uv":[8,4,8.125,3.75],"texture":"#0"}}},{"from":[7.4625,10.19413,1.08717],"to":[8.5375,11.19413,3.48717],"rotation":{"angle":45,"axis":"x","origin":[8,8,8]},"faces":{"north":{"uv":[8,5.5,7.75,5.75],"rotation":270,"texture":"#0"},"east":{"uv":[4,7.625,4.25,7],"rotation":270,"texture":"#0"},"south":{"uv":[6,8,5.75,7.75],"rotation":270,"texture":"#0"},"west":{"uv":[3.5,7.625,3.75,7],"rotation":90,"texture":"#0"},"up":{"uv":[3.75,7.625,4,7],"rotation":180,"texture":"#0"},"down":{"uv":[7,4.625,7.25,4],"texture":"#0"}}},{"from":[7.4,9.00869,3.25442],"to":[8.6,9.50869,4.65442],"rotation":{"angle":45,"axis":"x","origin":[8,8,8]},"faces":{"north":{"uv":[8.125,1.75,8,2],"rotation":270,"texture":"#0"},"east":{"uv":[8,1.375,8.125,1],"rotation":270,"texture":"#0"},"south":{"uv":[8.125,2.25,8,2],"rotation":270,"texture":"#0"},"west":{"uv":[1,8.375,1.125,8],"rotation":90,"texture":"#0"},"up":{"uv":[7.5,2.875,7.75,2.5],"rotation":180,"texture":"#0"},"down":{"uv":[7.5,7.375,7.75,7],"texture":"#0"}}},{"from":[7.4,8.55869,3.25442],"to":[8.6,9.00869,3.72942],"rotation":{"angle":45,"axis":"x","origin":[8,8,8]},"faces":{"north":{"uv":[2.625,8,2.5,8.25],"rotation":270,"texture":"#0"},"east":{"uv":[4.5,8.125,4.625,8],"rotation":270,"texture":"#0"},"south":{"uv":[8.125,3.25,8,3],"rotation":270,"texture":"#0"},"west":{"uv":[8,4.375,8.125,4.25],"rotation":90,"texture":"#0"},"up":{"uv":[2.25,8.125,2.5,8],"rotation":180,"texture":"#0"},"down":{"uv":[8,2.375,8.25,2.25],"texture":"#0"}}},{"from":[7.47104,10.2122,5.2951],"to":[8.52896,10.74116,5.92934],"rotation":{"angle":22.5,"axis":"x","origin":[8,8,8]},"faces":{"north":{"uv":[3.625,8,3.5,8.25],"rotation":270,"texture":"#0"},"east":{"uv":[8,4.875,8.125,4.75],"rotation":270,"texture":"#0"},"south":{"uv":[8.125,3.75,8,3.5],"rotation":270,"texture":"#0"},"west":{"uv":[8,4.625,8.125,4.5],"rotation":90,"texture":"#0"},"up":{"uv":[3.25,8.125,3.5,8],"rotation":180,"texture":"#0"},"down":{"uv":[8,3.375,8.25,3.25],"texture":"#0"}}},{"from":[7.75,3.79999,3.53041],"to":[8.25,7.79999,4.53041],"rotation":{"angle":-22.5,"axis":"x","origin":[8,8,8]},"faces":{"north":{"uv":[7.25,0.5,8.25,0.625],"rotation":270,"texture":"#0"},"east":{"uv":[8,2.25,7,2],"rotation":270,"texture":"#0"},"south":{"uv":[7.25,6.375,8.25,6.25],"rotation":270,"texture":"#0"},"west":{"uv":[3,7.25,2,7],"rotation":90,"texture":"#0"},"up":{"uv":[8.125,4,8,3.75],"rotation":180,"texture":"#0"},"down":{"uv":[3.875,8.25,3.75,8],"texture":"#0"}}},{"from":[7.4,3.2761,8.53701],"to":[8.6,3.7511,8.98701],"rotation":{"angle":45,"axis":"x","origin":[8,8,8]},"faces":{"north":{"uv":[8.25,2.375,8,2.25],"texture":"#0"},"east":{"uv":[4.625,8.125,4.5,8],"texture":"#0"},"south":{"uv":[2.5,8.125,2.25,8],"texture":"#0"},"west":{"uv":[8.125,4.375,8,4.25],"texture":"#0"},"up":{"uv":[8,3.25,8.125,3],"rotation":270,"texture":"#0"},"down":{"uv":[2.5,8,2.625,8.25],"rotation":90,"texture":"#0"}}},{"from":[7.4,3.2761,8.98701],"to":[8.6,4.6761,9.48701],"rotation":{"angle":45,"axis":"x","origin":[8,8,8]},"faces":{"north":{"uv":[7.75,7.375,7.5,7],"texture":"#0"},"east":{"uv":[8.125,1.375,8,1],"texture":"#0"},"south":{"uv":[7.75,2.875,7.5,2.5],"texture":"#0"},"west":{"uv":[1.125,8.375,1,8],"texture":"#0"},"up":{"uv":[8,2.25,8.125,2],"rotation":270,"texture":"#0"},"down":{"uv":[8,1.75,8.125,2],"rotation":90,"texture":"#0"}}},{"from":[7.47104,5.28717,5.30683],"to":[8.52896,5.81613,5.94107],"rotation":{"angle":-22.5,"axis":"x","origin":[8,8,8]},"faces":{"north":{"uv":[3.5,8,3.625,8.25],"rotation":270,"texture":"#0"},"east":{"uv":[8.125,4.875,8,4.75],"rotation":270,"texture":"#0"},"south":{"uv":[8,3.75,8.125,3.5],"rotation":270,"texture":"#0"},"west":{"uv":[8.125,4.625,8,4.5],"rotation":90,"texture":"#0"},"up":{"uv":[8.25,3.375,8,3.25],"rotation":180,"texture":"#0"},"down":{"uv":[3.5,8.125,3.25,8],"texture":"#0"}}},{"from":[7.5,2.01533,5.43617],"to":[8.5,6.01533,6.43617],"rotation":{"angle":0,"axis":"x","origin":[8,8,8]},"faces":{"north":{"uv":[7,1.5,8,1.75],"rotation":270,"texture":"#0"},"east":{"uv":[8,1.5,7,1.25],"rotation":270,"texture":"#0"},"south":{"uv":[7,2,8,1.75],"rotation":270,"texture":"#0"},"west":{"uv":[2,7.25,1,7],"rotation":90,"texture":"#0"},"up":{"uv":[8,5.5,7.75,5.25],"rotation":180,"texture":"#0"},"down":{"uv":[5.5,8,5.25,7.75],"texture":"#0"}}},{"from":[7.4625,1.10885,10.17245],"to":[8.5375,3.50885,11.17245],"rotation":{"angle":45,"axis":"x","origin":[8,8,8]},"faces":{"north":{"uv":[7.25,4.625,7,4],"texture":"#0"},"east":{"uv":[4.25,7.625,4,7],"texture":"#0"},"south":{"uv":[4,7.625,3.75,7],"texture":"#0"},"west":{"uv":[3.75,7.625,3.5,7],"texture":"#0"},"up":{"uv":[5.75,8,6,7.75],"rotation":270,"texture":"#0"},"down":{"uv":[7.75,5.5,8,5.75],"rotation":90,"texture":"#0"}}},{"from":[7.4368,3.92082,6.43466],"to":[8.5632,6.30002,8.81386],"rotation":{"angle":45,"axis":"x","origin":[8,8,8]},"faces":{"north":{"uv":[4.75,7.625,4.5,7],"texture":"#0"},"east":{"uv":[7.125,0.625,6.5,0],"texture":"#0"},"south":{"uv":[4.5,7.625,4.25,7],"texture":"#0"},"west":{"uv":[6.875,2.375,6.25,1.75],"texture":"#0"},"up":{"uv":[7,5.25,7.625,5],"rotation":270,"texture":"#0"},"down":{"uv":[7,4.75,7.625,5],"rotation":90,"texture":"#0"}}},{"from":[7.65,6.01533,0.13617],"to":[8.35,10.01533,5.13617],"rotation":{"angle":0,"axis":"x","origin":[8,8,8]},"faces":{"north":{"uv":[8.25,6.5,7.25,6.625],"rotation":270,"texture":"#0"},"east":{"uv":[5,3.75,6,2.5],"rotation":270,"texture":"#0"},"south":{"uv":[8.25,6.875,7.25,6.75],"rotation":270,"texture":"#0"},"west":{"uv":[5,3.75,6,2.5],"rotation":90,"texture":"#0"},"up":{"uv":[4.75,8.25,4.875,7],"rotation":180,"texture":"#0"},"down":{"uv":[7,6.5,7.125,5.25],"texture":"#0"}}},{"from":[7.5,9.21533,2.83617],"to":[8.5,10.21533,3.83617],"rotation":{"angle":0,"axis":"x","origin":[8,8,8]},"faces":{"north":{"uv":[7.5,7.75,7.25,8],"rotation":270,"texture":"#0"},"east":{"uv":[7,8,7.25,7.75],"rotation":270,"texture":"#0"},"south":{"uv":[8,7.5,7.75,7.25],"rotation":270,"texture":"#0"},"west":{"uv":[7.75,6,8,5.75],"rotation":90,"texture":"#0"},"up":{"uv":[7.75,6.25,8,6],"rotation":180,"texture":"#0"},"down":{"uv":[7.75,7.25,8,7],"texture":"#0"}}},{"from":[7.5,8.15467,-0.22449],"to":[8.5,9.15467,2.77551],"rotation":{"angle":0,"axis":"x","origin":[8,8,8]},"faces":{"north":{"uv":[8,7.75,7.75,8],"rotation":270,"texture":"#0"},"east":{"uv":[3.25,7.75,3.5,7],"rotation":270,"texture":"#0"},"south":{"uv":[0.25,8.25,0,8],"rotation":270,"texture":"#0"},"west":{"uv":[5.5,7.5,5.75,6.75],"rotation":90,"texture":"#0"},"up":{"uv":[3,7.75,3.25,7],"rotation":180,"texture":"#0"},"down":{"uv":[7,4,7.25,3.25],"texture":"#0"}}},{"from":[7.45,1.02454,1.00285],"to":[8.55,3.22454,3.20285],"rotation":{"angle":45,"axis":"x","origin":[8,8,8]},"faces":{"north":{"uv":[7.25,7.5,7.5,7],"texture":"#0"},"east":{"uv":[7,3.25,7.5,2.75],"texture":"#0"},"south":{"uv":[0,8,0.25,7.5],"texture":"#0"},"west":{"uv":[7,2.75,7.5,2.25],"texture":"#0"},"up":{"uv":[8,2.5,7.5,2.25],"rotation":270,"texture":"#0"},"down":{"uv":[0.75,7.5,0.25,7.75],"rotation":90,"texture":"#0"}}},{"from":[7.5,4.41509,3.19636],"to":[8.5,5.91509,4.19636],"rotation":{"angle":45,"axis":"x","origin":[8,8,8]},"faces":{"north":{"uv":[0.625,7.75,0.25,8],"rotation":270,"texture":"#0"},"east":{"uv":[7.25,7.75,7.625,7.5],"rotation":270,"texture":"#0"},"south":{"uv":[1.875,8,1.5,7.75],"rotation":270,"texture":"#0"},"west":{"uv":[7.5,3.25,7.875,3],"rotation":90,"texture":"#0"},"up":{"uv":[7.5,8,7.75,7.75],"rotation":180,"texture":"#0"},"down":{"uv":[7.75,7.75,8,7.5],"texture":"#0"}}},{"from":[7.5,6.87599,-0.22449],"to":[8.5,7.87599,2.77551],"rotation":{"angle":0,"axis":"x","origin":[8,8,8]},"faces":{"north":{"uv":[7.75,7.75,8,8],"rotation":270,"texture":"#0"},"east":{"uv":[3.5,7.75,3.25,7],"rotation":270,"texture":"#0"},"south":{"uv":[0,8.25,0.25,8],"rotation":270,"texture":"#0"},"west":{"uv":[5.75,7.5,5.5,6.75],"rotation":90,"texture":"#0"},"up":{"uv":[7.25,4,7,3.25],"rotation":180,"texture":"#0"},"down":{"uv":[3.25,7.75,3,7],"texture":"#0"}}},{"from":[7.5,3.21804,4.39341],"to":[8.5,4.21804,5.89341],"rotation":{"angle":45,"axis":"x","origin":[8,8,8]},"faces":{"north":{"uv":[8,7.75,7.75,7.5],"texture":"#0"},"east":{"uv":[7.625,7.75,7.25,7.5],"texture":"#0"},"south":{"uv":[7.75,8,7.5,7.75],"texture":"#0"},"west":{"uv":[7.875,3.25,7.5,3],"texture":"#0"},"up":{"uv":[1.5,8,1.875,7.75],"rotation":270,"texture":"#0"},"down":{"uv":[0.25,7.75,0.625,8],"rotation":90,"texture":"#0"}}},{"from":[7.5,14.02764,10.15016],"to":[8.5,16.02764,12.15016],"rotation":{"angle":-22.5,"axis":"x","origin":[8,8,8]},"faces":{"north":{"uv":[9.5,4.5,10,5.5],"texture":"#1"},"east":{"uv":[7.5,5.5,8.5,6.5],"texture":"#1"},"south":{"uv":[9.5,5.5,10,6.5],"texture":"#1"},"west":{"uv":[2,8,3,9],"texture":"#1"},"up":{"uv":[10,7.5,9.5,6.5],"texture":"#1"},"down":{"uv":[10,7.5,9.5,8.5],"texture":"#1"}}},{"from":[7.5,14.19985,5.64774],"to":[8.5,16.19985,7.64774],"rotation":{"angle":45,"axis":"x","origin":[8,8,8]},"faces":{"north":{"uv":[1,10.5,1.5,11.5],"texture":"#1"},"east":{"uv":[6,8,7,9],"texture":"#1"},"south":{"uv":[1.5,10.5,2,11.5],"texture":"#1"},"west":{"uv":[8,7.5,9,8.5],"texture":"#1"},"up":{"uv":[11,3,10.5,2],"texture":"#1"},"down":{"uv":[11,4.5,10.5,5.5],"texture":"#1"}}},{"from":[6.9,14.69985,6.14774],"to":[7.5,15.69985,7.14774],"rotation":{"angle":45,"axis":"x","origin":[8,8,8]},"faces":{"north":{"uv":[11.5,4.5,11.75,5],"texture":"#1"},"east":{"uv":[11,7.5,11.5,8],"texture":"#1"},"south":{"uv":[5,11.5,5.25,12],"texture":"#1"},"west":{"uv":[11,8,11.5,8.5],"texture":"#1"},"up":{"uv":[11.75,5.5,11.5,5],"texture":"#1"},"down":{"uv":[5.75,11.5,5.5,12],"texture":"#1"}}},{"from":[6.7,14.59985,6.04774],"to":[6.9,15.79985,7.24774],"rotation":{"angle":45,"axis":"x","origin":[8,8,8]},"faces":{"north":{"uv":[11.5,2.5,11.75,3],"texture":"#1"},"east":{"uv":[11,6.5,11.5,7],"texture":"#1"},"south":{"uv":[11.5,3,11.75,3.5],"texture":"#1"},"west":{"uv":[11,7,11.5,7.5],"texture":"#1"},"up":{"uv":[11.75,4,11.5,3.5],"texture":"#1"},"down":{"uv":[11.75,4,11.5,4.5],"texture":"#1"}}},{"from":[8.5,14.69985,6.14774],"to":[9.1,15.69985,7.14774],"rotation":{"angle":45,"axis":"x","origin":[8,8,8]},"faces":{"north":{"uv":[11.75,4.5,11.5,5],"texture":"#1"},"east":{"uv":[11.5,8,11,8.5],"texture":"#1"},"south":{"uv":[5.25,11.5,5,12],"texture":"#1"},"west":{"uv":[11.5,7.5,11,8],"texture":"#1"},"up":{"uv":[11.5,5.5,11.75,5],"texture":"#1"},"down":{"uv":[5.5,11.5,5.75,12],"texture":"#1"}}},{"from":[9.1,14.59985,6.04774],"to":[9.3,15.79985,7.24774],"rotation":{"angle":45,"axis":"x","origin":[8,8,8]},"faces":{"north":{"uv":[11.75,2.5,11.5,3],"texture":"#1"},"east":{"uv":[11.5,7,11,7.5],"texture":"#1"},"south":{"uv":[11.75,3,11.5,3.5],"texture":"#1"},"west":{"uv":[11.5,6.5,11,7],"texture":"#1"},"up":{"uv":[11.5,4,11.75,3.5],"texture":"#1"},"down":{"uv":[11.5,4,11.75,4.5],"texture":"#1"}}},{"from":[7.5,18.56689,4.19161],"to":[8.5,20.56689,6.19161],"rotation":{"angle":45,"axis":"x","origin":[8,8,8]},"faces":{"north":{"uv":[10,4.5,10.5,5.5],"texture":"#1"},"east":{"uv":[8,3,9,4],"texture":"#1"},"south":{"uv":[5,10,5.5,11],"texture":"#1"},"west":{"uv":[4,8,5,9],"texture":"#1"},"up":{"uv":[6,11,5.5,10],"texture":"#1"},"down":{"uv":[10.5,5.5,10,6.5],"texture":"#1"}}},{"from":[7.2,19.06689,4.69161],"to":[7.5,20.06689,5.69161],"rotation":{"angle":45,"axis":"x","origin":[8,8,8]},"faces":{"north":{"uv":[11,11,11.25,11.5],"texture":"#1"},"east":{"uv":[11,5.5,11.5,6],"texture":"#1"},"south":{"uv":[0,11.5,0.25,12],"texture":"#1"},"west":{"uv":[11,6,11.5,6.5],"texture":"#1"},"up":{"uv":[11.75,0.5,11.5,0],"texture":"#1"},"down":{"uv":[0.75,11.5,0.5,12],"texture":"#1"}}},{"from":[8.5,19.06689,4.69161],"to":[8.8,20.06689,5.69161],"rotation":{"angle":45,"axis":"x","origin":[8,8,8]},"faces":{"north":{"uv":[11.25,11,11,11.5],"texture":"#1"},"east":{"uv":[11.5,6,11,6.5],"texture":"#1"},"south":{"uv":[0.25,11.5,0,12],"texture":"#1"},"west":{"uv":[11.5,5.5,11,6],"texture":"#1"},"up":{"uv":[11.5,0.5,11.75,0],"texture":"#1"},"down":{"uv":[0.5,11.5,0.75,12],"texture":"#1"}}},{"from":[7.2,14.44773,10.57804],"to":[7.5,15.64773,11.77804],"rotation":{"angle":-22.5,"axis":"x","origin":[8,8,8]},"faces":{"north":{"uv":[11,9,11.25,9.5],"texture":"#1"},"east":{"uv":[11,5,11.5,5.5],"texture":"#1"},"south":{"uv":[11,9.5,11.25,10],"texture":"#1"},"west":{"uv":[5.5,11,6,11.5],"texture":"#1"},"up":{"uv":[10.25,11.5,10,11],"texture":"#1"},"down":{"uv":[11.25,10,11,10.5],"texture":"#1"}}},{"from":[8.5,14.44773,10.57804],"to":[8.8,15.64773,11.77804],"rotation":{"angle":-22.5,"axis":"x","origin":[8,8,8]},"faces":{"north":{"uv":[11.25,9,11,9.5],"texture":"#1"},"east":{"uv":[6,11,5.5,11.5],"texture":"#1"},"south":{"uv":[11.25,9.5,11,10],"texture":"#1"},"west":{"uv":[11.5,5,11,5.5],"texture":"#1"},"up":{"uv":[10,11.5,10.25,11],"texture":"#1"},"down":{"uv":[11,10,11.25,10.5],"texture":"#1"}}},{"from":[7.3,14.53462,11.03642],"to":[7.6,15.53462,17.63642],"rotation":{"angle":-22.5,"axis":"x","origin":[8,8,8]},"faces":{"north":{"uv":[10.5,11,10.75,11.5],"texture":"#1"},"east":{"uv":[5.5,2,8.75,2.5],"texture":"#1"},"south":{"uv":[11,10.5,11.25,11],"texture":"#1"},"west":{"uv":[5.5,2.5,8.75,3],"texture":"#1"},"up":{"uv":[8.75,11.75,8.5,8.5],"texture":"#1"},"down":{"uv":[2.25,9,2,12.25],"texture":"#1"}}},{"from":[8.4,14.53462,11.03642],"to":[8.7,15.53462,17.63642],"rotation":{"angle":-22.5,"axis":"x","origin":[8,8,8]},"faces":{"north":{"uv":[10.5,11,10.75,11.5],"texture":"#1"},"east":{"uv":[5.5,2,8.75,2.5],"texture":"#1"},"south":{"uv":[11,10.5,11.25,11],"texture":"#1"},"west":{"uv":[5.5,2.5,8.75,3],"texture":"#1"},"up":{"uv":[8.75,11.75,8.5,8.5],"texture":"#1"},"down":{"uv":[2.25,9,2,12.25],"texture":"#1"}}},{"from":[7.6,14.83475,5.73622],"to":[8.4,15.43475,9.93622],"rotation":{"angle":22.5,"axis":"x","origin":[8,8,8]},"faces":{"north":{"uv":[1.5,11.5,2,11.75],"texture":"#1"},"east":{"uv":[9.5,3.5,11.5,3.75],"texture":"#1"},"south":{"uv":[11.5,2,12,2.25],"texture":"#1"},"west":{"uv":[9.5,8.5,11.5,8.75],"texture":"#1"},"up":{"uv":[5.5,10,5,8],"texture":"#1"},"down":{"uv":[6,8,5.5,10],"texture":"#1"}}},{"from":[7.6,15.43475,9.33622],"to":[8.4,19.13475,9.93622],"rotation":{"angle":22.5,"axis":"x","origin":[8,8,8]},"faces":{"north":{"uv":[8.5,5.5,9,7.25],"texture":"#1"},"east":{"uv":[10.5,5.5,10.75,7.25],"texture":"#1"},"south":{"uv":[8,8.5,8.5,10.25],"texture":"#1"},"west":{"uv":[7,10.5,7.25,12.25],"texture":"#1"},"up":{"uv":[12,0.75,11.5,0.5],"texture":"#1"},"down":{"uv":[1.5,11.5,1,11.75],"texture":"#1"}}},{"from":[7.6,9.63475,4.43622],"to":[8.4,14.83475,6.03622],"rotation":{"angle":22.5,"axis":"x","origin":[8,8,8]},"faces":{"north":{"uv":[1,8,1.5,10.5],"texture":"#1"},"east":{"uv":[4,5.5,4.75,8],"texture":"#1"},"south":{"uv":[1.5,8,2,10.5],"texture":"#1"},"west":{"uv":[5,5.5,5.75,8],"texture":"#1"},"up":{"uv":[8.5,11.25,8,10.5],"texture":"#1"},"down":{"uv":[11,9,10.5,9.75],"texture":"#1"}}},{"from":[8,2.59758,-4.97941],"to":[8,5.59758,6.02059],"rotation":{"angle":0,"axis":"y","origin":[8,8,8]},"faces":{"north":{"uv":[0,0,0,1.5],"texture":"#1"},"east":{"uv":[0,0,5.5,1.5],"texture":"#1"},"south":{"uv":[0,0,0,1.5],"texture":"#1"},"west":{"uv":[0,1.5,5.5,3],"texture":"#1"},"up":{"uv":[0,5.5,0,0],"texture":"#1"},"down":{"uv":[0,0,0,5.5],"texture":"#1"}}},{"from":[8,10.49758,-0.77941],"to":[8,13.49758,6.22059],"rotation":{"angle":0,"axis":"y","origin":[8,8,8]},"faces":{"north":{"uv":[0,0,0,1.5],"texture":"#1"},"east":{"uv":[0,3,3.5,4.5],"texture":"#1"},"south":{"uv":[0,0,0,1.5],"texture":"#1"},"west":{"uv":[3.5,3,7,4.5],"texture":"#1"},"up":{"uv":[0,3.5,0,0],"texture":"#1"},"down":{"uv":[0,0,0,3.5],"texture":"#1"}}},{"from":[8,18.28305,2.55439],"to":[8,25.28305,5.55439],"rotation":{"angle":45,"axis":"x","origin":[8,8,8]},"faces":{"north":{"uv":[0,0,0,3.5],"texture":"#1"},"east":{"uv":[0,4.5,1.5,8],"texture":"#1"},"south":{"uv":[0,0,0,3.5],"texture":"#1"},"west":{"uv":[1.5,4.5,3,8],"texture":"#1"},"up":{"uv":[0,1.5,0,0],"texture":"#1"},"down":{"uv":[0,0,0,1.5],"texture":"#1"}}},{"from":[8,15.69758,3.42059],"to":[8,17.69758,9.42059],"rotation":{"angle":0,"axis":"x","origin":[8,8,8]},"faces":{"north":{"uv":[0,0,0,1],"texture":"#1"},"east":{"uv":[3,4.5,6,5.5],"texture":"#1"},"south":{"uv":[0,0,0,1],"texture":"#1"},"west":{"uv":[5.5,0,8.5,1],"texture":"#1"},"up":{"uv":[0,3,0,0],"texture":"#1"},"down":{"uv":[0,0,0,3],"texture":"#1"}}},{"from":[6.51461,6.51118,1.23059],"to":[8.07461,8.07118,2.01059],"rotation":{"angle":-45,"axis":"z","origin":[8,8,8]},"faces":{"north":{"uv":[9,9,9.75,9.75],"texture":"#1"},"east":{"uv":[7.5,10.5,8,11.25],"texture":"#1"},"south":{"uv":[9.5,2.5,10.25,3.25],"texture":"#1"},"west":{"uv":[10.5,7.5,11,8.25],"texture":"#1"},"up":{"uv":[10.75,1,10,0.5],"texture":"#1"},"down":{"uv":[11.25,3,10.5,3.5],"texture":"#1"}}},{"from":[7.92882,7.92539,1.23059],"to":[9.48882,9.48539,2.01059],"rotation":{"angle":-45,"axis":"z","origin":[8,8,8]},"faces":{"north":{"uv":[9,9,9.75,9.75],"texture":"#1"},"east":{"uv":[7.5,10.5,8,11.25],"texture":"#1"},"south":{"uv":[9.5,2.5,10.25,3.25],"texture":"#1"},"west":{"uv":[10.5,7.5,11,8.25],"texture":"#1"},"up":{"uv":[10.75,1,10,0.5],"texture":"#1"},"down":{"uv":[11.25,3,10.5,3.5],"texture":"#1"}}},{"from":[7.57,9.71758,6.43059],"to":[8.43,10.57758,9.01059],"rotation":{"angle":0,"axis":"y","origin":[8,8,8]},"faces":{"north":{"uv":[10.5,10,11,10.5],"texture":"#1"},"east":{"uv":[8.5,0.5,9.75,1],"texture":"#1"},"south":{"uv":[10.5,10.5,11,11],"texture":"#1"},"west":{"uv":[9,2,10.25,2.5],"texture":"#1"},"up":{"uv":[9.5,3.75,9,2.5],"texture":"#1"},"down":{"uv":[9.5,7.5,9,8.75],"texture":"#1"}}},{"from":[7.57,5.41758,6.43059],"to":[8.43,6.27758,9.01059],"rotation":{"angle":0,"axis":"y","origin":[8,8,8]},"faces":{"north":{"uv":[10.5,10.5,11,10],"texture":"#1"},"east":{"uv":[8.5,1,9.75,0.5],"texture":"#1"},"south":{"uv":[10.5,11,11,10.5],"texture":"#1"},"west":{"uv":[9,2.5,10.25,2],"texture":"#1"},"up":{"uv":[9.5,8.75,9,7.5],"texture":"#1"},"down":{"uv":[9.5,2.5,9,3.75],"texture":"#1"}}},{"from":[7.5,4.89758,9.02059],"to":[8.5,10.89758,10.02059],"rotation":{"angle":0,"axis":"y","origin":[8,8,8]},"faces":{"north":{"uv":[7,7.5,7.5,10.5],"texture":"#1"},"east":{"uv":[7.5,7.5,8,10.5],"texture":"#1"},"south":{"uv":[0,8,0.5,11],"texture":"#1"},"west":{"uv":[0.5,8,1,11],"texture":"#1"},"up":{"uv":[11.5,5,11,4.5],"texture":"#1"},"down":{"uv":[5.5,11,5,11.5],"texture":"#1"}}},{"from":[7.45,8.42871,10.57914],"to":[8.55,9.52871,11.67914],"rotation":{"angle":-45,"axis":"x","origin":[8,8,8]},"faces":{"north":{"uv":[0,11,0.5,11.5],"texture":"#1"},"east":{"uv":[0.5,11,1,11.5],"texture":"#1"},"south":{"uv":[11,0.5,11.5,1],"texture":"#1"},"west":{"uv":[11,2,11.5,2.5],"texture":"#1"},"up":{"uv":[11.5,3,11,2.5],"texture":"#1"},"down":{"uv":[11.5,4,11,4.5],"texture":"#1"}}},{"from":[7.45,6.32645,10.72399],"to":[8.55,7.42645,11.82399],"rotation":{"angle":45,"axis":"x","origin":[8,8,8]},"faces":{"north":{"uv":[0,11.5,0.5,11],"texture":"#1"},"east":{"uv":[0.5,11.5,1,11],"texture":"#1"},"south":{"uv":[11,1,11.5,0.5],"texture":"#1"},"west":{"uv":[11,2.5,11.5,2],"texture":"#1"},"up":{"uv":[11.5,4.5,11,4],"texture":"#1"},"down":{"uv":[11.5,2.5,11,3],"texture":"#1"}}},{"from":[7.85,15.69861,11.92069],"to":[8.15,15.99861,17.92069],"rotation":{"angle":-22.5,"axis":"x","origin":[8,8,8]},"faces":{"north":{"uv":[11.5,6.5,11.75,6.75],"texture":"#1"},"east":{"uv":[8,4,11,4.25],"texture":"#1"},"south":{"uv":[11.5,7,11.75,7.25],"texture":"#1"},"west":{"uv":[8.5,0,11.5,0.25],"texture":"#1"},"up":{"uv":[2.75,12,2.5,9],"texture":"#1"},"down":{"uv":[4.25,9,4,12],"texture":"#1"}}},{"from":[7.85,15.60794,10.42939],"to":[8.15,19.40794,10.72939],"rotation":{"angle":22.5,"axis":"x","origin":[8,8,8]},"faces":{"north":{"uv":[10,6.5,10.25,8.5],"texture":"#1"},"east":{"uv":[9,10,9.25,12],"texture":"#1"},"south":{"uv":[10,9,10.25,11],"texture":"#1"},"west":{"uv":[9.5,10,9.75,12],"texture":"#1"},"up":{"uv":[7.75,11.75,7.5,11.5],"texture":"#1"},"down":{"uv":[11.75,7.5,11.5,7.75],"texture":"#1"}}},{"from":[6.85,7.83021,12.00377],"to":[7.15,13.63021,12.30377],"rotation":{"angle":0,"axis":"x","origin":[8,8,8]},"faces":{"north":{"uv":[4.5,9,4.75,12],"texture":"#1"},"east":{"uv":[9,4.5,9.25,7.5],"texture":"#1"},"south":{"uv":[6,9,6.25,12],"texture":"#1"},"west":{"uv":[6.5,9,6.75,12],"texture":"#1"},"up":{"uv":[8.25,11.75,8,11.5],"texture":"#1"},"down":{"uv":[11.75,8,11.5,8.25],"texture":"#1"}}},{"from":[8.85,7.83021,12.00377],"to":[9.15,13.63021,12.30377],"rotation":{"angle":0,"axis":"x","origin":[8,8,8]},"faces":{"north":{"uv":[4.5,9,4.75,12],"texture":"#1"},"east":{"uv":[9,4.5,9.25,7.5],"texture":"#1"},"south":{"uv":[6,9,6.25,12],"texture":"#1"},"west":{"uv":[6.5,9,6.75,12],"texture":"#1"},"up":{"uv":[8.25,11.75,8,11.5],"texture":"#1"},"down":{"uv":[11.75,8,11.5,8.25],"texture":"#1"}}},{"from":[8,-1.70242,3.42059],"to":[8,0.29758,9.42059],"rotation":{"angle":0,"axis":"x","origin":[8,8,8]},"faces":{"north":{"uv":[0,1,0,0],"texture":"#1"},"east":{"uv":[3,5.5,6,4.5],"texture":"#1"},"south":{"uv":[0,1,0,0],"texture":"#1"},"west":{"uv":[5.5,1,8.5,0],"texture":"#1"},"up":{"uv":[0,3,0,0],"texture":"#1"},"down":{"uv":[0,0,0,3],"texture":"#1"}}},{"from":[7.6,1.16078,4.43437],"to":[8.4,6.36078,6.03437],"rotation":{"angle":-22.5,"axis":"x","origin":[8,8,8]},"faces":{"north":{"uv":[1,10.5,1.5,8],"texture":"#1"},"east":{"uv":[4,8,4.75,5.5],"texture":"#1"},"south":{"uv":[1.5,10.5,2,8],"texture":"#1"},"west":{"uv":[5,8,5.75,5.5],"texture":"#1"},"up":{"uv":[11,9.75,10.5,9],"texture":"#1"},"down":{"uv":[8.5,10.5,8,11.25],"texture":"#1"}}},{"from":[7.3,0.4609,11.03828],"to":[7.6,1.4609,17.63828],"rotation":{"angle":22.5,"axis":"x","origin":[8,8,8]},"faces":{"north":{"uv":[10.5,11.5,10.75,11],"texture":"#1"},"east":{"uv":[5.5,2.5,8.75,2],"texture":"#1"},"south":{"uv":[11,11,11.25,10.5],"texture":"#1"},"west":{"uv":[5.5,3,8.75,2.5],"texture":"#1"},"up":{"uv":[2.25,12.25,2,9],"texture":"#1"},"down":{"uv":[8.75,8.5,8.5,11.75],"texture":"#1"}}},{"from":[7.2,0.3478,10.57989],"to":[7.5,1.5478,11.77989],"rotation":{"angle":22.5,"axis":"x","origin":[8,8,8]},"faces":{"north":{"uv":[11,9.5,11.25,9],"texture":"#1"},"east":{"uv":[11,5.5,11.5,5],"texture":"#1"},"south":{"uv":[11,10,11.25,9.5],"texture":"#1"},"west":{"uv":[5.5,11.5,6,11],"texture":"#1"},"up":{"uv":[11.25,10.5,11,10],"texture":"#1"},"down":{"uv":[10.25,11,10,11.5],"texture":"#1"}}},{"from":[7.5,-0.03211,10.15201],"to":[8.5,1.96789,12.15201],"rotation":{"angle":22.5,"axis":"x","origin":[8,8,8]},"faces":{"north":{"uv":[9.5,5.5,10,4.5],"texture":"#1"},"east":{"uv":[7.5,6.5,8.5,5.5],"texture":"#1"},"south":{"uv":[9.5,6.5,10,5.5],"texture":"#1"},"west":{"uv":[2,9,3,8],"texture":"#1"},"up":{"uv":[10,8.5,9.5,7.5],"texture":"#1"},"down":{"uv":[10,6.5,9.5,7.5],"texture":"#1"}}},{"from":[7.85,-0.00309,11.92254],"to":[8.15,0.29691,17.92254],"rotation":{"angle":22.5,"axis":"x","origin":[8,8,8]},"faces":{"north":{"uv":[11.5,6.75,11.75,6.5],"texture":"#1"},"east":{"uv":[8,4.25,11,4],"texture":"#1"},"south":{"uv":[11.5,7.25,11.75,7],"texture":"#1"},"west":{"uv":[8.5,0.25,11.5,0],"texture":"#1"},"up":{"uv":[4.25,12,4,9],"texture":"#1"},"down":{"uv":[2.75,9,2.5,12],"texture":"#1"}}},{"from":[8.4,0.4609,11.03828],"to":[8.7,1.4609,17.63828],"rotation":{"angle":22.5,"axis":"x","origin":[8,8,8]},"faces":{"north":{"uv":[10.5,11.5,10.75,11],"texture":"#1"},"east":{"uv":[5.5,2.5,8.75,2],"texture":"#1"},"south":{"uv":[11,11,11.25,10.5],"texture":"#1"},"west":{"uv":[5.5,3,8.75,2.5],"texture":"#1"},"up":{"uv":[2.25,12.25,2,9],"texture":"#1"},"down":{"uv":[8.75,8.5,8.5,11.75],"texture":"#1"}}},{"from":[8.5,0.3478,10.57989],"to":[8.8,1.5478,11.77989],"rotation":{"angle":22.5,"axis":"x","origin":[8,8,8]},"faces":{"north":{"uv":[11.25,9.5,11,9],"texture":"#1"},"east":{"uv":[6,11.5,5.5,11],"texture":"#1"},"south":{"uv":[11.25,10,11,9.5],"texture":"#1"},"west":{"uv":[11.5,5.5,11,5],"texture":"#1"},"up":{"uv":[11,10.5,11.25,10],"texture":"#1"},"down":{"uv":[10,11,10.25,11.5],"texture":"#1"}}},{"from":[7.2,-4.07031,4.68818],"to":[7.5,-3.07031,5.68818],"rotation":{"angle":-45,"axis":"x","origin":[8,8,8]},"faces":{"north":{"uv":[11,11.5,11.25,11],"texture":"#1"},"east":{"uv":[11,6,11.5,5.5],"texture":"#1"},"south":{"uv":[0,12,0.25,11.5],"texture":"#1"},"west":{"uv":[11,6.5,11.5,6],"texture":"#1"},"up":{"uv":[0.75,12,0.5,11.5],"texture":"#1"},"down":{"uv":[11.75,0,11.5,0.5],"texture":"#1"}}},{"from":[7.5,-4.57031,4.18818],"to":[8.5,-2.57031,6.18818],"rotation":{"angle":-45,"axis":"x","origin":[8,8,8]},"faces":{"north":{"uv":[10,5.5,10.5,4.5],"texture":"#1"},"east":{"uv":[8,4,9,3],"texture":"#1"},"south":{"uv":[5,11,5.5,10],"texture":"#1"},"west":{"uv":[4,9,5,8],"texture":"#1"},"up":{"uv":[10.5,6.5,10,5.5],"texture":"#1"},"down":{"uv":[6,10,5.5,11],"texture":"#1"}}},{"from":[8.5,-4.07031,4.68818],"to":[8.8,-3.07031,5.68818],"rotation":{"angle":-45,"axis":"x","origin":[8,8,8]},"faces":{"north":{"uv":[11.25,11.5,11,11],"texture":"#1"},"east":{"uv":[11.5,6.5,11,6],"texture":"#1"},"south":{"uv":[0.25,12,0,11.5],"texture":"#1"},"west":{"uv":[11.5,6,11,5.5],"texture":"#1"},"up":{"uv":[0.5,12,0.75,11.5],"texture":"#1"},"down":{"uv":[11.5,0,11.75,0.5],"texture":"#1"}}},{"from":[8,-9.28647,2.55096],"to":[8,-2.28647,5.55096],"rotation":{"angle":-45,"axis":"x","origin":[8,8,8]},"faces":{"north":{"uv":[0,3.5,0,0],"texture":"#1"},"east":{"uv":[0,8,1.5,4.5],"texture":"#1"},"south":{"uv":[0,3.5,0,0],"texture":"#1"},"west":{"uv":[1.5,8,3,4.5],"texture":"#1"},"up":{"uv":[0,1.5,0,0],"texture":"#1"},"down":{"uv":[0,0,0,1.5],"texture":"#1"}}},{"from":[7.6,-3.13922,9.33437],"to":[8.4,0.56078,9.93437],"rotation":{"angle":-22.5,"axis":"x","origin":[8,8,8]},"faces":{"north":{"uv":[8.5,7.25,9,5.5],"texture":"#1"},"east":{"uv":[10.5,7.25,10.75,5.5],"texture":"#1"},"south":{"uv":[8,10.25,8.5,8.5],"texture":"#1"},"west":{"uv":[7,12.25,7.25,10.5],"texture":"#1"},"up":{"uv":[1.5,11.75,1,11.5],"texture":"#1"},"down":{"uv":[12,0.5,11.5,0.75],"texture":"#1"}}},{"from":[7.85,-3.41241,10.42754],"to":[8.15,0.38759,10.72754],"rotation":{"angle":-22.5,"axis":"x","origin":[8,8,8]},"faces":{"north":{"uv":[10,8.5,10.25,6.5],"texture":"#1"},"east":{"uv":[9,12,9.25,10],"texture":"#1"},"south":{"uv":[10,11,10.25,9],"texture":"#1"},"west":{"uv":[9.5,12,9.75,10],"texture":"#1"},"up":{"uv":[11.75,7.75,11.5,7.5],"texture":"#1"},"down":{"uv":[7.75,11.5,7.5,11.75],"texture":"#1"}}},{"from":[7.6,0.56077,5.73436],"to":[8.4,1.16077,9.93436],"rotation":{"angle":-22.5,"axis":"x","origin":[8,8,8]},"faces":{"north":{"uv":[1.5,11.75,2,11.5],"texture":"#1"},"east":{"uv":[9.5,3.75,11.5,3.5],"texture":"#1"},"south":{"uv":[11.5,2.25,12,2],"texture":"#1"},"west":{"uv":[9.5,8.75,11.5,8.5],"texture":"#1"},"up":{"uv":[6,10,5.5,8],"texture":"#1"},"down":{"uv":[5.5,8,5,10],"texture":"#1"}}},{"from":[7.5,-0.20327,5.64431],"to":[8.5,1.79673,7.64431],"rotation":{"angle":-45,"axis":"x","origin":[8,8,8]},"faces":{"north":{"uv":[1,11.5,1.5,10.5],"texture":"#1"},"east":{"uv":[6,9,7,8],"texture":"#1"},"south":{"uv":[1.5,11.5,2,10.5],"texture":"#1"},"west":{"uv":[8,8.5,9,7.5],"texture":"#1"},"up":{"uv":[11,5.5,10.5,4.5],"texture":"#1"},"down":{"uv":[11,2,10.5,3],"texture":"#1"}}},{"from":[6.9,0.29673,6.14431],"to":[7.5,1.29673,7.14431],"rotation":{"angle":-45,"axis":"x","origin":[8,8,8]},"faces":{"north":{"uv":[11.5,5,11.75,4.5],"texture":"#1"},"east":{"uv":[11,8,11.5,7.5],"texture":"#1"},"south":{"uv":[5,12,5.25,11.5],"texture":"#1"},"west":{"uv":[11,8.5,11.5,8],"texture":"#1"},"up":{"uv":[5.75,12,5.5,11.5],"texture":"#1"},"down":{"uv":[11.75,5,11.5,5.5],"texture":"#1"}}},{"from":[6.7,0.19673,6.04431],"to":[6.9,1.39673,7.24431],"rotation":{"angle":-45,"axis":"x","origin":[8,8,8]},"faces":{"north":{"uv":[11.5,3,11.75,2.5],"texture":"#1"},"east":{"uv":[11,7,11.5,6.5],"texture":"#1"},"south":{"uv":[11.5,3.5,11.75,3],"texture":"#1"},"west":{"uv":[11,7.5,11.5,7],"texture":"#1"},"up":{"uv":[11.75,4.5,11.5,4],"texture":"#1"},"down":{"uv":[11.75,3.5,11.5,4],"texture":"#1"}}},{"from":[8.5,0.29673,6.14431],"to":[9.1,1.29673,7.14431],"rotation":{"angle":-45,"axis":"x","origin":[8,8,8]},"faces":{"north":{"uv":[11.75,5,11.5,4.5],"texture":"#1"},"east":{"uv":[11.5,8.5,11,8],"texture":"#1"},"south":{"uv":[5.25,12,5,11.5],"texture":"#1"},"west":{"uv":[11.5,8,11,7.5],"texture":"#1"},"up":{"uv":[5.5,12,5.75,11.5],"texture":"#1"},"down":{"uv":[11.5,5,11.75,5.5],"texture":"#1"}}},{"from":[9.1,0.19673,6.04431],"to":[9.3,1.39673,7.24431],"rotation":{"angle":-45,"axis":"x","origin":[8,8,8]},"faces":{"north":{"uv":[11.75,3,11.5,2.5],"texture":"#1"},"east":{"uv":[11.5,7.5,11,7],"texture":"#1"},"south":{"uv":[11.75,3.5,11.5,3],"texture":"#1"},"west":{"uv":[11.5,7,11,6.5],"texture":"#1"},"up":{"uv":[11.5,4.5,11.75,4],"texture":"#1"},"down":{"uv":[11.5,3.5,11.75,4],"texture":"#1"}}},{"from":[6.85,2.36495,12.00377],"to":[7.15,8.16495,12.30377],"rotation":{"angle":0,"axis":"x","origin":[8,8,8]},"faces":{"north":{"uv":[4.5,12,4.75,9],"texture":"#1"},"east":{"uv":[9,7.5,9.25,4.5],"texture":"#1"},"south":{"uv":[6,12,6.25,9],"texture":"#1"},"west":{"uv":[6.5,12,6.75,9],"texture":"#1"},"up":{"uv":[11.75,8.25,11.5,8],"texture":"#1"},"down":{"uv":[8.25,11.5,8,11.75],"texture":"#1"}}},{"from":[8.85,2.36495,12.00377],"to":[9.15,8.16495,12.30377],"rotation":{"angle":0,"axis":"x","origin":[8,8,8]},"faces":{"north":{"uv":[4.5,12,4.75,9],"texture":"#1"},"east":{"uv":[9,7.5,9.25,4.5],"texture":"#1"},"south":{"uv":[6,12,6.25,9],"texture":"#1"},"west":{"uv":[6.5,12,6.75,9],"texture":"#1"},"up":{"uv":[11.75,8.25,11.5,8],"texture":"#1"},"down":{"uv":[8.25,11.5,8,11.75],"texture":"#1"}}}],"gui_light":"front","display":{"thirdperson_righthand":{"translation":[0,-2,0.5],"scale":[0.8,0.8,0.8]},"thirdperson_lefthand":{"translation":[0,-1.75,0],"scale":[0.8,0.8,0.8]},"firstperson_righthand":{"rotation":[3.5,0,0],"translation":[0.5,5,0],"scale":[0.8,0.8,0.8]},"firstperson_lefthand":{"rotation":[3.5,0,0],"translation":[0.5,5,0],"scale":[0.8,0.8,0.8]},"ground":{"rotation":[30,0,0],"translation":[0,0.5,0],"scale":[0.3,0.3,0.3]},"gui":{"rotation":[90,-45,90],"translation":[1.25,1.5,0],"scale":[0.5,0.5,0.5]},"head":{"translation":[0,2.5,0.25],"scale":[0,0,0]},"fixed":{"rotation":[90,45,90],"translation":[-5.25,5.25,-1],"scale":[1.68398,1.68398,1.68398]}},"groups":[{"name":"group","origin":[8.01795,11.06419,8.23333],"color":0,"nbt":"{}","armAnimationEnabled":false,"children":[0,1,2,3,4,5,6,7,8,9,10,11,12,13,14,15,16,17,18,19,20,21,22]},23,24,25,26,27,28,29,30,31,32,33,34,35,36,37,38,39,40,41,42,43,44,45,46,47,48,49,50,51,52,53,54,55,56,57,58,59,60,61,62,63,64,65,66,67,68,69,70,71,72,73,74,75]}