{
	"credit": "Made with Blockbench",
	"textures": {
		"2": "ec_fishing_rods_vol1:auselly_fishing_rod_cast",
		"particle": "ec_fishing_rods_vol1:auselly_fishing_rod_cast"
	},
	"elements": [
		{
			"from": [7.5, 0, 7.5],
			"to": [8.5, 1, 8.5],
			"rotation": {"angle": -45, "axis": "x", "origin": [8, 0.5, 8]},
			"faces": {
				"north": {"uv": [5, 12, 6, 13], "texture": "#2"},
				"east": {"uv": [12, 5, 13, 6], "texture": "#2"},
				"south": {"uv": [12, 6, 13, 7], "texture": "#2"},
				"west": {"uv": [7, 12, 8, 13], "texture": "#2"},
				"up": {"uv": [13, 8, 12, 7], "texture": "#2"},
				"down": {"uv": [13, 8, 12, 9], "texture": "#2"}
			}
		},
		{
			"from": [7.5, 1.7, 7.5],
			"to": [8.5, 2.7, 8.5],
			"rotation": {"angle": 0, "axis": "x", "origin": [8, 2.2, 8]},
			"faces": {
				"north": {"uv": [12, 9, 13, 10], "texture": "#2"},
				"east": {"uv": [12, 10, 13, 11], "texture": "#2"},
				"south": {"uv": [12, 11, 13, 12], "texture": "#2"},
				"west": {"uv": [12, 12, 13, 13], "texture": "#2"},
				"up": {"uv": [14, 1, 13, 0], "texture": "#2"},
				"down": {"uv": [14, 1, 13, 2], "texture": "#2"}
			}
		},
		{
			"from": [7.5, 4.7, 7.5],
			"to": [8.5, 5.7, 8.5],
			"rotation": {"angle": 0, "axis": "x", "origin": [8, 5.2, 8]},
			"faces": {
				"north": {"uv": [3, 13, 4, 14], "texture": "#2"},
				"east": {"uv": [4, 13, 5, 14], "texture": "#2"},
				"south": {"uv": [5, 13, 6, 14], "texture": "#2"},
				"west": {"uv": [13, 5, 14, 6], "texture": "#2"},
				"up": {"uv": [7, 14, 6, 13], "texture": "#2"},
				"down": {"uv": [14, 6, 13, 7], "texture": "#2"}
			}
		},
		{
			"from": [7.6, 0.7, 7.6],
			"to": [8.4, 1.7, 8.4],
			"rotation": {"angle": 0, "axis": "x", "origin": [8, 2.2, 8]},
			"faces": {
				"north": {"uv": [13, 12, 13.75, 13], "texture": "#2"},
				"east": {"uv": [13, 13, 13.75, 14], "texture": "#2"},
				"south": {"uv": [0, 14, 0.75, 15], "texture": "#2"},
				"west": {"uv": [14, 0, 14.75, 1], "texture": "#2"},
				"up": {"uv": [14.75, 3.75, 14, 3], "texture": "#2"},
				"down": {"uv": [4.75, 14, 4, 14.75], "texture": "#2"}
			}
		},
		{
			"from": [7.6, 2.7, 7.6],
			"to": [8.4, 4.7, 8.4],
			"rotation": {"angle": 0, "axis": "x", "origin": [8, 5.2, 8]},
			"faces": {
				"north": {"uv": [10, 3, 10.75, 5], "texture": "#2"},
				"east": {"uv": [4, 10, 4.75, 12], "texture": "#2"},
				"south": {"uv": [5, 10, 5.75, 12], "texture": "#2"},
				"west": {"uv": [7, 10, 7.75, 12], "texture": "#2"},
				"up": {"uv": [14.75, 4.75, 14, 4], "texture": "#2"},
				"down": {"uv": [5.75, 14, 5, 14.75], "texture": "#2"}
			}
		},
		{
			"from": [7.48, 5.23754, 7.49893],
			"to": [8.52, 6.53754, 8.79893],
			"rotation": {"angle": 45, "axis": "x", "origin": [8, 6.17354, 8.33093]},
			"faces": {
				"north": {"uv": [9, 11, 10, 12.25], "texture": "#2"},
				"east": {"uv": [7, 8, 8.25, 9.25], "texture": "#2"},
				"south": {"uv": [11, 9, 12, 10.25], "texture": "#2"},
				"west": {"uv": [9, 5, 10.25, 6.25], "texture": "#2"},
				"up": {"uv": [11, 12.25, 10, 11], "texture": "#2"},
				"down": {"uv": [12, 11, 11, 12.25], "texture": "#2"}
			}
		},
		{
			"from": [7.5112, 5.48929, 8.54901],
			"to": [8.4888, 6.71129, 9.77101],
			"rotation": {"angle": -45, "axis": "x", "origin": [8, 6.36913, 8.98893]},
			"faces": {
				"north": {"uv": [0, 12, 1, 13.25], "texture": "#2"},
				"east": {"uv": [9, 7, 10.25, 8.25], "texture": "#2"},
				"south": {"uv": [12, 0, 13, 1.25], "texture": "#2"},
				"west": {"uv": [9, 9, 10.25, 10.25], "texture": "#2"},
				"up": {"uv": [2, 13.25, 1, 12], "texture": "#2"},
				"down": {"uv": [3, 12, 2, 13.25], "texture": "#2"}
			}
		},
		{
			"from": [7.38, 5.43754, 7.69893],
			"to": [8.62, 6.33754, 8.59893],
			"rotation": {"angle": 45, "axis": "x", "origin": [8.1, 6.17354, 8.33093]},
			"faces": {
				"north": {"uv": [12, 2, 13.25, 3], "texture": "#2"},
				"east": {"uv": [7, 13, 8, 14], "texture": "#2"},
				"south": {"uv": [3, 12, 4.25, 13], "texture": "#2"},
				"west": {"uv": [13, 7, 14, 8], "texture": "#2"},
				"up": {"uv": [13.25, 4, 12, 3], "texture": "#2"},
				"down": {"uv": [13.25, 4, 12, 5], "texture": "#2"}
			}
		},
		{
			"from": [8, -1, 7],
			"to": [8, 1, 9],
			"rotation": {"angle": 45, "axis": "y", "origin": [8, 0, 8]},
			"faces": {
				"north": {"uv": [0, 0, 0, 2], "texture": "#2"},
				"east": {"uv": [0, 8, 2, 10], "texture": "#2"},
				"south": {"uv": [0, 0, 0, 2], "texture": "#2"},
				"west": {"uv": [2, 8, 4, 10], "texture": "#2"},
				"up": {"uv": [0, 2, 0, 0], "texture": "#2"},
				"down": {"uv": [0, 0, 0, 2], "texture": "#2"}
			}
		},
		{
			"from": [8, -1, 7],
			"to": [8, 1, 9],
			"rotation": {"angle": -45, "axis": "y", "origin": [8, 0, 8]},
			"faces": {
				"north": {"uv": [0, 0, 0, 2], "texture": "#2"},
				"east": {"uv": [8, 3, 10, 5], "texture": "#2"},
				"south": {"uv": [0, 0, 0, 2], "texture": "#2"},
				"west": {"uv": [4, 8, 6, 10], "texture": "#2"},
				"up": {"uv": [0, 2, 0, 0], "texture": "#2"},
				"down": {"uv": [0, 0, 0, 2], "texture": "#2"}
			}
		},
		{
			"from": [8, 3.70117, 9.18003],
			"to": [8, 9.20117, 10.68003],
			"rotation": {"angle": 0, "axis": "x", "origin": [8, 8.09393, 9.63431]},
			"faces": {
				"north": {"uv": [0, 0, 0, 7], "rotation": 180, "texture": "#2"},
				"east": {"uv": [6.25, 0, 11, 1.25], "rotation": 90, "texture": "#2"},
				"south": {"uv": [0, 7, 0, 0], "texture": "#2"},
				"west": {"uv": [11, 0, 6.25, 1.25], "rotation": 270, "texture": "#2"},
				"up": {"uv": [0, 3, 0, 0], "rotation": 180, "texture": "#2"},
				"down": {"uv": [0, 3, 0, 0], "texture": "#2"}
			}
		},
		{
			"from": [7.5, 8.675, 6.75],
			"to": [8.5, 8.675, 7.75],
			"rotation": {"angle": 0, "axis": "y", "origin": [7.5, 8.675, 6.75]},
			"faces": {
				"north": {"uv": [0, 0, 1, 0], "texture": "#2"},
				"east": {"uv": [0, 0, 1, 0], "texture": "#2"},
				"south": {"uv": [0, 0, 1, 0], "texture": "#2"},
				"west": {"uv": [0, 0, 1, 0], "texture": "#2"},
				"up": {"uv": [10, 14, 9, 13], "texture": "#2"},
				"down": {"uv": [10, 13, 9, 14], "texture": "#2"}
			}
		},
		{
			"from": [7.5, 10.625, 6.75],
			"to": [8.5, 10.625, 7.75],
			"rotation": {"angle": 0, "axis": "y", "origin": [7.5, 10.625, 6.75]},
			"faces": {
				"north": {"uv": [0, 0, 1, 0], "texture": "#2"},
				"east": {"uv": [0, 0, 1, 0], "texture": "#2"},
				"south": {"uv": [0, 0, 1, 0], "texture": "#2"},
				"west": {"uv": [0, 0, 1, 0], "texture": "#2"},
				"up": {"uv": [10, 14, 9, 13], "texture": "#2"},
				"down": {"uv": [10, 13, 9, 14], "texture": "#2"}
			}
		},
		{
			"from": [7.5, 12.15, 6.5],
			"to": [8.5, 12.15, 7.5],
			"rotation": {"angle": 0, "axis": "y", "origin": [7.5, 12.15, 6.5]},
			"faces": {
				"north": {"uv": [0, 0, 1, 0], "texture": "#2"},
				"east": {"uv": [0, 0, 1, 0], "texture": "#2"},
				"south": {"uv": [0, 0, 1, 0], "texture": "#2"},
				"west": {"uv": [0, 0, 1, 0], "texture": "#2"},
				"up": {"uv": [10, 14, 9, 13], "texture": "#2"},
				"down": {"uv": [10, 13, 9, 14], "texture": "#2"}
			}
		},
		{
			"from": [7.5, 13.25, 5.75],
			"to": [8.5, 13.25, 6.75],
			"rotation": {"angle": 0, "axis": "y", "origin": [7.5, 13.25, 5.75]},
			"faces": {
				"north": {"uv": [0, 0, 1, 0], "texture": "#2"},
				"east": {"uv": [0, 0, 1, 0], "texture": "#2"},
				"south": {"uv": [0, 0, 1, 0], "texture": "#2"},
				"west": {"uv": [0, 0, 1, 0], "texture": "#2"},
				"up": {"uv": [10, 14, 9, 13], "texture": "#2"},
				"down": {"uv": [10, 13, 9, 14], "texture": "#2"}
			}
		},
		{
			"from": [8, 6, 4],
			"to": [8, 14, 8],
			"rotation": {"angle": 0, "axis": "y", "origin": [8, 6, 4]},
			"faces": {
				"north": {"uv": [0, 0, 0, 8], "texture": "#2"},
				"east": {"uv": [4, 0, 0, 8], "texture": "#2"},
				"south": {"uv": [0, 0, 0, 8], "texture": "#2"},
				"west": {"uv": [0, 0, 4, 8], "texture": "#2"},
				"up": {"uv": [0, 4, 0, 0], "texture": "#2"},
				"down": {"uv": [0, 0, 0, 4], "texture": "#2"}
			}
		},
		{
			"from": [7.65, 8.21183, 8.59008],
			"to": [8.35, 9.41183, 9.79008],
			"rotation": {"angle": 0, "axis": "x", "origin": [8, 8.20607, 9.63431]},
			"faces": {
				"north": {"uv": [10, 13, 10.75, 14.25], "texture": "#2"},
				"east": {"uv": [0, 10, 1.25, 11.25], "texture": "#2"},
				"south": {"uv": [13, 10, 13.75, 11.25], "texture": "#2"},
				"west": {"uv": [2, 10, 3.25, 11.25], "texture": "#2"},
				"up": {"uv": [11.75, 14.25, 11, 13], "texture": "#2"},
				"down": {"uv": [12.75, 13, 12, 14.25], "texture": "#2"}
			}
		},
		{
			"from": [7.75, 5.21183, 8.69008],
			"to": [8.25, 8.21183, 9.69008],
			"rotation": {"angle": 0, "axis": "x", "origin": [8, 8.20607, 9.63431]},
			"faces": {
				"north": {"uv": [8, 10, 8.5, 13], "texture": "#2"},
				"east": {"uv": [8, 5, 9, 8], "texture": "#2"},
				"south": {"uv": [11, 0, 11.5, 3], "texture": "#2"},
				"west": {"uv": [6, 8, 7, 11], "texture": "#2"},
				"up": {"uv": [14.5, 10, 14, 9], "texture": "#2"},
				"down": {"uv": [14.5, 10, 14, 11], "texture": "#2"}
			}
		},
		{
			"from": [7.525, 6.525, 7.525],
			"to": [8.475, 11.4, 8.475],
			"rotation": {"angle": 0, "axis": "y", "origin": [8, 8.9, 3]},
			"faces": {
				"north": {"uv": [4, 3, 5, 7.75], "texture": "#2"},
				"east": {"uv": [5, 3, 6, 7.75], "texture": "#2"},
				"south": {"uv": [6, 3, 7, 7.75], "texture": "#2"},
				"west": {"uv": [7, 3, 8, 7.75], "texture": "#2"},
				"up": {"uv": [9, 14, 8, 13], "texture": "#2"},
				"down": {"uv": [14, 8, 13, 9], "texture": "#2"}
			}
		},
		{
			"from": [7.6, 11.125, 7.3],
			"to": [8.4, 13.125, 8.1],
			"rotation": {"angle": -22.5, "axis": "x", "origin": [8, 12.125, 7.7]},
			"faces": {
				"north": {"uv": [11, 3, 11.75, 5], "texture": "#2"},
				"east": {"uv": [11, 5, 11.75, 7], "texture": "#2"},
				"south": {"uv": [6, 11, 6.75, 13], "texture": "#2"},
				"west": {"uv": [11, 7, 11.75, 9], "texture": "#2"},
				"up": {"uv": [14.75, 5.75, 14, 5], "texture": "#2"},
				"down": {"uv": [6.75, 14, 6, 14.75], "texture": "#2"}
			}
		},
		{
			"from": [7.7, 12.87276, 6.25963],
			"to": [8.3, 14.37276, 6.85963],
			"rotation": {"angle": -45, "axis": "x", "origin": [8, 13.97276, 6.93463]},
			"faces": {
				"north": {"uv": [1, 14, 1.5, 15.5], "texture": "#2"},
				"east": {"uv": [14, 1, 14.5, 2.5], "texture": "#2"},
				"south": {"uv": [2, 14, 2.5, 15.5], "texture": "#2"},
				"west": {"uv": [3, 14, 3.5, 15.5], "texture": "#2"},
				"up": {"uv": [14.5, 11.5, 14, 11], "texture": "#2"},
				"down": {"uv": [14.5, 12, 14, 12.5], "texture": "#2"}
			}
		}
	],
	"gui_light": "front",
	"display": {
		"thirdperson_righthand": {
			"rotation": [16.5, 0, 0],
			"translation": [0, 4.5, 2.5],
			"scale": [1.28711, 1.28711, 1.28711]
		},
		"thirdperson_lefthand": {
			"rotation": [16.5, 0, 0],
			"translation": [0, 4.5, 2.5],
			"scale": [1.28711, 1.28711, 1.28711]
		},
		"firstperson_righthand": {
			"rotation": [-61.17, 8.64, -1.7],
			"translation": [-2, 6.5, 4.5],
			"scale": [0.77344, 0.77344, 0.77344]
		},
		"firstperson_lefthand": {
			"rotation": [-61.17, 8.64, -1.7],
			"translation": [-2, 6.5, 4.5],
			"scale": [0.77344, 0.77344, 0.77344]
		},
		"ground": {
			"rotation": [24.37, -12.62, 77.77],
			"translation": [0, 2.75, 1.75],
			"scale": [1.28711, 1.28711, 1.28711]
		},
		"gui": {
			"rotation": [90, -135, 90],
			"translation": [0.5, 0.5, -0.75],
			"scale": [1.12891, 1.12891, 1.12891]
		},
		"head": {
			"rotation": [90, 45, 90],
			"translation": [6.5, -12.75, 4.75],
			"scale": [1.5, 1.5, 1.5]
		},
		"fixed": {
			"rotation": [-90, 90, 90],
			"translation": [-0.5, 1.75, -2.75],
			"scale": [3.10547, 3.10547, 3.10547]
		}
	}
}