{
	"credit": "Made with Blockbench",
	"textures": {
		"1": "ec_fishing_rods_vol1:valkyrie_animation_1",
		"2": "ec_fishing_rods_vol1:valkyrie_fishing_rod_cast"
	},
	"elements": [
		{
			"from": [7.5, -0.39671, 7.5],
			"to": [8.5, 0.60329, 8.5],
			"rotation": {"angle": -45, "axis": "x", "origin": [8, 0.10329, 8]},
			"faces": {
				"north": {"uv": [10, 9, 11, 10], "texture": "#2"},
				"east": {"uv": [10, 10, 11, 11], "texture": "#2"},
				"south": {"uv": [0, 11, 1, 12], "texture": "#2"},
				"west": {"uv": [11, 0, 12, 1], "texture": "#2"},
				"up": {"uv": [2, 12, 1, 11], "texture": "#2"},
				"down": {"uv": [12, 1, 11, 2], "texture": "#2"}
			}
		},
		{
			"from": [7.55, 6.4, 7.55],
			"to": [8.45, 11.4, 8.45],
			"rotation": {"angle": 0, "axis": "y", "origin": [8, 8.9, 3]},
			"faces": {
				"north": {"uv": [3, 0, 4, 5], "texture": "#2"},
				"east": {"uv": [4, 0, 5, 5], "texture": "#2"},
				"south": {"uv": [5, 0, 6, 5], "texture": "#2"},
				"west": {"uv": [3, 5, 4, 10], "texture": "#2"},
				"up": {"uv": [8, 13, 7, 12], "texture": "#2"},
				"down": {"uv": [13, 7, 12, 8], "texture": "#2"}
			}
		},
		{
			"from": [7.6, 11.125, 7.275],
			"to": [8.4, 13.125, 8.075],
			"rotation": {"angle": -22.5, "axis": "x", "origin": [8, 12.125, 7.675]},
			"faces": {
				"north": {"uv": [6, 10, 6.75, 12], "texture": "#2"},
				"east": {"uv": [7, 10, 7.75, 12], "texture": "#2"},
				"south": {"uv": [10, 7, 10.75, 9], "texture": "#2"},
				"west": {"uv": [9, 10, 9.75, 12], "texture": "#2"},
				"up": {"uv": [3.75, 13.75, 3, 13], "texture": "#2"},
				"down": {"uv": [13.75, 3, 13, 3.75], "texture": "#2"}
			}
		},
		{
			"from": [7.7, 12.87276, 6.25963],
			"to": [8.3, 14.37276, 6.85963],
			"rotation": {"angle": -45, "axis": "x", "origin": [8, 13.97276, 6.93463]},
			"faces": {
				"north": {"uv": [12, 10, 12.5, 11.5], "texture": "#2"},
				"east": {"uv": [11, 12, 11.5, 13.5], "texture": "#2"},
				"south": {"uv": [12, 12, 12.5, 13.5], "texture": "#2"},
				"west": {"uv": [0, 13, 0.5, 14.5], "texture": "#2"},
				"up": {"uv": [7.5, 13.5, 7, 13], "texture": "#2"},
				"down": {"uv": [13.5, 7, 13, 7.5], "texture": "#2"}
			}
		},
		{
			"from": [7.5, 1.10329, 7.5],
			"to": [8.5, 2.10329, 8.5],
			"rotation": {"angle": 0, "axis": "x", "origin": [8, 1.60329, 8]},
			"faces": {
				"north": {"uv": [2, 11, 3, 12], "texture": "#2"},
				"east": {"uv": [11, 2, 12, 3], "texture": "#2"},
				"south": {"uv": [11, 3, 12, 4], "texture": "#2"},
				"west": {"uv": [11, 4, 12, 5], "texture": "#2"},
				"up": {"uv": [12, 6, 11, 5], "texture": "#2"},
				"down": {"uv": [12, 6, 11, 7], "texture": "#2"}
			}
		},
		{
			"from": [7.5, 4.10329, 7.5],
			"to": [8.5, 5.10329, 8.5],
			"rotation": {"angle": 0, "axis": "x", "origin": [8, 4.60329, 8]},
			"faces": {
				"north": {"uv": [11, 7, 12, 8], "texture": "#2"},
				"east": {"uv": [8, 11, 9, 12], "texture": "#2"},
				"south": {"uv": [11, 8, 12, 9], "texture": "#2"},
				"west": {"uv": [11, 9, 12, 10], "texture": "#2"},
				"up": {"uv": [11, 12, 10, 11], "texture": "#2"},
				"down": {"uv": [12, 10, 11, 11], "texture": "#2"}
			}
		},
		{
			"from": [7.6, 2.10329, 7.6],
			"to": [8.4, 4.10329, 8.4],
			"rotation": {"angle": 0, "axis": "x", "origin": [8, 2.60329, 8]},
			"faces": {
				"north": {"uv": [9, 8, 9.75, 10], "texture": "#2"},
				"east": {"uv": [10, 2, 10.75, 4], "texture": "#2"},
				"south": {"uv": [3, 10, 3.75, 12], "texture": "#2"},
				"west": {"uv": [4, 10, 4.75, 12], "texture": "#2"},
				"up": {"uv": [2.75, 13.75, 2, 13], "texture": "#2"},
				"down": {"uv": [13.75, 2, 13, 2.75], "texture": "#2"}
			}
		},
		{
			"from": [7.6, 0.30329, 7.5],
			"to": [8.4, 1.30329, 8.5],
			"rotation": {"angle": -45, "axis": "x", "origin": [8, 0.80329, 8]},
			"faces": {
				"north": {"uv": [12, 8, 12.75, 9], "texture": "#2"},
				"east": {"uv": [11, 11, 12, 12], "texture": "#2"},
				"south": {"uv": [9, 12, 9.75, 13], "texture": "#2"},
				"west": {"uv": [0, 12, 1, 13], "texture": "#2"},
				"up": {"uv": [12.75, 10, 12, 9], "texture": "#2"},
				"down": {"uv": [10.75, 12, 10, 13], "texture": "#2"}
			}
		},
		{
			"from": [7.525, 4.90329, 7],
			"to": [8.475, 6.90329, 9],
			"rotation": {"angle": -45, "axis": "x", "origin": [8, 5.90329, 8]},
			"faces": {
				"north": {"uv": [4, 8, 5, 10], "texture": "#2"},
				"east": {"uv": [4, 5, 6, 7], "texture": "#2"},
				"south": {"uv": [5, 8, 6, 10], "texture": "#2"},
				"west": {"uv": [6, 0, 8, 2], "texture": "#2"},
				"up": {"uv": [7, 10, 6, 8], "texture": "#2"},
				"down": {"uv": [9, 7, 8, 9], "texture": "#2"}
			}
		},
		{
			"from": [7.5, 5.8173, 7.94077],
			"to": [8.5, 7.8173, 8.94077],
			"rotation": {"angle": 45, "axis": "x", "origin": [8, 5.80919, 9.75971]},
			"faces": {
				"north": {"uv": [9, 2, 10, 4], "texture": "#2"},
				"east": {"uv": [9, 4, 10, 6], "texture": "#2"},
				"south": {"uv": [9, 6, 10, 8], "texture": "#2"},
				"west": {"uv": [8, 9, 9, 11], "texture": "#2"},
				"up": {"uv": [13, 1, 12, 0], "texture": "#2"},
				"down": {"uv": [2, 12, 1, 13], "texture": "#2"}
			}
		},
		{
			"from": [7.525, 4.11352, 9.71135],
			"to": [8.475, 7.11352, 10.66135],
			"rotation": {"angle": -22.5, "axis": "x", "origin": [8, 5.80919, 9.75971]},
			"faces": {
				"north": {"uv": [1, 8, 0, 11], "rotation": 180, "texture": "#2"},
				"east": {"uv": [6, 6, 9, 7], "rotation": 270, "texture": "#2"},
				"south": {"uv": [8, 10, 7, 7], "texture": "#2"},
				"west": {"uv": [4, 7, 7, 8], "rotation": 90, "texture": "#2"},
				"up": {"uv": [12, 1, 13, 2], "rotation": 180, "texture": "#2"},
				"down": {"uv": [2, 12, 3, 13], "texture": "#2"}
			}
		},
		{
			"from": [7.775, 4.89343, 8.32345],
			"to": [8.225, 6.14343, 11.42345],
			"rotation": {"angle": 45, "axis": "x", "origin": [8, 5.80919, 9.75971]},
			"faces": {
				"north": {"uv": [13, 0, 13.5, 1.25], "texture": "#2"},
				"east": {"uv": [6, 2, 9, 3.25], "texture": "#2"},
				"south": {"uv": [1, 13, 1.5, 14.25], "texture": "#2"},
				"west": {"uv": [6, 4, 9, 5.25], "texture": "#2"},
				"up": {"uv": [10.5, 7, 10, 4], "texture": "#2"},
				"down": {"uv": [5.5, 10, 5, 13], "texture": "#2"}
			}
		},
		{
			"from": [7.5125, 5.51276, 8.08233],
			"to": [8.4875, 6.51276, 9.08233],
			"rotation": {"angle": 22.5, "axis": "x", "origin": [8, 5.80919, 9.75971]},
			"faces": {
				"north": {"uv": [12, 2, 13, 3], "texture": "#2"},
				"east": {"uv": [3, 12, 4, 13], "texture": "#2"},
				"south": {"uv": [12, 3, 13, 4], "texture": "#2"},
				"west": {"uv": [4, 12, 5, 13], "texture": "#2"},
				"up": {"uv": [13, 5, 12, 4], "texture": "#2"},
				"down": {"uv": [13, 5, 12, 6], "texture": "#2"}
			}
		},
		{
			"from": [7.5, 3.66166, 10.88104],
			"to": [8.5, 6.66166, 11.88104],
			"rotation": {"angle": 22.5, "axis": "x", "origin": [8, 5.80919, 9.75971]},
			"faces": {
				"north": {"uv": [3, 8, 2, 11], "rotation": 180, "texture": "#2"},
				"east": {"uv": [8, 0, 11, 1], "rotation": 270, "texture": "#2"},
				"south": {"uv": [2, 11, 1, 8], "texture": "#2"},
				"west": {"uv": [8, 1, 11, 2], "rotation": 90, "texture": "#2"},
				"up": {"uv": [6, 12, 7, 13], "rotation": 180, "texture": "#2"},
				"down": {"uv": [12, 6, 13, 7], "texture": "#2"}
			}
		},
		{
			"from": [7.9, 8.52, 9.57],
			"to": [7.9, 12.48, 13.53],
			"rotation": {"angle": 45, "axis": "x", "origin": [7.9, 8.52, 9.57]},
			"faces": {
				"north": {"uv": [0, 3.42857, 0, 0], "rotation": 180, "texture": "#1"},
				"east": {"uv": [0, 11.99643, 11.50179, 0], "rotation": 180, "texture": "#1"},
				"south": {"uv": [0, 3.42857, 0, 0], "rotation": 180, "texture": "#1"},
				"west": {"uv": [11.50179, 11.99643, 0, 0], "rotation": 180, "texture": "#1"},
				"up": {"uv": [0, 0, 0, 3.42857], "rotation": 180, "texture": "#1"},
				"down": {"uv": [0, 3.42857, 0, 0], "rotation": 180, "texture": "#1"}
			}
		},
		{
			"from": [7.45, 8.4, 6.575],
			"to": [8.55, 8.4, 7.675],
			"rotation": {"angle": 0, "axis": "y", "origin": [7.45, 8.4, 6.575]},
			"faces": {
				"north": {"uv": [0, 0, 1, 0], "texture": "#2"},
				"east": {"uv": [0, 0, 1, 0], "texture": "#2"},
				"south": {"uv": [0, 0, 1, 0], "texture": "#2"},
				"west": {"uv": [0, 0, 1, 0], "texture": "#2"},
				"up": {"uv": [9, 13, 8, 12], "texture": "#2"},
				"down": {"uv": [8, 12, 9, 13], "texture": "#2"}
			}
		},
		{
			"from": [7.45, 10.4, 6.575],
			"to": [8.55, 10.4, 7.675],
			"rotation": {"angle": 0, "axis": "y", "origin": [7.45, 10.4, 6.575]},
			"faces": {
				"north": {"uv": [0, 0, 1, 0], "texture": "#2"},
				"east": {"uv": [0, 0, 1, 0], "texture": "#2"},
				"south": {"uv": [0, 0, 1, 0], "texture": "#2"},
				"west": {"uv": [0, 0, 1, 0], "texture": "#2"},
				"up": {"uv": [9, 13, 8, 12], "texture": "#2"},
				"down": {"uv": [8, 12, 9, 13], "texture": "#2"}
			}
		},
		{
			"from": [7.45, 12.4, 6.575],
			"to": [8.55, 12.4, 7.675],
			"rotation": {"angle": 0, "axis": "y", "origin": [7.45, 12.4, 6.575]},
			"faces": {
				"north": {"uv": [0, 0, 1, 0], "texture": "#2"},
				"east": {"uv": [0, 0, 1, 0], "texture": "#2"},
				"south": {"uv": [0, 0, 1, 0], "texture": "#2"},
				"west": {"uv": [0, 0, 1, 0], "texture": "#2"},
				"up": {"uv": [9, 13, 8, 12], "texture": "#2"},
				"down": {"uv": [8, 12, 9, 13], "texture": "#2"}
			}
		},
		{
			"from": [7.45, 13.075, 5.675],
			"to": [8.55, 13.075, 6.775],
			"rotation": {"angle": -45, "axis": "x", "origin": [7.45, 13.075, 5.675]},
			"faces": {
				"north": {"uv": [0, 0, 1, 0], "texture": "#2"},
				"east": {"uv": [0, 0, 1, 0], "texture": "#2"},
				"south": {"uv": [0, 0, 1, 0], "texture": "#2"},
				"west": {"uv": [0, 0, 1, 0], "texture": "#2"},
				"up": {"uv": [9, 13, 8, 12], "texture": "#2"},
				"down": {"uv": [8, 12, 9, 13], "texture": "#2"}
			}
		},
		{
			"from": [8, 6, 4.6],
			"to": [8, 14, 7.6],
			"rotation": {"angle": 0, "axis": "y", "origin": [8, 6, 4.6]},
			"faces": {
				"north": {"uv": [0, 0, 0, 8], "texture": "#2"},
				"east": {"uv": [3, 0, 0, 8], "texture": "#2"},
				"south": {"uv": [0, 0, 0, 8], "texture": "#2"},
				"west": {"uv": [0, 0, 3, 8], "texture": "#2"},
				"up": {"uv": [0, 3, 0, 0], "texture": "#2"},
				"down": {"uv": [0, 0, 0, 3], "texture": "#2"}
			}
		}
	],
	"gui_light": "front",
	"display": {
		"thirdperson_righthand": {
			"rotation": [16.5, 0, 0],
			"translation": [0, 4.5, 2.5],
			"scale": [1.28711, 1.28711, 1.28711]
		},
		"thirdperson_lefthand": {
			"rotation": [16.5, 0, 0],
			"translation": [0, 4.5, 2.5],
			"scale": [1.28711, 1.28711, 1.28711]
		},
		"firstperson_righthand": {
			"rotation": [-61.17, 8.64, -1.7],
			"translation": [-2, 6.5, 4.5],
			"scale": [0.77344, 0.77344, 0.77344]
		},
		"firstperson_lefthand": {
			"rotation": [-61.17, 8.64, -1.7],
			"translation": [-2, 6.5, 4.5],
			"scale": [0.77344, 0.77344, 0.77344]
		},
		"ground": {
			"rotation": [24.37, -12.62, 77.77],
			"translation": [0, 2.75, 1.75],
			"scale": [1.28711, 1.28711, 1.28711]
		},
		"gui": {
			"rotation": [90, -135, 90],
			"translation": [0.5, 0.5, -0.75],
			"scale": [1.12891, 1.12891, 1.12891]
		},
		"head": {
			"rotation": [90, 45, 90],
			"translation": [6.5, -12.75, 4.75],
			"scale": [1.5, 1.5, 1.5]
		},
		"fixed": {
			"rotation": [-90, 90, 90],
			"translation": [-0.5, 1.75, -2.75],
			"scale": [3.10547, 3.10547, 3.10547]
		}
	}
}