{"credit":"MadewithBlockbench","texture_size":[24,24],"textures":{"1":"darkworldpack:normal/sickle","2":"darkworldpack:normal/animation_1","particle":"darkworldpack:normal/animation_1"},"elements":[{"from":[7.5,14.2875,7],"to":[8.5,16.2875,9],"rotation":{"angle":-45,"axis":"x","origin":[8,15.2875,8]},"faces":{"north":{"uv":[5.33333,9.33333,6,10.66667],"texture":"#1"},"east":{"uv":[2.66667,8,4,9.33333],"texture":"#1"},"south":{"uv":[9.33333,5.33333,10,6.66667],"texture":"#1"},"west":{"uv":[4,8,5.33333,9.33333],"texture":"#1"},"up":{"uv":[6.66667,10.66667,6,9.33333],"texture":"#1"},"down":{"uv":[10,6.66667,9.33333,8],"texture":"#1"}}},{"from":[7.75,13.41765,7.83381],"to":[8.25,15.71765,10.13381],"rotation":{"angle":-45,"axis":"x","origin":[8,13.58384,8]},"faces":{"north":{"uv":[10.66667,11.33333,11,12.83333],"texture":"#1"},"east":{"uv":[2.66667,6,4.16667,7.5],"texture":"#1"},"south":{"uv":[11.33333,11.33333,11.66667,12.83333],"texture":"#1"},"west":{"uv":[4.66667,6,6.16667,7.5],"texture":"#1"},"up":{"uv":[2.33333,13.5,2,12],"texture":"#1"},"down":{"uv":[3,12,2.66667,13.5],"texture":"#1"}}},{"from":[7.3,14.4875,7.2],"to":[8.7,16.0875,8.8],"rotation":{"angle":-45,"axis":"x","origin":[9,15.2875,8]},"faces":{"north":{"uv":[8,5.33333,9,6.33333],"texture":"#1"},"east":{"uv":[8,6.66667,9,7.66667],"texture":"#1"},"south":{"uv":[8,8,9,9],"texture":"#1"},"west":{"uv":[2.66667,9.33333,3.66667,10.33333],"texture":"#1"},"up":{"uv":[5,10.33333,4,9.33333],"texture":"#1"},"down":{"uv":[10.33333,4,9.33333,5],"texture":"#1"}}},{"from":[7.586,15.93052,5.94994],"to":[8.414,16.75852,6.77794],"rotation":{"angle":-22.5,"axis":"x","origin":[8,14.73584,6.92467]},"faces":{"north":{"uv":[6,12.66667,6.5,13.16667],"texture":"#1"},"east":{"uv":[12.66667,6,13.16667,6.5],"texture":"#1"},"south":{"uv":[6.66667,12.66667,7.16667,13.16667],"texture":"#1"},"west":{"uv":[12.66667,6.66667,13.16667,7.16667],"texture":"#1"},"up":{"uv":[7.83333,13.16667,7.33333,12.66667],"texture":"#1"}}},{"from":[7.6688,16.22517,5.30213],"to":[8.3312,16.88757,5.96453],"rotation":{"angle":0,"axis":"x","origin":[8,14.73584,6.92467]},"faces":{"north":{"uv":[12.66667,4,13.16667,4.5],"texture":"#1"},"east":{"uv":[4.66667,12.66667,5.16667,13.16667],"texture":"#1"},"south":{"uv":[12.66667,4.66667,13.16667,5.16667],"texture":"#1"},"west":{"uv":[5.33333,12.66667,5.83333,13.16667],"texture":"#1"},"up":{"uv":[13.16667,5.83333,12.66667,5.33333],"texture":"#1"}}},{"from":[7.73504,16.10537,4.6521],"to":[8.26496,16.63529,5.18202],"rotation":{"angle":22.5,"axis":"x","origin":[8,14.73584,6.92467]},"faces":{"north":{"uv":[12.66667,7.33333,13,7.66667],"texture":"#1"},"east":{"uv":[8,12.66667,8.33333,13],"texture":"#1"},"south":{"uv":[12.66667,8,13,8.33333],"texture":"#1"},"west":{"uv":[8.66667,12.66667,9,13],"texture":"#1"},"up":{"uv":[13,9,12.66667,8.66667],"texture":"#1"}}},{"from":[7.525,14.25527,7.57805],"to":[8.475,15.20527,9.57805],"rotation":{"angle":45,"axis":"x","origin":[8,17.31616,8]},"faces":{"north":{"uv":[12,9.33333,12.66667,10],"texture":"#1"},"east":{"uv":[8,9.33333,9.33333,10],"texture":"#1"},"south":{"uv":[12,10,12.66667,10.66667],"texture":"#1"},"west":{"uv":[9.33333,8,10.66667,8.66667],"texture":"#1"},"up":{"uv":[10,10,9.33333,8.66667],"texture":"#1"},"down":{"uv":[0.66667,10,0,11.33333],"texture":"#1"}}},{"from":[7.525,14.25527,6.42195],"to":[8.475,15.20527,8.42195],"rotation":{"angle":-45,"axis":"x","origin":[8,17.31616,8]},"faces":{"north":{"uv":[12.66667,10,12,10.66667],"texture":"#1"},"east":{"uv":[9.33333,9.33333,8,10],"texture":"#1"},"south":{"uv":[12.66667,9.33333,12,10],"texture":"#1"},"west":{"uv":[10.66667,8,9.33333,8.66667],"texture":"#1"},"up":{"uv":[10,8.66667,9.33333,10],"texture":"#1"},"down":{"uv":[0.66667,11.33333,0,10],"texture":"#1"}}},{"from":[7.586,15.93052,9.22206],"to":[8.414,16.75852,10.05006],"rotation":{"angle":22.5,"axis":"x","origin":[8,14.73584,9.07533]},"faces":{"north":{"uv":[7.16667,12.66667,6.66667,13.16667],"texture":"#1"},"east":{"uv":[13.16667,6,12.66667,6.5],"texture":"#1"},"south":{"uv":[6.5,12.66667,6,13.16667],"texture":"#1"},"west":{"uv":[13.16667,6.66667,12.66667,7.16667],"texture":"#1"},"up":{"uv":[7.83333,12.66667,7.33333,13.16667],"texture":"#1"}}},{"from":[7.6688,16.22517,10.03547],"to":[8.3312,16.88757,10.69787],"rotation":{"angle":0,"axis":"x","origin":[8,14.73584,9.07533]},"faces":{"north":{"uv":[13.16667,4.66667,12.66667,5.16667],"texture":"#1"},"east":{"uv":[5.16667,12.66667,4.66667,13.16667],"texture":"#1"},"south":{"uv":[13.16667,4,12.66667,4.5],"texture":"#1"},"west":{"uv":[5.83333,12.66667,5.33333,13.16667],"texture":"#1"},"up":{"uv":[13.16667,5.33333,12.66667,5.83333],"texture":"#1"}}},{"from":[7.73504,16.10537,10.81798],"to":[8.26496,16.63529,11.3479],"rotation":{"angle":-22.5,"axis":"x","origin":[8,14.73584,9.07533]},"faces":{"north":{"uv":[13,8,12.66667,8.33333],"texture":"#1"},"east":{"uv":[8.33333,12.66667,8,13],"texture":"#1"},"south":{"uv":[13,7.33333,12.66667,7.66667],"texture":"#1"},"west":{"uv":[9,12.66667,8.66667,13],"texture":"#1"},"up":{"uv":[13,8.66667,12.66667,9],"texture":"#1"}}},{"from":[7.33,-6.8825,7.33],"to":[8.67,-5.5425,8.67],"rotation":{"angle":0,"axis":"y","origin":[7.33,-6.8825,7.33]},"faces":{"north":{"uv":[0.66667,10,1.5,10.83333],"texture":"#1"},"east":{"uv":[10,5.33333,10.83333,6.16667],"texture":"#1"},"south":{"uv":[10,6.66667,10.83333,7.5],"texture":"#1"},"west":{"uv":[8,10,8.83333,10.83333],"texture":"#1"},"up":{"uv":[10.83333,9.5,10,8.66667],"texture":"#1"},"down":{"uv":[10.16667,10,9.33333,10.83333],"texture":"#1"}}},{"from":[7.33,-0.8825,7.33],"to":[8.67,0.4575,8.67],"rotation":{"angle":0,"axis":"y","origin":[7.33,-6.8825,7.33]},"faces":{"north":{"uv":[2,10.66667,2.83333,11.5],"texture":"#1"},"east":{"uv":[3.33333,10.66667,4.16667,11.5],"texture":"#1"},"south":{"uv":[10.66667,4,11.5,4.83333],"texture":"#1"},"west":{"uv":[4.66667,10.66667,5.5,11.5],"texture":"#1"},"up":{"uv":[6.83333,11.5,6,10.66667],"texture":"#1"},"down":{"uv":[11.5,10,10.66667,10.83333],"texture":"#1"}}},{"from":[7.33,9.4425,7.33],"to":[8.67,10.7825,8.67],"rotation":{"angle":0,"axis":"y","origin":[7.33,-2.8825,7.33]},"faces":{"north":{"uv":[0,11.33333,0.83333,12.16667],"texture":"#1"},"east":{"uv":[11.33333,5.33333,12.16667,6.16667],"texture":"#1"},"south":{"uv":[11.33333,6.66667,12.16667,7.5],"texture":"#1"},"west":{"uv":[7.33333,11.33333,8.16667,12.16667],"texture":"#1"},"up":{"uv":[12.16667,8.83333,11.33333,8],"texture":"#1"},"down":{"uv":[9.5,11.33333,8.66667,12.16667],"texture":"#1"}}},{"from":[7.5,-5.5425,7.5],"to":[8.5,-0.8425,8.5],"rotation":{"angle":0,"axis":"y","origin":[6.83,-12.3725,6.83]},"faces":{"north":{"uv":[6.66667,4,7.33333,7.16667],"texture":"#1"},"east":{"uv":[7.33333,4,8,7.16667],"texture":"#1"},"south":{"uv":[6.66667,7.33333,7.33333,10.5],"texture":"#1"},"west":{"uv":[7.33333,7.33333,8,10.5],"texture":"#1"},"up":{"uv":[2.66667,10.66667,2,10],"texture":"#1"},"down":{"uv":[8,10.66667,7.33333,11.33333],"texture":"#1"}}},{"from":[7.5,-7.6125,7.5],"to":[8.5,-6.6125,8.5],"rotation":{"angle":45,"axis":"x","origin":[8,-7.1125,8]},"faces":{"north":{"uv":[10.66667,8,11.33333,8.66667],"texture":"#1"},"east":{"uv":[11.33333,9.33333,12,10],"texture":"#1"},"south":{"uv":[12,4,12.66667,4.66667],"texture":"#1"},"west":{"uv":[4.66667,12,5.33333,12.66667],"texture":"#1"},"up":{"uv":[12.66667,5.33333,12,4.66667],"texture":"#1"},"down":{"uv":[6,12,5.33333,12.66667],"texture":"#1"}}},{"from":[7.75,10.5466,7.1],"to":[8.25,12.3466,8.9],"rotation":{"angle":-45,"axis":"x","origin":[8,11.4466,8]},"faces":{"north":{"uv":[12,10.66667,12.33333,11.83333],"texture":"#1"},"east":{"uv":[8,4,9.16667,5.16667],"texture":"#1"},"south":{"uv":[12,12,12.33333,13.16667],"texture":"#1"},"west":{"uv":[5.33333,8,6.5,9.16667],"texture":"#1"},"up":{"uv":[0.33333,13.83333,0,12.66667],"texture":"#1"},"down":{"uv":[1,12.66667,0.66667,13.83333],"texture":"#1"}}},{"from":[7.755,11.60518,6.9],"to":[8.245,14.58018,9.1],"rotation":{"angle":0,"axis":"x","origin":[8,13.09268,8]},"faces":{"north":{"uv":[1.33333,11.33333,1.66667,13.33333],"texture":"#1"},"east":{"uv":[2.66667,4,4.16667,6],"texture":"#1"},"south":{"uv":[10,11.33333,10.33333,13.33333],"texture":"#1"},"west":{"uv":[4.66667,4,6.16667,6],"texture":"#1"},"up":{"uv":[3.66667,13.5,3.33333,12],"texture":"#1"},"down":{"uv":[4.33333,12,4,13.5],"texture":"#1"}}},{"from":[7.5,0.4575,7.5],"to":[8.5,9.4575,8.5],"rotation":{"angle":0,"axis":"y","origin":[6.83,-0.3725,6.83]},"faces":{"north":{"uv":[0,4,0.66667,10],"texture":"#1"},"east":{"uv":[0.66667,4,1.33333,10],"texture":"#1"},"south":{"uv":[1.33333,4,2,10],"texture":"#1"},"west":{"uv":[2,4,2.66667,10],"texture":"#1"},"up":{"uv":[6.66667,12.66667,6,12],"texture":"#1"},"down":{"uv":[7.33333,12,6.66667,12.66667],"texture":"#1"}}},{"from":[8,10,-5],"to":[8,16,15],"rotation":{"angle":0,"axis":"y","origin":[7,0,0]},"faces":{"north":{"uv":[0,0,0,4],"texture":"#1"},"east":{"uv":[13.33333,0,0,4],"texture":"#1"},"south":{"uv":[0,0,0,4],"texture":"#1"},"west":{"uv":[0,0,13.33333,4],"texture":"#1"},"up":{"uv":[0,13.33333,0,0],"texture":"#1"},"down":{"uv":[0,0,0,13.33333],"texture":"#1"}}},{"from":[7.45,11.9,4.5],"to":[7.45,18.9,11.5],"rotation":{"angle":0,"axis":"y","origin":[8.5,4.6,6]},"faces":{"north":{"uv":[0,0,0,4.66667],"texture":"#2"},"south":{"uv":[0,0,0,4.66667],"texture":"#2"},"west":{"uv":[0,0,14.25,13.66667],"texture":"#2"},"up":{"uv":[0,4.66667,0,0],"texture":"#2"},"down":{"uv":[0,0,0,4.66667],"texture":"#2"}}},{"from":[8.55,11.9,4.5],"to":[8.55,18.9,11.5],"rotation":{"angle":0,"axis":"y","origin":[7.5,4.6,6]},"faces":{"north":{"uv":[0,0,0,4.66667],"texture":"#2"},"east":{"uv":[14.25,0,0,13.66667],"texture":"#2"},"south":{"uv":[0,0,0,4.66667],"texture":"#2"},"up":{"uv":[0,4.66667,0,0],"texture":"#2"},"down":{"uv":[0,0,0,4.66667],"texture":"#2"}}}],"gui_light":"front","display":{"thirdperson_righthand":{"translation":[0,3.25,1.75]},"thirdperson_lefthand":{"translation":[0,3.25,1.75]},"firstperson_righthand":{"rotation":[-10.91,-1.44,7.37],"translation":[0.75,4.25,0]},"firstperson_lefthand":{"rotation":[-10.91,-1.44,7.37],"translation":[0.75,4.25,0]},"ground":{"rotation":[0,0,78],"translation":[-1.25,-1,0.5],"scale":[0.7832,0.7832,0.7832]},"gui":{"rotation":[90,-135,90],"translation":[-0.5,0.25,-0.75],"scale":[0.61641,0.61641,0.61641]},"head":{"scale":[0,0,0]},"fixed":{"rotation":[0,90,0],"translation":[1.25,5.25,-1.75],"scale":[1.76094,1.76094,1.76094]}}}